trade_date,open,high,low,close,volume,amount,vol,ma20,ma60,ma200,ma5_vol,ma20_vol,atr10,atr20,dif,dea,macd_bar,plus_di,minus_di,adx,ret_20d
20241216,1.021,1.023,0.993,0.998,1802391.66,181577.558,1802391.66,,,,,,,,0.0,0.0,0.0,,,,
20241217,0.998,1.003,0.974,0.974,757546.32,74783.908,757546.32,,,,,,,,-0.0019145299145298,-0.0003829059829059,-0.0030632478632478,,,,
20241218,0.981,1.004,0.958,0.996,673984.19,66414.032,673984.19,,,,,,,,-0.0016377139795943,-0.0006338675822436,-0.0020076927947013,,,,
20241219,0.983,1.028,0.98,1.023,3154986.73,320703.656,3154986.73,,,,,,,,0.0007516741629288,-0.0003567592332091,0.002216866792276,,,,
20241220,1.023,1.055,1.012,1.034,1904558.71,197217.267,1904558.71,,,,1658693.522,,,,0.003492628700086,0.0004131183534498,0.0061590206932723,,,,
20241223,1.034,1.043,1.008,1.013,849137.59,87101.217,849137.59,,,,1468042.708,,,,0.0039250844918747,0.0011155115811348,0.0056191458214798,,,,
20241224,1.016,1.019,0.983,1.007,1042500.38,103927.615,1042500.38,,,,1525033.52,,,,0.0037405403459329,0.0016405173340944,0.0042000460236769,,,,
20241225,1.001,1.005,0.987,0.993,957622.87,95378.406,957622.87,,,,1581761.256,,,,0.0024365181193868,0.0017997174911529,0.0012736012564677,,,,
20241226,0.995,1.036,0.993,1.031,1275587.89,130346.503,1275587.89,,,,1205881.488,,,,0.0044184207268576,0.0023234581382938,0.0041899251771274,,,,
20241227,1.034,1.042,1.014,1.02,995263.09,102552.759,995263.09,,,,1024022.364,,,,0.0050433481745699,0.0028674361455491,0.0043518240580417,,,,
20241230,1.028,1.028,0.998,1.008,890817.44,90154.495,890817.44,,,,1032358.334,,0.0357999999999999,,0.0045182246857455,0.0031975938535884,0.0026412616643143,,,,
20241231,1.009,1.011,0.959,0.964,2137857.0,209452.142,2137857.0,,,,1251429.658,,0.0380999999999999,,0.0005453418989371,0.0026671434626581,-0.0042436031274419,,,,
20250102,0.961,0.962,0.914,0.928,1417998.32,133485.911,1417998.32,,,,1343504.748,,0.0384999999999999,,-0.0054453251494047,0.0010446497402455,-0.0129799497793006,,,,
20250103,0.932,0.933,0.888,0.89,1313684.17,119113.031,1313684.17,,,,1351124.004,,0.0381999999999999,,-0.0131081517525284,-0.0017859105583092,-0.0226444823884384,,,,
20250106,0.891,0.907,0.87,0.882,860417.91,76441.073,860417.91,,,,1324154.968,,0.0375999999999999,,-0.0196005868204739,-0.0053488458107421,-0.0285034820194635,16.236162361623638,38.37638376383767,,
20250107,0.885,0.916,0.885,0.916,1397781.05,126095.283,1397781.05,,,,1425547.69,,0.0374999999999999,,-0.021751633248973,-0.0086294032983883,-0.0262444599011693,17.7330895795247,34.552102376599656,,
20250108,0.899,0.92,0.875,0.911,1385367.57,124341.584,1385367.57,,,,1275049.804,,0.0384,,-0.0235879045733072,-0.0116211035533721,-0.0239336020398703,17.765567765567788,33.51648351648354,,
20250109,0.909,0.921,0.902,0.91,838775.46,76628.881,838775.46,,,,1159205.232,,0.0383,,-0.0248375427382608,-0.0142643913903498,-0.021146302695822,14.313346228239862,35.396518375241804,,
20250110,0.908,0.913,0.872,0.873,1027579.21,91620.356,1027579.21,,,,1101984.24,,0.0381,,-0.0284851220100819,-0.0171085375142962,-0.0227531689915712,9.12621359223304,41.359223300970896,,
20250113,0.858,0.881,0.85,0.869,921660.18,79836.397,921660.18,0.962,,,1114232.694,1280275.887,0.0384,,-0.0313373835819065,-0.0199543067278183,-0.0227661537081763,9.197651663405118,45.20547945205482,,
20250114,0.873,0.925,0.867,0.925,1717331.25,155422.674,1717331.25,0.95835,,,1178142.734,1276022.8665,0.0412,0.0384999999999999,-0.0287477038039126,-0.0217129861430372,-0.0140694353217509,17.07317073170735,38.649155722326455,,-7.314629258517025
20250115,0.925,0.925,0.911,0.914,786272.45,72071.014,786272.45,0.95535,,,1058323.71,1277459.173,0.0374,0.03775,-0.0272686361282319,-0.0228241161400761,-0.0088890399763115,17.267552182163218,39.08918406072106,,-6.160164271047219
20250116,0.924,0.95,0.922,0.943,1387449.51,130106.666,1387449.51,0.9527,,,1168058.52,1313132.439,0.036,0.0372499999999999,-0.0234856784207528,-0.0229564285962114,-0.0010584996490827,16.346153846153836,39.61538461538462,,-5.3212851405622486
20250117,0.936,0.95,0.926,0.94,1119409.1,105061.22,1119409.1,0.94855,,,1186424.498,1211353.5575,0.0339,0.0360499999999999,-0.0204934958474203,-0.0224638420464532,0.0039406923980658,15.310077519379837,39.92248062015505,,-8.113391984359719
20250120,0.95,0.966,0.944,0.955,1077012.11,102959.101,1077012.11,0.9446,,,1217494.884,1169976.2275,0.0328,0.0351999999999999,-0.0167190679526734,-0.0213148872276972,0.0091916385500477,18.554687499999993,37.109375000000014,,-7.640232108317225
20250121,0.972,0.981,0.958,0.978,1438432.42,139737.961,1438432.42,0.94285,,,1161715.118,1199440.969,0.032,0.0347499999999999,-0.0117366065769866,-0.0193992310975551,0.0153252490411371,22.633744855967073,31.06995884773663,,-3.455083909180645
20250122,0.976,1.004,0.976,0.993,1528879.0,151851.766,1528879.0,0.94215,,,1310236.4279999998,1223759.9,0.0303,0.03435,-0.0065026370481495,-0.016819912287674,0.0206345504790489,28.663793103448263,22.844827586206907,,-1.3902681231380276
20250123,1.008,1.03,0.983,0.984,1533284.26,154127.745,1533284.26,0.9417,,,1339403.378,1252542.9695,0.0331,0.0357,-0.0030457932628993,-0.0140650884827191,0.0220385904396395,34.12017167381973,17.167381974248936,38.06036864164308,-0.9063444108761364
20250124,0.982,1.023,0.976,1.023,1393998.33,140540.224,1393998.33,0.9413,,,1394321.2240000002,1258463.4915,0.0336999999999999,0.0359,0.0028083811359479,-0.0106903945589856,0.0269975513898672,33.403361344537814,14.49579831932774,37.98416461807063,-0.7759456838021372
20250127,1.038,1.048,0.972,0.974,2346308.88,232571.074,2346308.88,0.939,,,1648180.5780000002,1326015.781,0.0382,0.0383,0.0034541487574272,-0.0078614858957031,0.0226312693062606,33.783783783783804,13.32046332046333,38.78950681685545,-4.509803921568634
20250205,0.991,0.994,0.964,0.981,1531195.31,149269.923,1531195.31,0.93765,,,1666733.156,1358034.6745,0.0354,0.0383,0.0044791330904103,-0.0053933620984804,0.0197449903777815,34.79125248508949,13.320079522862832,39.78335063537459,-2.67857142857143
20250206,0.975,1.021,0.971,1.014,1861377.08,186121.847,1861377.08,0.94015,,,1733232.772,1344210.6785,0.0389999999999999,0.0382,0.0078636178744807,-0.0027419661038881,0.0212111679567378,37.64044943820225,12.54681647940076,40.32531839524118,5.186721991701249
20250207,1.017,1.071,1.015,1.048,2271669.37,237883.031,2271669.37,0.94615,,,1880909.794,1386894.231,0.0410999999999999,0.03855,0.0131379165756815,0.0004340104320257,0.0254078122873115,45.63636363636366,6.727272727272735,41.07241851734131,12.93103448275863
20250210,1.061,1.08,1.057,1.08,1453396.28,155344.524,1453396.28,0.95565,,,1892789.384,1393879.8365,0.0419,0.0379,0.0196731885885802,0.0042818460633366,0.0307826850504871,47.18693284936484,2.722323049001817,42.70840842671253,21.34831460674158
20250211,1.074,1.085,1.056,1.061,1518813.39,162270.584,1518813.39,0.9646,,,1727290.2859999998,1426799.6105,0.0421999999999999,0.0375,0.0230535505520925,0.0080361869610878,0.0300347271820094,42.33716475095789,2.8735632183908084,46.17752248904693,20.29478458049885
20250212,1.051,1.086,1.051,1.086,1234658.62,132626.932,1234658.62,0.9731,,,1667982.948,1418643.489,0.0431,0.03755,0.0274335657593789,0.011915662720746,0.0310358060772657,40.69981583793741,3.6832412523020506,49.36909041090531,18.558951965065496
20250213,1.086,1.089,1.051,1.055,1441334.69,153594.109,1441334.69,0.9803,,,1583974.47,1421441.845,0.0441,0.0372,0.0280796339045819,0.0151484569575132,0.0258623538941373,36.51376146788992,3.669724770642225,52.23726211116286,15.806805708013162
20250214,1.052,1.082,1.047,1.079,1198710.11,128141.742,1198710.11,0.98875,,,1369382.618,1439438.5775,0.0429,0.038,0.0301803467373811,0.0181548349134868,0.0240510236477886,35.79136690647481,4.316546762589949,54.659685883598435,18.571428571428573
20250217,1.096,1.117,1.088,1.105,1564200.28,172602.567,1564200.28,1.00035,,,1391543.418,1466269.631,0.042,0.03785,0.0335563428686354,0.0212351365045165,0.0246424127282377,38.38028169014082,4.225352112676077,58.004825592374495,26.5750286368843
20250218,1.102,1.105,1.056,1.06,1806256.13,194639.372,1806256.13,1.0099,,,1449031.966,1510499.4285,0.0393,0.03875,0.032229202027098,0.0234339496090328,0.0175905048361303,34.34856175972926,9.47546531302879,60.936821627818794,21.97928653624857
20250219,1.06,1.086,1.05,1.085,1642163.36,176256.045,1642163.36,1.0179,,,1530532.914,1506741.0340000002,0.0399,0.03765,0.0328164369572085,0.0253104470786679,0.0150119797570812,30.05008347245407,10.350584307178655,63.612768731304875,17.2972972972973
20250220,1.079,1.097,1.07,1.09,1411303.47,152941.453,1411303.47,1.0267,,,1524526.6700000002,1537992.585,0.0376,0.0383,0.0333014052134807,0.0269086387056305,0.0127855330157004,28.497409326424833,10.708117443868767,64.49277273371686,19.256017505470457
20250221,1.102,1.163,1.094,1.159,1831040.24,207293.311,1831040.24,1.0375,,,1650992.696,1560172.1215,0.0392,0.04015,0.0388061364089822,0.0292881382463008,0.0190359963253626,38.18181818181816,9.090909090909117,66.0688282571408,22.90562036055144
20250224,1.162,1.162,1.13,1.143,1788071.22,204793.116,1788071.22,1.04765,,,1695766.884,1593605.2275,0.0392,0.04055,0.0414003715460957,0.0317105849062598,0.0193795732796718,36.72014260249549,9.803921568627478,67.0982413413871,21.59574468085108
20250225,1.118,1.144,1.101,1.123,1596052.15,179314.441,1596052.15,1.0560500000000002,,,1653726.088,1619557.2295,0.0406,0.0414,0.0413656512512863,0.0336415981752651,0.0154481061520423,35.88850174216024,13.240418118466913,67.2033264561434,17.591623036649228
20250226,1.124,1.141,1.109,1.14,1713219.15,193129.192,1713219.15,1.0641500000000002,,,1667937.2459999998,1633296.566,0.0403,0.0417,0.0422231706641702,0.0353579126730461,0.0137305159822481,32.194244604316516,13.669064748201452,66.51705194633946,16.564417177914102
20250227,1.14,1.146,1.09,1.111,2116904.6,235414.324,2116904.6,1.07005,,,1809057.472,1662697.846,0.0420999999999999,0.0430999999999999,0.0401004503105704,0.036306420200551,0.0075880602200387,23.24324324324321,17.117117117117115,62.29369593726917,11.883182275931524
20250228,1.09,1.094,1.026,1.032,2515219.23,265511.267,2515219.23,1.07245,,,1945893.27,1711794.5945,0.0470999999999999,0.0449999999999999,0.0316783708277148,0.0353808103259837,-0.0074048789965378,19.736842105263104,26.151315789473696,56.92852347532253,4.878048780487809
20250303,1.037,1.047,1.012,1.024,1700911.92,175668.365,1700911.92,1.0725,,,1928461.41,1727140.2740000002,0.0467999999999999,0.0443999999999999,0.024080691793253,0.0331207866194376,-0.0180801896523692,18.729641693811043,28.17589576547233,52.13214871072743,0.0977517106549363
20250304,1.0,1.048,1.0,1.044,1736320.71,178314.712,1736320.71,1.076,,,1956515.122,1696640.8655,0.0466999999999999,0.0429999999999999,0.0194491120164723,0.0303864516988445,-0.0218746793647444,18.341307814991996,28.708133971291865,47.74867790205093,7.186858316221767
20250305,1.048,1.072,1.045,1.069,1546962.75,164008.055,1546962.75,1.0804,,,1923263.842,1697429.2375,0.0458999999999999,0.0428999999999999,0.0175930411142486,0.0278277695819254,-0.0204694569353535,22.042139384116684,29.173419773095628,42.90502724601949,8.970438328236497
20250306,1.08,1.118,1.078,1.108,2468756.27,270952.908,2468756.27,1.0851,,,1993634.176,1727798.197,0.0480999999999999,0.04285,0.0190494751240248,0.0260721106903452,-0.0140452711326408,28.84310618066561,27.892234548335978,37.41935876964531,9.270216962524657
20250307,1.108,1.112,1.081,1.089,1461281.54,160537.305,1461281.54,1.08715,,,1782846.6379999998,1687278.8055,0.0439,0.04155,0.0184577983496441,0.024549248222205,-0.0121828997451218,23.557692307692317,28.2051282051282,32.3345758351579,3.912213740458004
20250310,1.088,1.09,1.067,1.077,1422929.55,153145.561,1422929.55,1.087,,,1727250.164,1685755.469,0.043,0.0411,0.016826623687669,0.0230047233152978,-0.0123561992552575,24.581939799331103,26.42140468227423,28.538133022321656,-0.2777777777777879
20250311,1.051,1.079,1.04,1.079,1229393.58,130939.125,1229393.58,1.0879,,,1625864.738,1671284.4785,0.0426,0.0416,0.0155164256056354,0.0215070637733653,-0.0119812763354598,24.459234608985028,29.783693843593984,25.756391618159732,1.6965127238454336
20250312,1.09,1.108,1.083,1.085,1328065.83,145751.034,1328065.83,1.08785,,,1582085.354,1675954.839,0.0423,0.0413,0.0147917242524109,0.0201639958691745,-0.0107445432335271,27.36318407960202,29.68490878938636,22.806057196920698,-0.0920810313075559
20250313,1.083,1.089,1.052,1.064,1353572.02,144336.994,1353572.02,1.0883,,,1359048.504,1671566.7055,0.0404,0.04125,0.0123801579585465,0.0186072282870489,-0.0124541406570047,17.460317460317487,37.03703703703698,20.976333522536823,0.8530805687203991
20250314,1.06,1.09,1.052,1.088,1684853.23,181475.012,1684853.23,1.08875,,,1403762.8420000002,1695873.8615,0.0357,0.0414,0.0122641996604071,0.0173386225617205,-0.0101488458026268,17.452006980802842,36.64921465968581,19.37843815378494,0.8341056533827773
20250317,1.09,1.098,1.084,1.09,784277.25,85584.86,784277.25,1.088,,,1276032.382,1656877.71,0.0336,0.0402,0.0121931303423732,0.016309524117851,-0.0082327875509557,19.852941176470637,33.27205882352936,17.889882781698677,-1.3574660633484117
20250318,1.097,1.107,1.086,1.104,1091645.03,119932.068,1091645.03,1.0902,1.0207,,1248482.6719999998,1621147.155,0.0309,0.0388,0.0131153053172199,0.0156706803577248,-0.0051107500810098,21.951219512195156,33.9587242026266,16.538765153439314,4.150943396226414
20250319,1.093,1.097,1.072,1.078,1354930.16,146927.752,1354930.16,1.08985,1.0220333333333331,,1253855.538,1606785.495,0.0313,0.0386,0.0116142708352084,0.0148593984532215,-0.0064902552360261,22.98624754420435,34.577603143418436,16.892904249350714,-0.6451612903225712
20250320,1.077,1.081,1.062,1.063,944863.06,101128.479,944863.06,1.0885,1.0235166666666666,,1172113.746,1583463.4745,0.0283,0.0382,0.0091093091090146,0.0137093805843802,-0.0092001429507311,26.410835214446987,27.539503386004473,16.043872505461344,-2.4770642201835003
20250321,1.057,1.058,1.029,1.03,1721682.08,178987.775,1721682.08,1.0820500000000002,1.0240833333333332,,1179479.516,1577995.5665000002,0.0286,0.03625,0.0044104438351133,0.0118495932345268,-0.0148782987988269,26.47058823529414,31.900452488687765,15.269832269211792,-11.13028472821398
20250324,1.027,1.032,0.998,1.023,1756769.01,178166.784,1756769.01,1.07605,1.0240833333333332,,1373977.868,1576430.4559999998,0.0296999999999999,0.03635,0.0001203306565853,0.0095037407189385,-0.0187668201247063,27.336448598130865,37.38317757009341,14.804801369132235,-10.498687664042006
20250325,1.023,1.027,0.986,0.988,1763931.19,176581.315,1763931.19,1.0693,1.0233166666666669,,1508435.1,1584824.408,0.0298999999999999,0.03625,-0.0060342632087182,0.0063961399334071,-0.0248608062842508,21.088435374149693,39.0022675736961,15.939606377832623,-12.021371326803209
20250326,0.988,1.003,0.988,0.991,1005493.07,100199.886,1005493.07,1.06185,1.02295,,1438547.682,1549438.104,0.0284999999999999,0.0354,-0.0105481556877029,0.0030072808091851,-0.0271108729937762,11.547911547911584,42.26044226044224,19.896866943342967,-13.070175438596488
20250327,0.987,1.002,0.978,0.987,1458830.01,144262.299,1458830.01,1.0556500000000002,1.0226166666666667,,1541341.072,1516534.3745000002,0.0271999999999999,0.0338,-0.0142835625508652,-0.0004508878628249,-0.0276653493760806,11.75000000000004,45.49999999999999,23.46641243563779,-11.161116111611156
20250328,0.987,0.998,0.982,0.982,875653.01,86603.057,875653.01,1.05315,1.0224333333333333,,1372135.258,1434556.0635,0.0249999999999999,0.03035,-0.0174462481268371,-0.0038499599156273,-0.0271925764224195,11.959287531806662,42.74809160305344,27.22873474923726,-4.844961240310086
20250331,0.971,0.988,0.958,0.986,1242120.0,120439.768,1242120.0,1.05125,1.0216833333333333,,1269205.456,1411616.4675,0.0265999999999999,0.0301,-0.0194062297247998,-0.0069612138774618,-0.024890031694676,12.239583333333377,42.96875000000002,30.50333663768334,-3.7109375
20250401,0.987,0.99,0.973,0.975,1083656.29,106307.559,1083656.29,1.0478,1.0209333333333332,,1133150.476,1378983.2465,0.0261999999999999,0.02855,-0.0215981671052574,-0.0098886045230209,-0.0234191251644728,5.376344086021514,44.35483870967746,35.81109456172034,-6.609195402298851
20250402,0.972,0.992,0.971,0.981,1367143.03,134511.063,1367143.03,1.0434,1.0204833333333334,,1205480.468,1369992.2605,0.0250999999999999,0.0282,-0.0225907315246443,-0.0124290299233456,-0.0203234032025973,5.617977528089895,37.640449438202296,38.53278341378368,-8.231992516370434
20250403,0.967,0.98,0.948,0.959,1518053.5,146360.458,1518053.5,1.03595,1.0204,,1217325.166,1322457.122,0.0265,0.0274,-0.0248659232318602,-0.0149164085850485,-0.0198990292936232,5.413105413105389,44.72934472934478,41.59887055245149,-13.447653429602902
20250407,0.902,0.902,0.77,0.792,3416438.34,284250.802,3416438.34,1.0211,1.0181333333333331,,1725482.232,1420214.9619999998,0.0419999999999999,0.0353,-0.0396870458146436,-0.0198705360309675,-0.0396330195673521,2.0912547528516927,63.688212927756695,46.48330647574976,-27.27272727272727
20250408,0.801,0.829,0.779,0.803,3514585.06,282059.592,3514585.06,1.0074,1.0166833333333334,,2179975.244,1524797.7375,0.0435999999999999,0.0366499999999999,-0.0499692695383098,-0.025890282732436,-0.0481579736117475,0.3603603603603607,60.36036036036039,52.007345498086046,-25.44103992571959
20250409,0.777,0.836,0.752,0.828,3294879.17,264025.6,3294879.17,0.99485,1.0157833333333333,,2622219.8200000003,1628072.017,0.0478999999999999,0.0388999999999999,-0.0554613904666716,-0.0318045042792831,-0.0473137723747769,0.3294892915980235,57.33113673805605,57.630247218501175,-23.26227988878591
20250410,0.863,0.888,0.855,0.856,2461977.0,214371.833,2461977.0,0.9834,1.0147833333333334,,2841186.614,1684767.5754999998,0.0524,0.0404499999999999,-0.0568986773425485,-0.0368233388919362,-0.0401506769012245,8.333333333333343,52.160493827160515,62.65574217440345,-21.105990783410135
20250411,0.84,0.882,0.84,0.87,1405004.01,121338.104,1405004.01,0.9737,1.0141,,2818576.716,1687339.175,0.0542,0.0406999999999999,-0.0562595297114828,-0.0407105770558455,-0.0310979053112746,8.231707317073178,48.78048780487804,67.07150425090425,-18.23308270676692
20250414,0.891,0.897,0.876,0.879,1407318.03,124584.632,1407318.03,0.96325,1.0135833333333335,,2416752.654,1673462.415,0.0553,0.0401499999999999,-0.0543996900608019,-0.0434483996568368,-0.0219025808079301,10.631741140215729,44.53004622496149,70.3521505553692,-19.209558823529417
20250415,0.874,0.884,0.865,0.875,1540865.61,134218.077,1540865.61,0.9525,1.0136166666666666,,2022008.764,1711291.833,0.0542,0.0403999999999999,-0.0526416995645612,-0.0452870596383817,-0.014709279852359,11.004784688995226,45.93301435406699,72.60452320254129,-19.72477064220184
20250416,0.869,0.869,0.842,0.857,1282716.0,109722.907,1282716.0,0.9401499999999998,1.0134166666666666,,1619576.13,1720845.3815,0.0558,0.0409999999999999,-0.0521003486109303,-0.0466497174328914,-0.0109012623560778,10.697674418604658,48.21705426356589,73.07642212793698,-22.373188405797105
20250417,0.848,0.869,0.846,0.853,1300665.01,111777.477,1300665.01,0.9289,1.0122166666666663,,1387313.732,1718132.1239999998,0.056,0.0405499999999999,-0.0514015654009811,-0.0476000870265093,-0.0076029567489435,10.714285714285724,46.7391304347826,73.3443319591656,-20.871985157699445
20250418,0.854,0.862,0.85,0.858,811865.55,69457.14,811865.55,0.91865,1.011283333333333,,1268686.04,1711482.2485,0.0539,0.0402,-0.0498694524541436,-0.0480539601120362,-0.0036309846842147,10.781250000000009,47.03125,73.8031628831128,-19.285042333019753
20250421,0.86,0.883,0.851,0.883,1062523.0,92609.271,1062523.0,0.9113,1.0102833333333334,,1199727.034,1678524.2945,0.0382,0.0401,-0.0461064642199644,-0.0476644609336218,0.0031159934273148,14.018691588785057,43.14641744548287,73.46697010565738,-14.271844660194176
20250422,0.88,0.881,0.867,0.871,953653.0,83085.163,953653.0,0.9037,1.0091333333333334,,1082284.512,1638368.4940000002,0.0348,0.0392,-0.0435900892305651,-0.0468495865930105,0.0065189947248907,13.728549141965688,43.21372854914196,71.56714464418808,-14.85826001955034
20250423,0.883,0.903,0.876,0.895,1966364.5,174611.298,1966364.5,0.8990500000000001,1.008133333333333,,1219014.2119999998,1648490.1595,0.0296,0.03875,-0.0392072872960722,-0.0453211267336229,0.0122276788751012,16.87116564417179,42.48466257668711,69.36189326950148,-9.412955465587036
20250424,0.89,0.89,0.866,0.869,1526537.0,133518.185,1526537.0,0.8929500000000001,1.0063166666666667,,1264188.61,1674542.356,0.0265,0.03945,-0.0374007354978674,-0.0437370484864718,0.0126726259772086,16.97530864197532,40.740740740740726,66.70242038944035,-12.310797174571142
20250425,0.878,0.891,0.874,0.881,1293706.54,114396.747,1293706.54,0.88765,1.00445,,1360556.808,1666286.1825,0.0245,0.03935,-0.0346018617471615,-0.0419100111386097,0.0146162987828964,23.07692307692309,17.87941787941789,60.92018730607173,-10.739614994934144
20250428,0.886,0.888,0.873,0.875,1074909.0,94504.9,1074909.0,0.8823000000000001,1.0026333333333333,,1363034.008,1676248.982,0.0233,0.0393,-0.032493321210316,-0.040026673152951,0.01506670388527,24.887892376681624,19.50672645739911,54.72791271617103,-10.89613034623218
20250429,0.873,0.885,0.865,0.882,728228.0,64053.148,728228.0,0.8770999999999999,1.0002833333333334,,1317949.008,1650554.382,0.0234,0.0388,-0.0299126319440089,-0.0380038649111626,0.0161824659343073,29.05759162303665,17.801047120418847,49.38257010985477,-10.547667342799183
20250430,0.886,0.906,0.88,0.904,1156228.11,104069.744,1156228.11,0.87355,0.9991166666666668,,1155921.73,1654182.973,0.0227,0.03925,-0.025794853949677,-0.0355620627188655,0.0195344175383768,22.988505747126435,19.54022988505747,44.78679357530272,-7.282051282051283
20250506,0.917,0.943,0.916,0.941,1251686.06,116664.539,1251686.06,0.8715499999999998,0.99845,,1100951.542,1648410.1245000002,0.0243,0.04015,-0.0193231492082526,-0.0323142800167429,0.0259822616169806,33.913043478260846,15.362318840579714,42.39565530181151,-4.07747196738023
20250507,0.956,0.97,0.922,0.933,1643700.0,154333.93,1643700.0,0.8702500000000001,0.9971,,1170950.234,1654692.4495,0.0279,0.0409,-0.0146706950751337,-0.028785563028421,0.0282297359065746,35.245901639344254,14.480874316939898,40.98892157265159,-2.7111574556829887
20250508,0.929,0.962,0.929,0.959,1804513.0,171702.343,1804513.0,0.8786000000000002,0.9956166666666668,,1316871.034,1574096.1825,0.0279999999999999,0.0331,-0.0087843484457655,-0.0247853201118899,0.0320019433322488,33.94736842105263,11.05263157894738,40.24125408460374,21.085858585858585
20250509,0.95,0.955,0.938,0.941,1032009.0,97505.305,1032009.0,0.8855000000000001,0.9933,,1377627.234,1449967.3795000005,0.0284999999999999,0.03165,-0.0055083293094142,-0.0209299219513948,0.0308431852839611,35.05434782608696,5.1630434782608745,41.00126221303293,17.18555417185552
20250512,0.955,0.96,0.947,0.96,1169906.0,111509.26,1169906.0,0.8921000000000001,0.9916166666666668,,1380362.8120000002,1343718.721,0.0271999999999999,0.0284,-0.0013632051506271,-0.0170165785912413,0.0313067468812283,36.813186813186825,5.219780219780225,41.891311926612055,15.94202898550725
20250513,0.974,0.976,0.952,0.954,1629237.11,156906.09,1629237.11,0.8969999999999999,0.9894166666666666,,1455873.022,1302081.7265,0.0266999999999999,0.0266,0.0014213018700821,-0.0133290024989766,0.0295006087381175,39.8936170212766,5.053191489361707,42.94931836923388,11.448598130841114
20250514,0.958,0.975,0.957,0.965,1117557.04,107990.048,1117557.04,0.9017499999999998,0.9879166666666668,,1350644.43,1287709.378,0.0265999999999999,0.02555,0.0044641913949103,-0.0097703637201992,0.0284691102302192,35.342465753424655,5.205479452054799,44.61865021567745,10.919540229885062
20250515,0.965,0.965,0.929,0.931,1404247.0,131989.279,1404247.0,0.90435,0.98545,,1270591.23,1287555.8265,0.0286999999999999,0.026,0.0040850969611444,-0.0069992715839304,0.0221687370901498,33.50649350649352,12.207792207792194,44.247942156613234,5.9158134243458615
20250516,0.926,0.943,0.923,0.936,862711.0,80805.137,862711.0,0.9074,0.9826333333333334,,1236731.63,1253648.096,0.0286999999999999,0.0260499999999999,0.0041403922399757,-0.0047713388191492,0.0178234621182499,28.686327077747997,14.209115281501331,43.576338243730255,6.971428571428584
20250519,0.931,0.933,0.919,0.929,771945.29,71488.711,771945.29,0.911,0.98045,,1157139.488,1228109.5605,0.0277999999999999,0.0252499999999999,0.0035781262363253,-0.0031014458080543,0.0133591440887593,29.639889196675913,13.019390581717442,43.41809312750195,8.401400233372236
20250520,0.929,0.938,0.92,0.933,694217.0,64459.064,694217.0,0.915,0.9779166666666668,,970135.466,1197787.16,0.0256999999999999,0.0249999999999999,0.0034159163903162,-0.0017979733683802,0.0104277795173928,31.092436974789916,13.165266106442571,45.404948397785866,9.378663540445498
20250521,0.932,0.933,0.922,0.927,498001.19,46113.313,498001.19,0.91845,0.9752,,846224.2960000001,1182093.942,0.0219999999999999,0.0249499999999999,0.0027712686033825,-0.0008841249740276,0.0073107871548203,31.444759206798867,13.031161473087812,47.496381380938594,8.041958041958042
20250522,0.922,0.933,0.918,0.923,703951.08,65230.142,703951.08,0.92045,0.9712666666666668,,706165.1120000001,1164165.346,0.0201999999999999,0.0240999999999999,0.0019155329457747,-0.0003241933900671,0.0044794526716838,31.89655172413793,12.068965517241372,49.00178801286511,4.530011325028327
20250523,0.923,0.924,0.901,0.902,1333335.0,121544.548,1333335.0,0.922,0.96725,,800289.9120000001,1183149.446,0.0203999999999999,0.0244499999999999,-0.0004519583295108,-0.0003497463779559,-0.0002044239031098,26.08695652173912,17.10144927536232,49.90873522853716,3.559127439724463
20250526,0.901,0.916,0.901,0.916,753156.0,68530.805,753156.0,0.92305,0.9638,,796532.0540000001,1122489.021,0.0199999999999999,0.0235999999999999,-0.0011848707722045,-0.0005167712568056,-0.0013361990307977,16.51090342679127,18.38006230529595,47.60231265950955,2.346368715083802
20250527,0.911,0.912,0.895,0.901,879770.0,79179.954,879770.0,0.92465,0.9598166666666668,,833642.6540000001,1090150.671,0.0196999999999999,0.0231999999999999,-0.0029421683182214,-0.0010018506690888,-0.0038806352982653,8.843537414965962,22.10884353741496,47.680805595145344,3.682393555811281
20250528,0.904,0.911,0.899,0.905,3082582.0,279456.543,3082582.0,0.92585,0.9563833333333333,,1350558.816,1179594.444,0.0187999999999999,0.0226999999999999,-0.0039663510871154,-0.0015947507526941,-0.0047432006688425,9.523809523809495,23.809523809523796,47.10794487190869,2.724177071509648
20250529,0.908,0.93,0.908,0.93,1161214.08,107077.766,1161214.08,0.9286,0.9546833333333332,,1442011.416,1183909.698,0.0176999999999999,0.0231999999999999,-0.0027292709079056,-0.0018216547837364,-0.0018152322483384,16.24548736462092,23.46570397111912,43.09776586172969,6.2857142857142945
20250530,0.919,0.923,0.908,0.913,863480.0,78865.92,863480.0,0.93015,0.9528333333333332,,1348040.416,1190672.298,0.0179,0.0232999999999999,-0.0030850710990329,-0.0020743380467957,-0.0020214661044745,14.285714285714263,23.2142857142857,39.42963194149494,3.5147392290249435
20250603,0.906,0.925,0.906,0.913,572062.0,52457.091,572062.0,0.9306,0.95065,,1311821.616,1161463.9925000002,0.0181,0.0229499999999999,-0.0033286744271352,-0.0023252053228636,-0.0020069382085432,8.727272727272698,23.636363636363622,37.18339071513272,0.9955752212389424
20250604,0.918,0.938,0.918,0.934,1179817.0,109938.345,1179817.0,0.93025,0.9484,,1371831.016,1157870.5395,0.0188,0.0222499999999999,-0.0018063844485586,-0.0022214411480026,0.000830113398888,13.261648745519656,23.29749103942652,33.83529471997791,-0.7438894792773487
20250605,0.934,0.969,0.934,0.965,1900668.0,181241.647,1900668.0,0.93185,0.9460166666666666,,1135448.216,1170718.9395,0.0211999999999999,0.0215999999999999,0.0018798129357798,-0.0014011903312461,0.006562006534052,24.460431654676213,13.309352517985632,32.61621617947078,3.4297963558413525
20250606,0.966,0.977,0.958,0.973,1229179.0,119080.857,1229179.0,0.93255,0.9440833333333332,,1149041.2,1141952.2395,0.0215999999999999,0.0208999999999999,0.005384613588059,-4.402954738509307e-05,0.0108572862708883,27.436823104693097,11.191335740072216,33.20950723421043,1.4598540145985384
20250609,0.978,1.0,0.977,0.993,1678991.93,165871.037,1678991.93,0.93515,0.9426833333333332,,1312143.586,1174301.386,0.022,0.0211999999999999,0.0096646185026588,0.0018977000626237,0.0155338368800703,34.49477351916372,9.407665505226491,34.508208532911716,5.526036131774714
20250610,0.993,0.993,0.958,0.973,1478150.02,143842.71,1478150.02,0.9358,0.9409166666666666,,1493361.19,1189713.5869999998,0.024,0.0219999999999999,0.0113123190083691,0.0037806238517727,0.0150633903131927,30.921052631578934,15.131578947368432,34.0638789023253,1.3541666666666785
20250611,0.972,0.984,0.967,0.972,840778.0,82038.364,840778.0,0.9367,0.9390333333333332,,1425553.39,1150290.6315,0.0236,0.0216499999999999,0.0123945650569072,0.0055034120927996,0.0137823059282151,30.32258064516127,14.838709677419365,33.55562464520843,1.8867924528301885
20250612,0.965,1.0,0.963,0.984,1509565.01,149510.591,1509565.01,0.93765,0.9377,,1347332.792,1169891.03,0.0261,0.0224499999999999,0.014058494980327,0.0072144286703051,0.0136881326200438,33.13253012048192,12.650602409638562,33.52982485160678,1.968911917098448
20250613,0.979,0.987,0.967,0.971,969714.33,94507.137,969714.33,0.93965,0.93575,,1295439.858,1148164.3965,0.0256,0.0216499999999999,0.0141648959746835,0.0086045221311808,0.0111207476870053,33.43465045592704,7.598784194528882,36.54108155413865,4.29645542427497
20250616,0.962,1.001,0.962,0.996,1138375.25,113041.968,1138375.25,0.94265,0.9341833333333334,,1187316.522,1161947.609,0.0272999999999999,0.0226,0.0160811372554507,0.0100998451560348,0.0119625841988319,35.12747875354105,7.082152974504257,40.90435370863803,6.41025641025641
20250617,0.998,0.998,0.981,0.989,777399.69,76794.592,777399.69,0.94565,0.9322666666666668,,1047166.456,1162220.329,0.0270999999999999,0.0226,0.0168408005124001,0.0114480362273078,0.0107855285701844,35.53008595988536,5.444126074498572,43.08788446359735,6.458557588805158
20250618,0.989,1.004,0.975,1.002,1279674.01,127078.629,1279674.01,0.9491,0.931,,1134945.658,1191493.1795,0.0275,0.02315,0.0182810973602959,0.0128146484539054,0.0109328978127808,33.879781420765006,5.191256830601098,45.27141521855666,7.395498392282951
20250619,0.999,1.013,0.99,0.995,1236434.9,123893.114,1236434.9,0.9525,0.9298666666666666,,1080319.636,1228414.865,0.0263,0.02375,0.0186427989093848,0.0139802785450013,0.0093250407287669,31.318681318681268,5.219780219780226,49.07475473618188,7.335490830636449
20250620,0.996,0.996,0.972,0.973,1288130.45,126160.287,1288130.45,0.955,0.9289166666666666,,1144002.86,1257623.8335000002,0.0268,0.0242,0.0169587440101309,0.0145759716380272,0.0047655447442073,31.147540983606508,10.109289617486352,51.01645857003329,5.417118093174422
20250623,0.965,0.98,0.962,0.979,916004.0,89059.441,916004.0,0.95885,0.9281833333333334,,1099528.61,1236757.2835,0.0259,0.02395,0.0159246982171528,0.0148457169538523,0.0021579625266008,31.23287671232872,12.87671232876714,50.69842222017336,8.536585365853643
20250624,0.982,0.998,0.982,0.996,1049542.0,104213.078,1049542.0,0.96285,0.9283166666666668,,1153957.072,1251576.5835000002,0.0243,0.0241499999999999,0.0162891956931139,0.0151344127017046,0.0023095659828184,33.14763231197769,13.091922005571044,51.835744619012395,8.733624454148469
20250625,1.0,1.023,1.0,1.021,2142503.02,216112.854,2142503.02,0.96885,0.9288166666666666,,1326522.8739999998,1314713.2345,0.0252999999999999,0.0244499999999999,0.0183834407732189,0.0157842183160075,0.0051984449144228,32.193732193732124,13.390313390313402,52.673329653025995,13.31853496115425
20250626,1.028,1.04,1.018,1.03,1575961.36,162543.094,1575961.36,0.9751,0.9295333333333332,,1394428.166,1239382.2025,0.0237999999999999,0.0249499999999999,0.0205326818955438,0.0167339110319148,0.0075975417272579,34.463276836158165,13.276836158192104,52.83923132863293,13.812154696132596
20250627,1.026,1.057,1.015,1.048,1961625.59,204735.026,1961625.59,0.981,0.9306333333333332,,1529127.194,1279402.778,0.0259999999999999,0.0257999999999999,0.0234184670267606,0.0180708222308839,0.0106952895917533,31.43631436314357,12.737127371273724,51.78126212868301,12.68817204301076
20250630,1.051,1.07,1.05,1.07,1493247.12,158774.874,1493247.12,0.98885,0.9320333333333334,,1644575.818,1310891.134,0.0243,0.0257999999999999,0.0271675184312553,0.0198901614709582,0.0145547139205941,36.23595505617974,7.8651685393258495,53.927368979066465,17.1960569550931
20250701,1.064,1.067,1.054,1.06,1135171.0,120442.092,1135171.0,0.9962,0.93345,,1661701.618,1339046.584,0.0242,0.0256499999999999,0.0289974872703179,0.0217116266308301,0.0145717212789754,36.33802816901405,7.887323943661979,56.07347582944993,16.10076670317635
20250702,1.054,1.055,1.03,1.037,1117988.04,115989.239,1117988.04,1.00135,0.9343833333333332,,1456798.6220000002,1335955.136,0.0243,0.0259,0.0282660100100926,0.0230225033066826,0.0104870134068199,32.47126436781606,14.942528735632198,55.51867974833806,11.027837259100636
20250703,1.038,1.054,1.036,1.046,1895792.27,198585.978,1895792.27,1.0053999999999998,0.9358333333333334,,1520764.804,1335711.3495,0.0238,0.02505,0.0280887442362971,0.0240357514926055,0.0081059854873831,32.658959537572215,15.02890173410406,53.6620178916762,8.393782383419701
20250704,1.049,1.06,1.039,1.042,938589.63,98650.335,938589.63,1.00885,0.94,,1316157.612,1321181.881,0.0235,0.02515,0.0273106728267844,0.0246907357594413,0.0052398741346862,32.0121951219512,15.853658536585373,51.32737566048372,7.091469681397755
20250707,1.033,1.042,1.018,1.032,970247.54,99814.618,970247.54,1.0108,0.9438166666666666,,1211557.696,1285744.6615,0.0241,0.025,0.0255921191831285,0.0248710124441787,0.0014422134778994,31.343283582089533,21.791044776119374,47.36672956500616,3.92749244712991
20250708,1.026,1.069,1.026,1.067,1517709.2,160271.362,1517709.2,1.0155,0.9478,,1288065.336,1287722.6205,0.0265,0.0254,0.0267460487308841,0.0252460197015198,0.0030000580587285,37.82234957020054,20.91690544412606,44.177723449170784,9.660842754367938
20250709,1.067,1.08,1.065,1.07,1570153.1,168479.992,1570153.1,1.0204,0.9513666666666668,,1378498.348,1324191.3755,0.0253,0.0253,0.0275846425505683,0.0257137442713295,0.0037417965584775,39.29618768328446,21.407624633431052,41.18058256383115,10.082304526748986
20250710,1.072,1.08,1.058,1.073,1430942.1,153153.289,1430942.1,1.02485,0.95475,,1285528.314,1320260.23,0.0253,0.02455,0.0281666218389184,0.0262043197848473,0.0039246041081422,39.528023598820056,18.28908554572265,40.16210516341027,9.04471544715446
20250711,1.068,1.083,1.062,1.076,1349668.08,145047.563,1349668.08,1.0300999999999998,0.9580333333333332,,1367744.0040000002,1339257.9175,0.0232,0.0246,0.0285409176136781,0.0266716393506135,0.0037385565261292,40.05847953216373,15.20467836257304,40.402007887785054,10.813594232749749
20250714,1.071,1.09,1.07,1.075,1197145.01,128697.915,1197145.01,1.03405,0.9613666666666666,,1413123.498,1342196.4055,0.023,0.02365,0.0284291445869095,0.0270231403978727,0.0028120083780737,36.73469387755103,15.160349854227343,40.273403582925184,7.93172690763051
20250715,1.096,1.151,1.096,1.151,3429712.03,388926.651,3429712.03,1.04215,0.9662666666666666,,1795524.064,1474812.0225,0.029,0.0266,0.0340802723341773,0.0284345667851336,0.0112914110980873,41.3265306122449,13.265306122448925,40.998537094273665,16.38018200202225
20250716,1.158,1.192,1.15,1.153,3863461.89,453658.484,3863461.89,1.0497,0.9712666666666668,,2254185.822,1604001.4165,0.0302,0.02725,0.0382789590611343,0.0304034452403337,0.015751027641601,45.14563106796111,12.621359223300916,41.8502387216702,15.069860279441126
20250717,1.14,1.193,1.14,1.189,3507249.5,410935.961,3507249.5,1.0594,0.9767833333333332,,2669447.302,1717542.1465,0.0337,0.02875,0.0440040958522129,0.0331235753627096,0.0217610409790067,39.95271867612289,14.657210401891197,42.13517143429793,19.497487437185935
20250718,1.2,1.224,1.186,1.191,2923751.65,352321.408,2923751.65,1.0703,0.9819166666666668,,2984264.016,1799323.2065,0.0354,0.02945,0.0481476748668505,0.0361283952635378,0.0240385592066254,42.59681093394068,14.123006833712928,41.12585665013855,22.404933196300103
20250721,1.18881,1.1988,1.166832,1.186812,2782827.8,164521.501,2782827.8,1.0806906,0.9871802,,3301400.574,1892664.3965,0.0361968,0.0301484,0.0505112917601779,0.0390049745628658,0.0230126343946242,41.10179177436647,17.840375586854375,39.34968542950654,21.22696629213483
20250722,1.186812,1.206792,1.16883,1.17882,3460172.32,205360.376,3460172.32,1.0898316,0.9919105333333332,,3307492.632,2013195.9125,0.035693,0.0310965,0.0511499626394496,0.0414339721781826,0.0194319809225339,42.12127103449757,12.349167260708878,40.61308996067759,18.355421686746975
20250723,1.15884,1.184814,1.1528459999999998,1.17882,2737509.3,160305.525,2737509.3,1.0977226000000002,0.9970742,,3082302.1139999996,2042946.2265,0.0373898,0.0313449,0.0510674402498254,0.0433606657925111,0.0154135489146285,40.88756924960883,15.33912912195056,41.217988175218395,15.457394711067597
20250724,1.184814,1.192806,1.164834,1.180818,4492120.02,264122.0,4492120.02,1.1052635,1.0020711666666666,,3279276.2179999994,2188754.1595,0.037987,0.0316435,0.0505802054402928,0.0448045737220675,0.0115512634364506,40.71010808688274,15.118110236220428,42.08103473474735,14.642524271844648
20250725,1.180818,1.192806,1.17882,1.192806,2508580.0,148858.1,2508580.0,1.1125038,1.0073679333333334,,3196241.8879999993,2216101.88,0.0372856,0.0302428,0.050578363860855,0.045959331749825,0.0092380642220599,41.570434900053925,11.00587520259317,44.9493334499063,13.81736641221374
20250728,1.194804,1.202796,1.176822,1.202796,4751252.94,283394.883,4751252.94,1.1191436,1.0127145333333334,,3589926.9159999997,2379002.171,0.037883,0.0304415,0.0507974524939354,0.0469269558986471,0.0077409931905766,39.39627432524125,11.41606286802528,46.8268545523017,12.41084112149531
20250729,1.1988,1.24875,1.1988,1.24875,5217322.76,320897.088,5217322.76,1.1285811,1.0184603666666667,,3941357.004,2583109.759,0.035278,0.032139,0.0540560609387255,0.0483527769066627,0.0114065680641254,43.70409532717873,10.604741957785984,49.07527839803232,17.806603773584897
20250730,1.236762,1.244754,1.220778,1.232766,3178052.0,196138.908,3178052.0,1.1383694,1.0233231333333337,,4029465.544,2686112.9569999995,0.0338752,0.0320376,0.0547180013334902,0.0496258217920282,0.0101843590829239,43.179736093476166,9.071184043459397,51.11411282708889,18.878109932497612
20250731,1.250748,1.286712,1.23876,1.242756,8530595.02,538403.195,8530595.02,1.1482072,1.0284857333333333,,4837160.544,3017853.0945,0.0339698,0.0338349,0.0554099717130522,0.050782651776233,0.0092546398736383,47.84001447150727,8.508040354401187,52.88756184364985,18.810325047801136
20250801,1.242756,1.25874,1.210788,1.234764,5438949.0,336342.378,5438949.0,1.1578454,1.0330818,,5423234.344,3242871.063,0.034965,0.0351825,0.0546831226176887,0.0515627459445242,0.0062407533463289,44.19332318983256,13.089411975297608,53.796554304409106,18.499424184261027
20250804,1.216782,1.242756,1.216782,1.23876,2837420.04,174390.864,2837420.04,1.1681834,1.0380444666666666,,5040467.764,3336229.688,0.0343656,0.0352812,0.0538092536954786,0.0520120474947151,0.003594412401527,36.546840101922,14.376828462675787,53.234690137322026,20.03488372093023
20250805,1.254744,1.262736,1.21878,1.242756,3217470.81,199370.269,3217470.81,1.1769712,1.0427570666666666,,4640497.374,3421217.7685,0.034965,0.035329,0.0528301569194396,0.05217566937966,0.0013089750795591,32.28994476869442,14.321751733322904,51.96655853071491,16.471977507029067
20250806,1.234764,1.25874,1.230768,1.25874,2578662.28,161046.188,2578662.28,1.1864082,1.0478360666666666,,4520619.430000001,3471643.2275,0.0345654,0.0359776,0.0527360821585036,0.0522877519354287,0.0008966604461498,33.954344745773895,13.000461330609312,51.84550818465469,17.639252336448585
20250807,1.25874,1.270728,1.220778,1.244754,3282211.3,204241.243,3282211.3,1.1949959,1.0524986333333333,,3470942.686,3564206.6875,0.0367632,0.0373751,0.0509457035605225,0.0520193422604475,-0.0021472773998499,29.317269076305266,12.688190198230382,51.08744361264394,16.006896551724136
20250808,1.23876,1.240758,1.222776,1.222776,1996420.26,123064.611,1996420.26,1.2023347,1.0573615666666667,,2782436.938,3596544.2964999997,0.0375623999999999,0.037424,0.0472091766981666,0.0510573091479913,-0.0076962648996494,29.918032786885306,9.016393442623013,52.10311485722116,13.640892193308552
20250811,1.220778,1.262736,1.21878,1.254744,4756720.02,298210.143,4756720.02,1.2113219,1.0626739666666667,,3166296.9340000004,3774523.047,0.0393606,0.0386218,0.0462938559177092,0.0501046185019349,-0.0076215251684512,32.38866396761139,8.906882591093176,52.260642335217405,16.72037209302326
20250812,1.256742,1.292706,1.256742,1.292706,4182145.31,266781.767,4182145.31,1.2184072,1.0687357333333334,,3359231.8340000003,3812144.711,0.0381618,0.0367199,0.0480774666348129,0.0496991881285105,-0.0032434429873951,38.00000000000004,5.60000000000002,54.32304623752001,12.311555169417886
20250813,1.2987,1.36863,1.28871,1.366632,9417766.72,631822.208,9417766.72,1.2290888,1.0759629333333334,,4727052.722,4089859.9525,0.0433565999999999,0.0386159,0.0548242218503807,0.0507241948728845,0.0082000539549922,46.73913043478268,5.072463768115962,56.7929724377154,18.528360797918488
20250814,1.35864,1.3706280000000002,1.332666,1.334664,6059324.68,409570.891,6059324.68,1.236372,1.0827573333333331,,5282475.398,4217463.7115,0.0417582,0.037864,0.0569352098756787,0.0519663978734434,0.0099376240044707,45.13888888888896,4.8611111111111285,58.39453282724702,12.250967199327167
20250815,1.322676,1.352646,1.322676,1.350648,5026031.98,337053.429,5026031.98,1.2443544000000002,1.0898848,,5888397.742000001,4322577.728,0.03996,0.0374625,0.0592153604952065,0.053416190397796,0.011598340194821,43.10344827586214,6.551724137931039,59.71919910386827,13.404534005037782
20250818,1.356642,1.440558,1.352646,1.424574,7663146.76,540578.131,7663146.76,1.2562425000000002,1.0985943666666669,,6469683.090000001,4566593.676,0.0463536,0.0403596,0.0662242151344922,0.0559777953451353,0.0204928395787139,47.096774193548455,6.129032258064521,60.86371082498625,20.033670033670028
20250819,1.426572,1.472526,1.416582,1.460538,11328576.7,825442.098,11328576.7,1.2703284,1.10767,,7898969.368000001,4960013.8950000005,0.0475524,0.0412587,0.073829714180833,0.0595481791122748,0.0285630701371163,50.000000000000064,5.864197530864203,61.84422146623877,23.89830508474575
20250820,1.432566,1.454544,1.404594,1.454544,9834321.2,703873.343,9834321.2,1.2841146,1.1168957333333334,,7982280.264,5314854.49,0.0503496,0.0424575,0.0784689203945663,0.0633323273687331,0.0302731860516663,43.38461538461543,7.6923076923077165,61.84977052815952,23.389830508474585
20250821,1.456542,1.46853,1.420578,1.4385599999999998,9659729.23,698503.247,9659729.23,1.2970017,1.1257884,,8702361.174,5573234.950499999,0.0501498,0.0434565,0.0799343164834507,0.0666527251916766,0.026563182583548,45.53846153846156,3.384615384615392,64.12581294630836,21.82741116751268
20250822,1.42857,1.512486,1.42857,1.510488,8666763.47,640649.923,8666763.47,1.3128858,1.1354632,,9430507.472,5881144.124,0.0563436,0.046953,0.0859093326045601,0.0705040466742533,0.0308105718606135,48.02259887005653,3.1073446327683683,67.29077959257577,26.63316582914572
20250825,1.546452,1.6103880000000002,1.532466,1.596402,10170581.12,801070.915,10170581.12,1.3325661,1.1468532333333334,,9931994.344,6152110.533,0.061938,0.0506493,0.0964651277694799,0.0756962628932986,0.0415377297523624,54.712041884816784,2.879581151832467,70.96587398429692,32.72425249169437
20250826,1.592406,1.6183800000000002,1.572426,1.5784200000000002,8984567.57,717716.359,8984567.57,1.3490495999999998,1.1579435666666666,,9463192.518,6340472.7735,0.0627372,0.0504495,0.1022015584226849,0.0809973219991759,0.042408472847018,54.4757033248082,2.8132992327365787,74.21965469523036,26.4
20250827,1.60839,1.686312,1.590408,1.60839,16828933.0,1384311.92,16828933.0,1.3678308,1.1691834,,10862114.878,7023016.8235,0.0655344,0.0544455,0.1079219920293534,0.0863822560052114,0.043079472048284,57.38095238095239,2.619047619047625,77.91122198559752,30.47001620745542
20250828,1.592406,1.736262,1.592406,1.736262,19514379.0,1628625.584,19514379.0,1.3925061,1.1820377666666668,,12833044.832,7572206.022499999,0.0761238,0.058941,0.1213745483647279,0.0933807144771147,0.0559876677752263,55.30145530145529,2.2869022869022917,80.65218992892154,39.71061093247587
20250829,1.726272,1.744254,1.686312,1.714284,17611015.25,1503249.021,17611015.25,1.4164821,1.1943925,,14621895.188,8180809.334999999,0.0789209999999999,0.0594405,0.1287778839737565,0.1004601483764431,0.0566354711946268,53.07377049180329,2.254098360655743,83.15141183990818,38.83495145631069
20250901,1.742256,1.836162,1.724274,1.822176,17994115.07,1597771.769,17994115.07,1.4456529,1.2082121,,16186601.978,8938644.0865,0.0821178,0.0642357,0.1417174331378246,0.1087116053287194,0.0660116556182103,54.71698113207548,2.075471698113212,84.46420493239589,47.096774193548384
20250902,1.814184,1.842156,1.682316,1.710288,23814918.59,2101271.788,23814918.59,1.4690295,1.2205002333333332,,19152672.182000004,9968516.4755,0.0925074,0.0700299,0.1413147046123755,0.1152322251854506,0.0521649588538497,44.21052631578947,5.614035087719315,84.25314838331114,37.62057877813505
20250903,1.704294,1.776222,1.68831,1.744254,19796878.29,1710583.469,19796878.29,1.4933052,1.2333711333333333,,19746261.24,10829427.276,0.0957042,0.0730269,0.1420982910427231,0.1206054383569051,0.0429857053716359,42.18487394957983,5.378151260504219,84.02669148724294,38.57142857142857
20250904,1.774224,1.792206,1.55844,1.582416,28062766.08,2323162.024,28062766.08,1.5101882999999998,1.2433447333333334,,21455938.655999996,12068455.015,0.1142856,0.0822177,0.1281827044449301,0.1221208915745101,0.01212362574084,36.011477761836446,13.199426111908194,82.07987534582038,27.126805778491185
20250905,1.590408,1.692306,1.5624360000000002,1.682316,21546729.28,1746961.539,21546729.28,1.5331652999999998,1.2552,,22243081.462,13045970.466,0.1188809999999999,0.0876123,0.123788638541304,0.1224544409678689,0.0026683951468702,28.870292887029297,12.831241283124143,79.32929259523765,37.58169934640521
20250908,1.676322,1.676322,1.550448,1.60839,21055117.91,1682438.794,21055117.91,1.5508476,1.2654065,,22855282.03,13860890.3605,0.1220777999999999,0.0920079,0.1130380668100721,0.1205711661363095,-0.0150661986524749,25.29801324503312,12.98013245033115,75.98460730480687,28.18471337579618
20250909,1.5784200000000002,1.614384,1.552446,1.5784200000000002,13272876.77,1052900.739,13272876.77,1.5651333,1.2752301666666668,,20746873.666,14315426.933499996,0.1236761999999999,0.0932067,0.1009363018718125,0.1166441932834101,-0.0314157828231952,25.19788918205805,12.137203166226929,73.4919511678917,22.102009273570356
20250910,1.622376,1.666332,1.6023960000000002,1.636362,19271520.51,1578688.621,19271520.51,1.5786197999999998,1.2858028666666663,,20641802.110000003,14808114.623000002,0.1216781999999999,0.0936063,0.0949267447051214,0.1123007035677524,-0.034747917725262,26.9922879177378,11.82519280205657,70.1283315728589,19.736842105263165
20250911,1.672326,1.782216,1.660338,1.782216,25804574.94,2233341.941,25804574.94,1.6009974,1.298923133333333,,20190163.882000003,15795377.136000002,0.1218779999999999,0.0990008999999999,0.1007716928542366,0.1099949014250492,-0.0184464171416253,30.407911001236105,11.37206427688506,67.10810488072399,33.532934131736525
20250912,1.744254,1.772226,1.722276,1.742256,16066512.9,1407822.267,16066512.9,1.6205778,1.3117440666666669,,19094120.606,16347401.182,0.1220777999999999,0.1004993999999999,0.1010149805168854,0.1081989172434165,-0.0143678734530622,24.96831432192649,11.66032953105198,63.274689161495125,28.99408284023668
20250915,1.730268,1.73826,1.686312,1.720278,13595330.1,1168531.54,13595330.1,1.635363,1.3240987000000002,,17602163.044000003,16644010.349,0.1154843999999999,0.0988010999999999,0.0983011918706202,0.1062193721688572,-0.015836360596474,24.30730478589421,13.853904282115876,58.78998686473483,20.75736325385693
20250916,1.71828,1.746252,1.686312,1.730268,11799518.02,1014135.349,11799518.02,1.6488495,1.3363365,,17307491.294,16667557.415,0.1054943999999999,0.0990008999999999,0.095851685758924,0.1041458348868706,-0.0165882982558932,21.16883116883118,14.285714285714295,53.65742101788327,18.46785225718195
20250917,1.72827,1.74825,1.696302,1.742256,9960147.98,861768.697,9960147.98,1.6632351,1.3483574333333332,,15445216.788000004,16673848.754000004,0.1018979999999999,0.0988010999999999,0.0937965378280059,0.1020759754750976,-0.0165588752941835,19.19889502762433,15.193370165745865,47.91376563306396,19.780219780219777
20250918,1.722276,1.78821,1.702296,1.730268,17320701.43,1514350.576,17320701.43,1.6778205,1.3600285666666665,,13748442.086,17056897.364,0.0871127999999999,0.1006991999999999,0.0901611650863694,0.099693013397352,-0.0190636966219652,21.002710027100292,14.905149051490522,42.56585707760824,20.277777777777793
20250919,1.750248,1.774224,1.716282,1.740258,13729981.18,1199609.047,13729981.18,1.6893089999999995,1.3715662000000002,,13281135.742,17310058.2495,0.0799199999999999,0.0994004999999999,0.0870823839915102,0.0971708875161836,-0.0201770070493468,15.43909348441928,15.58073654390936,35.97768501362495,15.211640211640209
20250922,1.744254,1.754244,1.6983,1.746252,9570632.7,830217.263,9570632.7,1.6968015,1.3828370666666667,,12476196.262,17280060.8285,0.0723275999999999,0.0972026999999999,0.0841559955668598,0.0945679091263189,-0.0208238271189181,16.666666666666682,14.984709480122335,30.82405793715648,9.386733416770944
20250923,1.804194,1.81818,1.702296,1.754244,14844862.72,1302094.681,14844862.72,1.7055927,1.3944078,,13085265.202,17573075.586,0.0777221999999999,0.1006991999999999,0.0815417368801181,0.0919626746770787,-0.0208418755939212,21.10778443113775,14.670658682634746,26.58166313633952,11.139240506329106
20250924,1.71828,1.784214,1.704294,1.762236,9403241.69,822151.242,9403241.69,1.7132849999999995,1.406495066666667,,12973883.944,17201791.020499997,0.0769229999999999,0.0993005999999999,0.0792018164061167,0.0894105030228863,-0.0204173732335391,23.85786802030459,5.58375634517768,27.70404030677138,9.565217391304335
20250925,1.754244,1.840158,1.726272,1.806192,19597485.98,1768703.33,19597485.98,1.7167815000000002,1.4191649333333334,,13429240.853999998,17205946.3695,0.0737261999999999,0.0978020999999999,0.0799724221155904,0.0875228868414271,-0.0151009294516735,28.987993138936556,5.660377358490582,29.76583989332344,4.027617951668594
20250926,1.790208,1.822176,1.744254,1.746252,10728837.38,953911.422,10728837.38,1.7183799,1.4309024666666663,,12829012.094,16861837.476,0.0755243999999999,0.0988010999999999,0.0748832679322366,0.084994963059589,-0.0202233902547048,30.39568345323743,4.856115107913675,32.64220052160837,1.8648018648018685
20250929,1.730268,1.784214,1.730268,1.770228,8253483.21,730473.91,8253483.21,1.7157825000000002,1.4432062666666667,,12565582.196,16374805.882999998,0.0753245999999999,0.0954044999999999,0.0719552836810935,0.0823870271838899,-0.0208634870055929,30.61594202898553,6.159420289855083,34.89363844294481,-2.8508771929824595
20250930,1.786212,1.814184,1.73826,1.74825,8346154.65,738734.142,8346154.65,1.7176806,1.4545604333333335,,11265840.582,15601367.686,0.076923,0.0912086999999999,0.0670880449238606,0.0793272307318841,-0.0244783716160469,28.937728937728963,6.227106227106235,36.71581598946011,2.219626168224309
20251009,1.766232,1.782216,1.732266,1.734264,8693352.37,765524.487,8693352.37,1.7171811,1.4656315,,11123862.717999998,15046191.39,0.0767231999999999,0.0893105999999999,0.0613944527929932,0.0757406751441059,-0.0286924447022253,20.080321285140585,7.429718875502002,36.74604965248435,-0.572737686139746
20251010,1.732266,1.732266,1.664334,1.674324,8071779.04,686609.569,8071779.04,1.7217765,1.4756535666666666,,8818721.33,14046642.038,0.0751247999999999,0.0811187999999999,0.051452470892251,0.0708830342937349,-0.0388611268029679,19.880715705765432,14.115308151093444,35.362255680819324,5.8080808080807955
20251013,1.5984,1.6623359999999998,1.584414,1.6543439999999998,9940076.09,813989.683,9940076.09,1.7203778999999997,1.4852926333333334,,8660969.072,13466309.3785,0.0783215999999999,0.0791207999999999,0.0414829697347776,0.0650030213819435,-0.0470401032943318,19.23076923076925,17.8846153846154,33.664698804480324,-1.6627078384798155
20251014,1.686312,1.68831,1.5544440000000002,1.560438,12618731.32,1011335.637,12618731.32,1.7179803,1.4933832666666664,,9534018.694,13044490.049,0.0861137999999999,0.0792206999999999,0.0257082896856486,0.0571440750426845,-0.0628715707140717,17.235188509874348,19.38958707360862,32.69815834214154,-2.9813664596273326
20251015,1.560438,1.58841,1.536462,1.584414,6965815.84,545717.151,6965815.84,1.71828,1.5006068333333331,1.14028705,9257950.932,12729137.0025,0.0797201999999999,0.0787211999999999,0.0149688532974632,0.0487090306936402,-0.0674803547923541,17.05565529622981,21.005385996409352,32.60749920965471,0.3797468354430178
20251016,1.572426,1.620378,1.56843,1.58841,7298354.58,583698.24,7298354.58,1.7158824,1.5078636666666665,1.1432391,8978951.374,12130478.706,0.076923,0.0769229999999999,0.0067029489671475,0.0403078143483417,-0.0672097307623884,16.85185185185186,21.66666666666669,32.287418347121026,-2.930402930402931
20251017,1.58841,1.6023960000000002,1.552446,1.552446,6927230.6,544601.118,6927230.6,1.7043939,1.5139211,1.14613133,8750041.686,11186611.489,0.0705294,0.0721278,-0.002718496863922,0.0317025521058889,-0.0688420979396219,16.977611940298505,23.320895522388067,33.37914118541921,-12.892376681614348
20251020,1.60839,1.65834,1.5944040000000002,1.60839,11535134.67,939775.001,11535134.67,1.6977006,1.5208776,1.14919328,9069053.402,10960042.5775,0.0733266,0.0744255,-0.0056062222658832,0.0242407972315345,-0.0596940389948355,21.212121212121197,20.67736185383244,33.09075447705099,-7.683486238532112
20251021,1.620378,1.720278,1.6103880000000002,1.6983,13360270.79,1120426.187,13360270.79,1.6966017,1.5294023999999995,1.15256978,9217361.296,10948289.612,0.0791208,0.0772227,-0.0006324889225095,0.0192661400007257,-0.0397972578464705,21.109123434704813,20.751341681574235,31.86668798101797,-1.277584204413473
20251022,1.684314,1.72827,1.67832,1.6983,7190389.02,614232.064,7190389.02,1.6950032999999998,1.5380603999999998,1.15589128,9262275.932,10717833.162,0.0765233999999999,0.0767232,0.0032715185564584,0.0160672157118722,-0.0255913943108276,22.426470588235283,21.323529411764707,27.613262472883687,-1.8475750577367167
20251023,1.680318,1.68831,1.6383599999999998,1.674324,5725050.31,475444.728,5725050.31,1.6916067,1.5463188,1.1591979,8947615.077999998,10506078.2785,0.0775224,0.0771228,0.0043803162273712,0.013729835814972,-0.0186990391752016,18.18181818181817,26.305609284332704,24.10855796516584,-3.899082568807344
20251024,1.694304,1.774224,1.670328,1.766232,10272162.83,890170.128,10272162.83,1.6934048999999998,1.5560757,1.16299406,9616601.523999998,10153651.3485,0.080919,0.0780219,0.0125308065253528,0.0134900299570482,-0.0019184468633906,25.849056603773573,25.660377358490575,18.959795163341813,2.078521939953814
20251027,1.81818,1.844154,1.792206,1.832166,9879476.19,900870.733,9879476.19,1.6980003,1.5667316999999998,1.16718989,9285469.828,9961126.099,0.0797202,0.0790209,0.0240334093910039,0.0155987058438393,0.0168694070943291,31.734317343173423,23.800738007380083,15.230027394165177,5.28128587830079
20251028,1.814184,1.892106,1.810188,1.844154,10622413.67,986831.888,10622413.67,1.7028953999999998,1.5774210000000002,1.17125566,8737898.404,10013715.1475,0.0745254,0.0803196,0.0337278428681835,0.0192245332487082,0.0290066192389506,33.211009174311904,23.669724770642212,11.815088838097584,5.606407322654472
20251029,1.884114,1.892106,1.822176,1.856142,9529315.02,883987.313,9529315.02,1.7079903,1.5875442000000002,1.17543637,9205683.603999998,9747937.7625,0.0763236,0.0780219,0.0418951415426895,0.0237586549075044,0.0362729732703702,32.612612612612594,22.702702702702723,9.810082265697575,5.808656036446469
20251030,1.824174,1.85814,1.792206,1.794204,9718948.3,883720.882,9718948.3,1.7095887,1.5969015,1.17936739,10004463.202,9763723.093,0.0777222,0.0773226,0.0428756616831977,0.0275820562626431,0.0305872108411092,32.73056057866183,19.34900542495481,10.434037988337504,1.8140589569161092
20251031,1.784214,1.784214,1.72827,1.734264,10452333.44,915204.585,10452333.44,1.7059922999999997,1.6050932999999998,1.18321871,10040497.324,9306465.466,0.0793206,0.074925,0.0383737254778047,0.0297403901056754,0.0172666707442585,33.45656192236597,18.299445471349372,12.26680736551842,-3.9823008849557473
20251103,1.724274,1.754244,1.706292,1.750248,7041345.72,609511.618,7041345.72,1.7061921000000002,1.6136847,1.18732995,9472871.23,9122090.883,0.0735264,0.0734265,0.0356843369923507,0.0309291794830105,0.0095103150186804,36.34538152610439,19.076305220883572,14.072312176138317,0.2288329519450904
20251104,1.756242,1.77822,1.71828,1.734264,6637706.98,580990.485,6637706.98,1.7043939,1.6219431,1.1915512700000002,8675929.892,9041302.0715,0.0683316,0.0737262,0.0318955302075381,0.031122449627916,0.0015461611592441,38.44621513944222,17.131474103585685,16.070447603975502,-2.0316027088036037
20251105,1.68831,1.72827,1.684314,1.712286,5970469.12,508839.566,5970469.12,1.7025956999999998,1.6297685999999998,1.1957027,7964160.712,8922517.794999998,0.0683316,0.0724275,0.0268103792484111,0.030260035552015,-0.0068993126072078,35.32934131736526,20.55888223552897,17.065345563159166,-2.0571428571428685
20251106,1.732266,1.76823,1.724274,1.754244,6711515.9,586833.964,6711515.9,1.7035947,1.638027,1.19989392,7362674.231999999,8823425.9715,0.0679319999999999,0.0727272,0.0258678321522469,0.0293815948720614,-0.0070275254396289,39.08730158730158,18.849206349206376,18.43611457091447,1.1520737327188837
20251107,1.730268,1.76823,1.716282,1.73826,5445605.15,474612.15,5445605.15,1.7067915,1.6462521,1.2040302200000002,6361328.574000001,8692117.276999999,0.0627371999999999,0.0718280999999999,0.0235595022945429,0.0282171763565577,-0.0093153481240295,35.42976939203356,20.754716981132106,20.210600802371168,3.8186157517899666
20251110,1.73826,1.75824,1.680318,1.730268,8242236.41,706080.542,8242236.41,1.7105877,1.6547103,1.20813156,6601506.712,8607225.293,0.0627371999999999,0.0712287,0.0208449589325863,0.0267427328717634,-0.0117955478783542,30.00000000000001,25.434782608695695,20.737786035438752,4.589371980676327
20251111,1.746252,1.752246,1.676322,1.682316,8150303.03,697002.244,8150303.03,1.7166815999999998,1.6618365,1.2121781399999998,6904025.922,8383803.8785,0.0621377999999999,0.0683316,0.0146553997865224,0.0243252662547152,-0.0193397329363856,28.32980972515858,25.15856236786473,20.981203560551563,7.81049935979512
20251112,1.664334,1.696302,1.634364,1.690308,9422318.74,784442.333,9422318.74,1.7219763,1.6684632,1.21628468,7594395.846000001,8506629.0235,0.0613385999999999,0.0688311,0.0102765554437485,0.0215155240925219,-0.0224779372975467,28.27004219409284,25.316455696202556,20.070556521866173,6.683480453972246
20251113,1.686312,1.694304,1.65834,1.692306,5529014.0,464178.773,5529014.0,1.7271711,1.6738911,1.22012121,7357895.466,8418161.9945,0.0583415999999999,0.0680319,0.006888109814011,0.0185900412368197,-0.0234038628456174,20.681818181818187,27.2727272727273,21.02611191208643,6.540880503144653
20251114,1.65834,1.6623359999999998,1.632366,1.634364,5208353.0,429575.417,5208353.0,1.731267,1.6788861,1.22372303,7310445.036000001,8332218.114500001,0.0577421999999999,0.0685313999999999,-0.0004673061046038,0.014778571768535,-0.0304917557462777,12.993039443155451,30.858468677494216,22.91575665887404,5.276705276705274
20251117,1.640358,1.680318,1.640358,1.670328,6136271.09,510486.246,6136271.09,1.7343639,1.6842141,1.22735967,6889251.972,8062274.935499999,0.0575423999999999,0.0655344,-0.0033558478516144,0.0111516878445051,-0.0290150713922391,9.927360774818425,32.20338983050849,25.494283063874303,3.850931677018643
20251118,1.650348,1.6983,1.644354,1.674324,7676326.85,646027.019,7676326.85,1.7331651,1.6883766,1.23103129,6794456.736,7778077.738500001,0.0569429999999999,0.0626372999999999,-0.0052619378488265,0.0078689627058387,-0.0262618011093306,12.345679012345698,32.83950617283954,27.45427462177263,-1.4117647058823568
20251119,1.674324,1.710288,1.66833,1.682316,10363809.12,877165.885,10363809.12,1.7323659,1.6920729,1.23466787,6982754.812000001,7936748.7435,0.0561437999999999,0.0622376999999999,-0.0060578096375387,0.0050836082371632,-0.022282835749404,14.249363867684512,30.02544529262089,28.164113154887023,-0.9411764705882342
20251120,1.736262,1.74825,1.67832,1.694304,8582638.53,731829.703,8582638.53,1.7333648999999998,1.6960689,1.23824939,7593479.717999999,8079628.154499998,0.0575423999999999,0.0627371999999999,-0.0056560133507743,0.0029356839195757,-0.0171833945407002,18.98734177215194,21.772151898734197,26.56029771566786,1.1933174224343812
20251121,1.656342,1.656342,1.6023960000000002,1.612386,11263756.0,920305.894,11263756.0,1.7256726,1.698966,1.24134632,8804560.318,8129207.812999999,0.0615383999999999,0.0621377999999999,-0.0118115289283717,-1.3758650013765338e-05,-0.023595540556716,17.985611510791408,27.098321342925654,25.778393834781557,-8.710407239818995
20251124,1.6383599999999998,1.644354,1.580418,1.622376,8998062.68,727025.344,8998062.68,1.7151831000000002,1.7008308,1.2445382,9376918.636,8085137.1375,0.0601397999999999,0.0614384999999999,-0.0157026989230322,-0.0031515467046174,-0.0251023044368295,15.035799522673068,29.59427207637232,25.369041433019284,-11.45038167938931
20251125,1.6543439999999998,1.71828,1.652346,1.67832,10339743.87,873407.119,10339743.87,1.7068914,1.7021961,1.2478147999999998,9909602.04,8071003.647499999,0.0621378,0.0621377999999999,-0.0141096190165921,-0.0053431611670123,-0.0175329156991594,22.6244343891403,24.2081447963801,23.722832224698276,-8.99241603466956
20251126,1.664334,1.794204,1.656342,1.75824,13421848.83,1167763.875,13421848.83,1.7019963,1.7051931,1.251736,10521209.982,8265630.338000001,0.0697301999999999,0.0655343999999999,-0.0063253014942632,-0.0055395892324625,-0.0015714245236013,24.430641821946185,22.15320910973086,21.5769309418107,-5.274488697524216
20251127,1.74825,1.816182,1.742256,1.746252,10905411.52,973582.116,10905411.52,1.6995987,1.7074908,1.25556226,10985764.58,8324953.499,0.0735263999999999,0.0659339999999999,-0.0011107017090281,-0.0046538117277756,0.007086220037495,26.11336032388666,20.850202429149807,20.511751910857097,-2.6726057906458767
20251128,1.746252,1.772226,1.72827,1.752246,6712728.15,587614.508,6712728.15,1.7004978000000002,1.7077572,1.25925349,10075559.01,8137973.2345,0.0719279999999999,0.0648350999999999,0.003465622358709,-0.0030299249104787,0.0129910945383755,27.04402515723272,19.28721174004193,21.1193795773083,1.0368663594469971
20251201,1.760238,1.816182,1.740258,1.796202,8662835.07,772665.879,8662835.07,1.7027955,1.7091225,1.2629945,10008513.488,8219047.702,0.0749249999999999,0.0662336999999999,0.0105180287096859,-0.0003203341864457,0.0216767257922635,31.656184486373174,18.8679245283019,22.503833117634116,2.6255707762557146
20251202,1.794204,1.806192,1.776222,1.790208,5946514.64,532835.582,5946514.64,1.7055927,1.7085897,1.26654554,9129867.642,8184488.085000001,0.0725273999999999,0.0647351999999999,0.0154454008797142,0.0028328128267862,0.025225176105856,32.754880694143175,14.967462039045548,24.7724699925702,3.2258064516129004
20251203,1.790208,1.832166,1.762236,1.766232,7431710.99,669481.567,7431710.99,1.7082900000000003,1.7095221,1.2700717,7931840.073999999,8257550.178499999,0.0753245999999999,0.0657341999999999,0.0172172463020472,0.0057096995218384,0.0230150935604176,34.30962343096235,14.43514644351464,26.70307401824573,3.1505250875145885
20251204,1.764234,1.796202,1.73826,1.78821,7671653.0,679978.376,7671653.0,1.7099883000000002,1.7102547,1.27358275,7285088.37,8305557.033499999,0.0741257999999999,0.0658340999999999,0.0201624671166722,0.0086002530408051,0.0231244281517341,34.38155136268344,14.255765199161424,26.74868613282336,1.9362186788155045
20251205,1.802196,1.824174,1.77822,1.810188,5705956.52,514565.344,5705956.52,1.7135846999999995,1.7140509000000002,1.27735869,7083734.044,8318574.602,0.0695304,0.0655344,0.0239934353661173,0.0116788895058676,0.0246290917204993,35.42976939203351,14.255765199161424,26.01600545688646,4.137931034482767
20251208,1.812186,1.930068,1.812186,1.90809,10934827.0,1035956.939,10934827.0,1.7224758000000002,1.7178138000000005,1.28150414,7538132.43,8453204.1315,0.0751248,0.0676323,0.0345313229078065,0.0162493761862554,0.0365638934431023,41.76470588235291,13.33333333333333,26.462164901937456,10.277136258660512
20251209,1.904094,1.97802,1.902096,1.960038,10344596.04,1009734.335,10344596.04,1.7363619,1.7236746,1.28577933,8417748.709999999,8562918.782,0.0731268,0.0676323,0.0465379832563346,0.0223070976002712,0.0484617713121267,43.83301707779882,12.903225806451612,27.81094106330732,16.5083135391924
20251210,1.954044,1.992006,1.90809,1.980018,10197519.0,992862.64,10197519.0,1.7508474,1.7303679,1.29037942,8970910.311999999,8601678.794999998,0.0677321999999999,0.0687311999999999,0.0570084096461347,0.0292473600094439,0.0555220992733815,41.011235955056144,12.734082397003746,31.08100836912679,17.139479905437362
20251211,1.974024,1.990008,1.904094,1.90809,7376102.02,724940.866,7376102.02,1.7616366,1.7348967000000002,1.29449487,8911800.116,8694033.195999999,0.068931,0.0712286999999999,0.058824220525367,0.0351627321126285,0.0473229768254769,41.2429378531073,6.026365348399268,34.958810231585765,12.750885478158214
20251212,1.896102,1.954044,1.890108,1.940058,7244974.01,696987.49,7244974.01,1.7769213,1.7375274,1.29874516,9219603.614,8795864.246499998,0.0709289999999999,0.0714284999999999,0.0621266567353027,0.0405555170371634,0.0431422793962786,41.2429378531073,5.273069679849362,38.15221125780413,18.704156479217616
20251215,1.894104,1.932066,1.892106,1.894104,4973823.0,475829.4,4973823.0,1.7881101,1.7400582,1.3024206800000002,8027402.814,8737741.841999998,0.0681318,0.0715283999999999,0.0603401932902629,0.0445124522877833,0.0316554820049592,35.897435897435855,5.52268244575939,43.14876060217955,13.397129186602877
20251216,1.892106,1.902096,1.82817,1.83816,6107244.0,566973.995,6107244.0,1.7963019,1.7420228999999998,1.30589648,7179932.406,8659287.699499998,0.0725273999999999,0.0725273999999999,0.053790135681867,0.0463679889666,0.014844293430534,30.315789473684184,12.631578947368446,45.74073072356144,9.785202863961828
20251217,1.842156,1.934064,1.842156,1.930068,8212342.98,778767.364,8212342.98,1.8086895,1.7453529,1.30993182,6782897.202,8551714.392500002,0.0751247999999999,0.0752246999999999,0.0553770234737864,0.0481697958680373,0.0144144552114982,30.658436213991735,12.345679012345702,47.98193325968229,14.726840855106891
20251218,1.900098,1.934064,1.894104,1.896102,6575812.3,629215.609,6575812.3,1.8187794,1.7479170000000002,1.31371233,6622839.257999999,8451373.081,0.0733265999999999,0.0737261999999999,0.0532796959777255,0.0491917758899749,0.008175840175501,30.78512396694212,10.950413223140512,50.18069547591683,11.910377358490564
20251219,1.924074,1.930068,1.890108,1.902096,6095504.28,583056.502,6095504.28,1.8332649,1.7507808000000002,1.31766781,6392945.312000001,8192960.495,0.0727271999999999,0.0711287999999999,0.0515074684981595,0.0496549144116119,0.0037051081730953,27.25321888412015,11.802575107296166,51.19849806455522,17.96778190830235
20251222,1.924074,1.974024,1.924074,1.960038,6591753.0,645519.765,6591753.0,1.850148,1.7544438,1.3223079999999998,6716531.312000001,8072645.011,0.0679319999999999,0.0715283999999999,0.0541541453332785,0.0505547605959452,0.0071987694746666,30.595482546201225,11.293634496919946,51.8274769288282,20.8128078817734
20251223,1.966032,1.976022,1.944054,1.954044,4801900.63,470914.495,4801900.63,1.8639342,1.757907,1.32695822,6455462.638,7795752.848999999,0.0635363999999999,0.0683315999999999,0.0551324574367675,0.0514702999641097,0.0073243149453156,29.27350427350427,11.752136752136783,51.96574843914906,16.428571428571416
20251224,1.964034,1.980018,1.94805,1.980018,5606866.63,551833.175,5606866.63,1.8750231,1.7616699,1.3316383099999998,5934367.368000001,7405003.738999998,0.0583415999999999,0.0630368999999999,0.0573426511652928,0.0526447702043463,0.0093957619218929,30.54945054945056,9.450549450549484,52.77774432503655,12.61363636363637
20251225,1.980018,2.00799,1.94805,1.980018,4274714.05,422419.743,4274714.05,1.8867114,1.7652996,1.3361934,5474147.718,7073468.8655,0.0557441999999999,0.0623375999999999,0.0584208069222251,0.0537999775479221,0.0092416587486061,30.086580086580103,9.30735930735934,53.50140282446358,13.386727688787191
20251226,1.96803,1.984014,1.950048,1.966032,5818232.37,573457.698,5818232.37,1.8974007,1.7679636,1.34048356,5418693.336,7028744.0765,0.0527471999999999,0.0618380999999999,0.0574840593594543,0.0545367939102285,0.0058945308984515,20.525059665871144,10.2625298329356,52.19653924201992,12.20068415051312
20251229,1.952046,1.982016,1.950048,1.962036,4916108.0,483516.55,4916108.0,1.9056924,1.77156,1.3448487400000002,5083564.336,6841407.723,0.0511487999999999,0.0596402999999999,0.0557762821024749,0.0547846915486778,0.0019831811075942,15.61712846347609,10.831234256926992,49.595124094020925,9.23248053392658
20251230,1.956042,2.005992,1.956042,1.984014,5238734.07,520376.538,5238734.07,1.9153827,1.7751230999999998,1.34938381,5170931.024,6806018.694500001,0.0487511999999999,0.0606392999999999,0.0555558836008247,0.0549389299591072,0.001233907283435,17.631578947368435,11.315789473684251,47.39547705116829,10.82589285714286
20251231,1.98801,2.00799,1.966032,1.976022,5151734.92,511660.909,5151734.92,1.9258722,1.7789193,1.3538689200000005,5079904.682000001,6692019.891,0.0433565999999999,0.0592406999999999,0.0541125527678987,0.0547736545208655,-0.0013222035059336,18.99441340782124,11.452513966480476,43.843237777594176,11.877828054298645
20260105,1.990008,2.03796,1.986012,2.03796,6417524.27,647077.724,6417524.27,1.9383597,1.7839809,1.35863372,5508466.726000001,6629313.454499999,0.0455543999999999,0.0594404999999999,0.0573059938216697,0.0552801223810263,0.0040517428812868,23.24929971988797,9.523809523809543,41.31126682457059,13.966480446927363
20260106,2.043954,2.043954,1.990008,2.033964,8040108.08,810994.835,8040108.08,1.9495485,1.7899749,1.36348354,5952841.868,6746021.032500001,0.0469529999999999,0.0598400999999999,0.0588361485638362,0.0559913276175883,0.0056896418924957,23.88888888888889,9.444444444444464,39.16840968171345,12.36203090507728
20260107,2.039958,2.06793,2.029968,2.049948,6119090.33,627060.643,6119090.33,1.9566414,1.7965683,1.36829328,6193438.334000001,6505234.199,0.0435563999999999,0.0557441999999999,0.0606395672528401,0.0569209755446387,0.0074371834164028,28.654970760233955,0.5847953216374436,43.08437606826807,7.434554973821994
20260108,2.033964,2.055942,2.011986,2.0319659999999997,5435904.0,553801.308,5435904.0,1.9602378000000005,1.8044271,1.3730031100000002,6232872.32,6259799.597,0.0447551999999999,0.0541457999999999,0.0599269913852182,0.0575221787127546,0.0048096253449273,25.949367088607634,3.4810126582279297,45.49582992284585,3.66972477064218
20260109,2.01798,2.08791,1.998,2.08791,6838566.37,699698.775,6838566.37,1.9656324,1.8128187,1.37792266,6570238.609999999,6091851.965499999,0.0505493999999999,0.0544454999999999,0.063148546003062,0.0586474521708161,0.0090021876644919,28.73900293255136,3.225806451612979,47.802384300433,5.44904137235116
20260112,2.0979,2.2537439999999997,2.0799179999999997,2.251746,9850138.08,1075721.666,9850138.08,1.9828152,1.8238743,1.38379139,7256761.372,6215553.7685,0.0619379999999999,0.0588410999999999,0.0780224529429332,0.0625224523252395,0.0310000012353872,44.36274509803923,2.2058823529412255,51.44280403107829,18.010471204188462
20260113,2.309688,2.311686,2.15784,2.1698280000000003,13030605.31,1450182.0,13030605.31,1.9943037,1.834164,1.38932553,8254860.818000001,6504835.3335,0.0739259999999999,0.0633365999999999,0.0822518848423428,0.0664683388286602,0.0315670920273652,41.870824053452154,2.004454342984455,54.64169780178453,11.843460350154489
20260114,2.165832,2.2577399999999996,2.165832,2.2457520000000004,13528068.31,1508928.588,13528068.31,2.0118861000000003,1.8447867,1.39540429,9736656.414,6932547.599000001,0.0799199999999999,0.0655343999999999,0.090684814280999,0.0713116339191279,0.0387463607237421,39.03966597077249,1.8789144050104811,58.07798303016159,18.565400843881875
20260115,2.18781,2.225772,2.1598379999999997,2.213784,9687396.99,1063082.062,9687396.99,2.0306673,1.8533781,1.4013582100000002,10586955.012,7111555.2485,0.0835163999999999,0.0661337999999999,0.0937082112568008,0.0757909493866625,0.0358345237402766,36.56126482213439,2.3715415019763513,60.58298346844701,20.434782608695645
20260116,2.2337640000000003,2.235762,2.165832,2.173824,10995390.0,1206193.546,10995390.0,2.0428550999999997,1.8613035,1.40728733,11418319.738,7250707.5995,0.0863135999999999,0.0648350999999999,0.0918213774201008,0.0789970349933502,0.0256486848535013,34.44227005870841,2.3483365949120034,63.0463255974426,12.629399585921352
20260119,2.1438539999999997,2.181816,2.1378600000000003,2.139858,8036017.51,868039.962,8036017.51,2.0550429,1.8690624,1.41303162,11055495.624000002,7323717.859999999,0.0845153999999999,0.0650348999999999,0.0865871528765884,0.0805150585699978,0.0121441886131812,34.10852713178294,5.038759689922516,65.96947505524552,12.855637513171756
20260120,2.139858,2.15784,2.0639339999999997,2.083914,12855718.64,1347819.627,12855718.64,2.0641338,1.8743571,1.41851619,11020518.29,7661728.578,0.0885113999999999,0.0677321999999999,0.0770367472897728,0.0798193963139528,-0.00556529804836,32.175502742230336,11.517367458866632,68.0541248147309,9.558823529411775
20260121,2.061936,2.129868,2.059938,2.109888,7014667.02,739323.824,7014667.02,2.0716262999999997,1.8789858,1.42415563,9717838.032,7682874.278999999,0.0917082,0.0676322999999999,0.070748324140105,0.0780051818791833,-0.0145137154781565,29.44344703770195,11.66965888689415,69.58364333114896,7.645259938837934
20260122,2.1278699999999997,2.175822,2.119878,2.173824,6326515.47,681490.091,6326515.47,2.0826153,1.8844803,1.43009475,9045661.728,7759105.021,0.093906,0.0693305999999999,0.0701155558702502,0.0764272566773967,-0.0126234016142929,32.688927943760966,11.423550087873531,71.25768112492797,11.247443762781195
20260123,2.173824,2.173824,2.135862,2.1598379999999997,5336779.61,575086.154,5336779.61,2.0916063,1.8895419,1.43601894,7913939.65,7745600.67,0.0887112,0.0696303,0.0677050672728398,0.0746828187964853,-0.0139555030472909,30.70017953321362,11.669658886894146,71.47446057899553,9.081735620585253
20260126,2.165832,2.2017960000000003,2.1378600000000003,2.171826,5788501.0,627614.439,5788501.0,2.1011967,1.8958356,1.44197307,7464436.348,7821290.0175,0.0777222,0.0698301,0.0660012478045231,0.0729465045980928,-0.0138905135871395,32.384341637010664,11.565836298932451,71.76268113037398,9.687184661957616
20260127,2.171826,2.241756,2.161836,2.231766,7643694.98,845439.058,7643694.98,2.1144834,1.9041273,1.4483369,6422031.615999999,7912563.148,0.0703296,0.0721278,0.0686957340010896,0.0720963504786922,-0.0068012329552052,32.590051457975946,11.149228130360273,68.4069388334552,13.516260162601611
20260128,2.2697279999999997,2.2857119999999997,2.2337640000000003,2.235762,5689122.09,643359.829,5689122.09,2.1281697,1.9122192,1.4555557099999998,6156922.63,7951213.852500001,0.0665334000000001,0.0732267,0.0703427105482443,0.0717456224926026,-0.0028058238887166,36.054421768707414,9.523809523809556,67.11157234791058,13.951120162932783
20260129,2.211786,2.3216759999999996,2.211786,2.243754,7190516.0,816622.485,7190516.0,2.1411567,1.9207107,1.46275948,6329722.736,8048802.948999999,0.0689309999999999,0.0762236999999999,0.0714689889193969,0.0716902957779615,-0.0004426137171292,35.785953177257454,9.364548494983312,65.59028697341422,13.091641490433028
20260130,2.221776,2.3176799999999997,2.209788,2.3056919999999996,8056830.0,915621.623,8056830.0,2.1576402000000003,1.9306008,1.47014794,6873732.814,8194057.703,0.0727271999999999,0.0795203999999999,0.0764778624133839,0.072647809105046,0.0076601066166758,23.185840707964555,10.088495575221277,61.93567171185607,16.68351870576339
20260202,2.30769,2.341656,2.211786,2.211786,8454123.8,959001.929,8454123.8,2.1663315,1.9382265,1.4769268699999998,7406857.374000001,8295887.679500001,0.0813185999999999,0.0829169999999999,0.072039573983734,0.0725261620807836,-0.0009731761940991,20.614828209764863,10.307414104882495,57.82641379549154,8.529411764705873
20260203,2.2737239999999996,2.311686,2.203794,2.293704,7936560.94,899857.234,7936560.94,2.1793185,1.9474839,1.48404539,7465430.566,8290710.322500001,0.0827171999999999,0.0856142999999999,0.0742760879037089,0.0728761472453687,0.0027998813166805,20.320855614973205,10.87344028520504,53.50279863514168,12.770137524557956
20260204,2.2457520000000004,2.259738,2.163834,2.203794,9178037.91,1008065.227,9178037.91,2.1870108,1.955376,1.49066936,8163213.730000001,8443657.7015,0.0887111999999999,0.0902096999999999,0.0680095835629064,0.0719028345088762,-0.0077865018919396,19.554030874785543,13.37907375643226,48.56942300062393,7.50487329434697
20260205,2.151846,2.2017960000000003,2.145852,2.151846,5844693.93,633045.777,5844693.93,2.1930048,1.9632015,1.4970535900000002,7894049.316,8464097.198,0.0879119999999999,0.0909089999999999,0.058180891175521,0.0691584458422052,-0.0219551093333683,18.89081455805891,15.077989601386491,43.14016923224729,5.899705014749279
20260206,2.125872,2.163834,2.085912,2.109888,5335373.9,565838.408,5335373.9,2.1941037,1.9701945,1.5033180299999995,7349758.096000001,8388937.574499998,0.0919079999999998,0.0903095999999999,0.0464702416848283,0.0646208050107298,-0.0363011266518029,18.350168350168328,17.34006734006738,38.03822372772379,1.0526315789473717
20260209,2.18781,2.259738,2.1698280000000003,2.24775,8322099.95,924955.374,8322099.95,2.1939039,1.9794519,1.5102917799999998,7323353.325999999,8312535.668,0.1004993999999998,0.0891107999999999,0.0477631944578207,0.061249282900148,-0.0269721768846546,25.241157556270092,10.610932475884242,37.57585516771373,-0.1774622892635302
20260210,2.251746,2.2737239999999996,2.239758,2.2457520000000004,4856888.0,548293.865,4856888.0,2.1977001,1.9896417,1.51723054,6707418.738,7903849.8025,0.0959039999999998,0.0831167999999999,0.0480724971209021,0.0586139257442988,-0.0210828572467934,27.15231788079468,10.596026490066238,37.62072717305461,3.4990791896869267
20260211,2.225772,2.2537439999999997,2.1978,2.2017960000000003,8107804.0,898183.457,8107804.0,2.1955023,1.9984995,1.52382452,6493371.956,7632836.587,0.0961037999999998,0.0813185999999999,0.044260532003705,0.0557432469961801,-0.02296542998495,23.539232053422342,14.190317195325578,35.947269297855044,-1.9572953736654797
20260212,2.223774,2.3016959999999997,2.2177800000000003,2.2897079999999996,8651294.26,981248.479,8651294.26,2.1992985000000003,2.0087559,1.53091806,7054692.022,7581031.450499999,0.0951047999999998,0.0820178999999999,0.0477824791967416,0.0541510934362924,-0.0127372284791015,26.190476190476183,13.492063492063531,35.02475113804876,3.4296028880866247
20260213,2.259738,2.295702,2.23776,2.24775,6915218.26,782999.813,6915218.26,2.2029948,2.0181798,1.5376818100000005,7370660.893999999,7377022.863499999,0.0901097999999998,0.0814184999999998,0.0466502329326341,0.0526509213355607,-0.0120013768058532,24.082934609250387,13.55661881977676,33.63887118392616,3.4007352941176405
20260224,2.281716,2.311686,2.243754,2.2737239999999996,8329546.0,949506.354,8329546.0,2.2096881,2.0278368,1.5447054299999998,7372150.103999999,7391699.288,0.0839159999999998,0.0826172999999999,0.0473035188176478,0.0515814408319781,-0.0085558440286607,22.38325281803543,13.68760064412243,31.85940939921229,6.2558356676003735
20260225,2.2737239999999996,2.281716,2.2297680000000004,2.259738,5810117.61,654434.095,5810117.61,2.2184793,2.038626,1.55159912,7562796.025999999,7039419.2365,0.0783215999999997,0.0805193999999998,0.0461605887410327,0.0504972704137891,-0.0086733633455126,18.870967741935512,14.83870967741938,28.55603563236642,8.437200383509103
20260226,2.2697279999999997,2.319678,2.251746,2.299698,5879085.26,673827.121,5879085.26,2.2279698,2.0499147,1.55872261,7117052.278,6982640.1485,0.0721277999999997,0.0804194999999998,0.0479267764161521,0.0499831716142617,-0.0041127903962191,19.699499165275512,15.358931552587665,25.260495193968858,8.99621212121211
20260227,2.2457520000000004,2.3016959999999997,2.241756,2.2857119999999997,4570814.62,520139.895,4570814.62,2.2335642,2.0600379,1.56574117,6300956.35,6894855.106000001,0.0723275999999997,0.0801197999999998,0.0476486752907763,0.0495162723495646,-0.0037351941175766,20.52173913043484,16.695652173913047,23.18325745854861,5.1470588235293935
20260302,2.22777,2.2897079999999996,2.22777,2.265732,6337199.3,720056.688,6337199.3,2.2388589,2.0684961,1.57254983,6185352.558,6944876.0905,0.0707291999999997,0.0813185999999998,0.0452939387932223,0.0486718056382961,-0.0067557336901477,19.593345656192277,19.0388170055453,20.90483412749372,4.90286771507864
20260303,2.279718,2.28771,2.171826,2.179818,6847517.14,765118.086,6847517.14,2.2392585,2.0757222,1.57874392,5888946.786,6997826.897499999,0.0673325999999997,0.0839159999999998,0.0360793510667258,0.0461533147239821,-0.0201479273145124,19.449541284403708,23.302752293578003,19.38534564540563,0.3679852805887895
20260304,2.1278699999999997,2.195802,2.1278699999999997,2.139858,6827541.86,737800.964,6827541.86,2.2346630999999997,2.0821824,1.58477821,6092431.636,6957019.2415000005,0.0707291999999998,0.0833165999999998,0.0252610917246931,0.0419748701241243,-0.0334275567988623,20.622568093385247,25.09727626459149,18.74514807701658,-4.1181736794986605
20260305,2.195802,2.22777,2.161836,2.18781,8134553.87,889580.333,8134553.87,2.2322654999999996,2.0887092,1.59092226,6543525.358,7079290.830500001,0.0739259999999999,0.0850148999999998,0.0203226025909102,0.0376444166174815,-0.0346436280531425,23.062381852552015,22.684310018903627,18.002430683093255,-2.144772117962468
20260306,2.16783,2.2017960000000003,2.139858,2.175822,3858800.61,418795.03,3858800.61,2.2288688999999997,2.0951361,1.59709637,6401122.556,6912705.061,0.0701297999999999,0.0826172999999999,0.0152655116446029,0.0331686356229058,-0.0358062479566056,23.41650671785031,19.38579654510561,18.47292008877177,-3.0276046304541393
20260309,2.131866,2.18781,2.069928,2.1698280000000003,6859468.81,725602.109,6859468.81,2.2220757000000004,2.1018627,1.60314551,6505576.458,6852837.0015,0.0761238,0.0831167999999999,0.0106512835625149,0.0286651652108276,-0.0360277632966253,14.65346534653466,26.930693069306965,17.666965419908713,-5.892547660311931
20260310,2.22777,2.255742,2.195802,2.23776,5858057.0,652761.489,5858057.0,2.2233744,2.1093552,1.60956431,6307684.43,6723033.661500001,0.077922,0.0809189999999999,0.0123338423749812,0.0253989006436583,-0.0261301165373542,19.0207156308852,25.61205273069682,15.588985660383312,1.1743450767841113
20260311,2.235762,2.2697279999999997,2.20779,2.209788,4268067.59,477041.816,4268067.59,2.2191786,2.1160152,1.61578825,5795789.575999999,6539608.994,0.078921,0.0786212999999998,0.011280145235176,0.0225751495619619,-0.0225900086535716,20.224719101123643,21.53558052434458,14.043289402595311,-3.658536585365846
20260312,2.1978,2.22777,2.145852,2.175822,5229630.62,570794.905,5229630.62,2.2177800000000003,2.1204774,1.6220123600000005,5214804.926,6342188.6295,0.0803195999999999,0.0762236999999998,0.0076165119178335,0.0195834220331362,-0.0239338202306054,16.000000000000032,27.809523809523817,13.683040955390348,-1.2692656391658952
20260313,2.1538440000000003,2.1698280000000003,2.1278699999999997,2.135862,4293258.0,461683.993,4293258.0,2.2169808,2.1234078,1.62801167,5301696.404,6264616.833,0.0791208,0.0757241999999999,0.0014716537698551,0.01596106838048,-0.0289788292212497,16.153846153846175,29.807692307692328,13.807398903661502,-0.742804085422466
20260316,2.129868,2.165832,2.099898,2.161836,4345937.5,462915.531,4345937.5,2.2195782,2.1264381,1.63417585,4798990.142,6215145.012999999,0.0795204,0.0751247999999999,-0.0012874647651122,0.0125113617513615,-0.0275976530329475,14.64354527938345,32.56262042389209,14.796830390541976,2.4621212121212155
20260317,2.161836,2.165832,2.0639339999999997,2.06793,5449061.04,574293.941,5449061.04,2.2105872,2.1291021,1.6398505,4717190.95,6071493.0675,0.0781218,0.0727271999999999,-0.0109255722809398,0.0078239749449012,-0.0374990944516822,13.970588235294128,33.08823529411768,16.844207355682098,-7.9999999999999964
20260318,2.101896,2.183814,2.0959019999999997,2.183814,7545746.42,806791.685,7545746.42,2.2074903000000003,2.1331647,1.64613457,5372726.716,6205935.9885,0.082917,0.0768230999999999,-0.0091079804795977,0.0044375838600014,-0.0270911286791984,11.619718309859142,31.69014084507047,19.269958143802228,-2.758007117437744
20260319,2.135862,2.211786,2.135862,2.183814,8250780.46,902497.052,8250780.46,2.2065912,2.1379932,1.65243864,5976956.683999999,6213084.8115,0.0817182,0.0778220999999999,-0.0075801466696621,0.0020340377540687,-0.0192283688474617,13.88888888888888,30.381944444444503,21.19671015301713,-0.8166969147005654
20260320,2.2337640000000003,2.255742,2.1698280000000003,2.175822,7835078.46,871232.394,7835078.46,2.2008968999999996,2.1436209,1.65880775,6685320.776,6172274.021500001,0.0841157999999999,0.0771227999999999,-0.0069342809021093,0.0002403740228331,-0.0143493098498849,17.346938775510196,28.57142857142862,22.840212849151403,-4.973821989528771
20260323,2.109888,2.155842,2.06793,2.0799179999999997,7809919.43,826124.679,7809919.43,2.1925052999999997,2.1461184,1.66462734,7378117.162,6217009.08,0.0831167999999999,0.0796203,-0.0139996991081337,-0.0026076406033602,-0.0227841170095469,17.46575342465753,32.705479452054846,24.366109355199963,-7.466666666666677
20260324,2.1278699999999997,2.1278699999999997,2.0359619999999996,2.10789,5978425.0,619802.607,5978425.0,2.1842136,2.1496482,1.67066179,7483989.953999999,6099453.029999999,0.0837162,0.0808191,-0.0171443578267211,-0.0055149840480324,-0.0232587475573775,17.114093959731544,31.04026845637593,25.732725539816013,-7.293497363796131
20260325,2.155842,2.213784,2.155842,2.1858120000000003,6496787.43,710368.367,6496787.43,2.1805173,2.1543768,1.67706585,7274198.156,6133786.521,0.0881118,0.0835164,-0.01319674448286,-0.0070513361349979,-0.0122908166957241,21.322314049586797,30.578512396694308,26.94757901292079,-3.271441202475678
20260326,2.1598379999999997,2.1978,2.11788,2.129868,5136101.08,555552.859,5136101.08,2.1720258,2.1572073,1.68306519,6651262.279999999,6096637.312,0.087912,0.0841158,-0.0144162640056708,-0.0085243217091325,-0.0117838845930766,21.009771986970712,31.43322475570039,27.69463158711874,-7.384882710686346
20260327,2.07792,2.1438539999999997,2.061936,2.119878,4761869.92,502174.32,4761869.92,2.1637341,2.1599712,1.6890995800000002,6036620.572,6106190.0770000005,0.0913085999999999,0.0852147,-0.0160043631872959,-0.0100203300047652,-0.0119680663650614,21.644295302013457,31.20805369127524,26.87830505650649,-7.25524475524475
20260330,2.071926,2.131866,2.069928,2.119878,5652393.61,594103.055,5652393.61,2.1564414,2.1623022,1.69513397,5605115.408,6071949.7925,0.0909089999999999,0.0852147,-0.0170662145325883,-0.0114295069103298,-0.011273415244517,16.267123287671236,31.849315068493215,28.13661999561788,-6.437389770723101
20260331,2.105892,2.119878,2.053944,2.065932,5167639.0,539246.699,5167639.0,2.1507471,2.1637341,1.70079363,5442958.208,5987955.885500001,0.0873125999999999,0.0827172,-0.022007047187361,-0.013545014965736,-0.0169240644432498,15.017064846416416,33.10580204778162,30.597308497714653,-5.224564619615024
20260401,2.131866,2.149848,2.101896,2.149848,7281320.74,776108.347,7281320.74,2.1512466000000003,2.1667976999999996,1.70671787,5599864.87,6010644.8295,0.0841157999999999,0.0835164,-0.0189331235158878,-0.0146226366757664,-0.0086209736802428,17.5468483816014,27.768313458262405,30.283013443308455,0.4668534080298769
20260402,2.135862,2.1378600000000003,2.065932,2.075922,6043253.0,633557.641,6043253.0,2.1456522,2.1686958,1.71223248,5781295.254000001,5906079.786,0.0849149999999999,0.0833165999999999,-0.0222062474369173,-0.0161393588279966,-0.0121337772178414,17.0247933884298,28.429752066115725,29.95328459475115,-5.1141552511415505
20260403,2.10789,2.141856,2.0959019999999997,2.0979,6679730.21,707577.722,6679730.21,2.1417561,2.1705938999999996,1.71775698,6164867.312000001,6047126.266000001,0.0829169999999999,0.0835163999999999,-0.0227643673472748,-0.0174643605318522,-0.0106000136308451,17.355371900826476,26.11570247933889,28.68134942198569,-3.581267217630857
20260407,2.10789,2.1278699999999997,2.073924,2.103894,4275078.58,449422.843,4275078.58,2.1384594,2.1727251,1.7234114499999995,5889404.306,5917906.7545,0.0775223999999999,0.0803195999999999,-0.0224640639454491,-0.0184643012145716,-0.0079995254617551,18.072289156626542,25.989672977624796,27.063045850557103,-3.0386740331491913
20260408,2.181816,2.30769,2.17782,2.30769,12308419.88,1386344.369,12308419.88,2.1419559,2.1772205999999996,1.7300899,7317560.482000001,6240424.8985,0.0887111999999999,0.0862136999999999,-0.0057155520044696,-0.0159145513725512,0.0203979987361632,29.760000000000066,24.160000000000007,24.494781083551658,3.125
20260409,2.263734,2.30769,2.259738,2.291706,9575033.19,1096249.872,9575033.19,2.1460518,2.1815162999999997,1.73662843,7776302.972,6505773.178499999,0.0829169999999999,0.0855144,0.0061965590832433,-0.0114923292813923,0.0353777767292713,28.15057283142395,24.71358428805238,22.298112942611073,3.707052441229663
20260410,2.3176799999999997,2.36763,2.299698,2.339658,8283242.0,968147.254,8283242.0,2.1542436,2.1863447999999996,1.74347172,8224300.772,6658453.7475000005,0.0825173999999999,0.0852147,0.0192840243618421,-0.0053370585527454,0.0492421658291752,29.70297029702976,24.91749174917492,21.177890432660465,7.529843893480259
20260413,2.315682,2.355642,2.3016959999999997,2.341656,5662274.0,661143.975,5662274.0,2.1645333,2.1915063,1.7501999999999998,8020809.529999999,6726904.547500001,0.0797202,0.0855144,0.0294773601287006,0.0016258251835437,0.0557030698903136,31.088082901554458,17.271157167530202,21.049033429108196,9.635173058933578
20260414,2.395602,2.449548,2.37762,2.409588,7574261.06,914518.13,7574261.06,2.1769209,2.1968676,1.7573029399999998,8680646.026,6888320.725500001,0.0843156,0.0876123,0.0425467444459974,0.0098100090360345,0.0654734708199259,38.67120954003413,14.310051107325322,22.267665341131107,11.46025878003696
20260415,2.4295679999999997,2.44755,2.34765,2.369628,9141030.98,1093050.078,9141030.98,2.1920058,2.1988323,1.76414108,8047168.245999999,7072919.222499999,0.0877122,0.0875124,0.0491137350712755,0.0176707542430827,0.0628859616563857,31.50684931506852,16.95205479452049,23.13916111145878,14.589371980676336
20260416,2.369628,2.4875100000000003,2.369628,2.4875100000000003,12720801.15,1562212.61,12720801.15,2.2071905999999997,2.2041269999999997,1.77160363,8676321.838,7331671.959000001,0.0911088000000001,0.0876123,0.0631028048196129,0.0267571643583887,0.0726912809224483,33.83084577114431,13.26699834162516,24.83817507099239,13.906678865507804
20260417,2.503494,2.579418,2.495502,2.5754219999999997,12304570.76,1568620.999,12304570.76,2.2267710000000003,2.2096215,1.77961574,9480587.59,7534361.473999999,0.0919080000000001,0.0884115,0.0803567049948674,0.0374770724856845,0.0857592650183659,41.118421052631575,8.552631578947343,28.228723343281445,17.932296431838957
20260420,2.561436,2.621376,2.551446,2.58741,7254071.56,939775.367,7254071.56,2.2473504,2.2158486,1.78765779,9798947.102,7505311.129000001,0.0923076,0.0876123,0.0939152797191282,0.0487647139323732,0.09030113157351,44.28104575163399,8.496732026143764,30.758545911004916,18.91643709825528
20260421,2.549448,2.56743,2.51748,2.5534440000000003,7132892.29,906650.521,7132892.29,2.2710267,2.2221756000000004,1.79544501,9710673.348,7471459.772,0.0939060000000001,0.0857142,0.1007582966145559,0.0591634304688098,0.0831897322914922,44.13680781758956,9.934853420195406,32.59171445142802,22.76657060518734
20260422,2.535462,2.679318,2.535462,2.6773200000000004,9256956.36,1209687.436,9256956.36,2.2994982,2.2311333,1.80372661,9733858.424,7635386.340000001,0.0879120000000001,0.0883116,0.1148532380954234,0.0703013919941325,0.0891036922025818,48.44720496894407,9.47204968944096,35.78713118168722,27.014218009478697
20260423,2.675322,2.703294,2.5974,2.623374,11114039.76,1470634.735,11114039.76,2.3213763,2.2401243,1.81169348,9412506.146000002,7866248.956499999,0.0937062000000001,0.0883116,0.1202840299896026,0.0802979195932265,0.0799722207927521,49.465648854961806,6.564885496183185,39.463977496135726,20.018281535648978
20260424,1.282,1.293,1.245,0.6336336336336337,13216754.94,1675122.435,,,,,,,,,,,,,,,
20260427,1.268,1.277,1.248,0.6306306306306306,8525321.36,1074912.209,,,,,,,,,,,,,,,
20260428,1.255,1.256,1.218,0.6146146146146146,7211692.16,890183.899,,,,,,,,,,,,,,,
20260429,1.215,1.259,1.212,0.6216216216216216,8259972.44,1025904.969,,,,,,,,,,,,,,,
20260430,1.246,1.259,1.225,0.6201201201201202,6938946.0,859490.942,,,,,,,,,,,,,,,
