trade_date,open,high,low,close,volume,amount,ts_code,pre_close,change,pct_chg,vol,ma20,ma60,ma200,ma5_vol,ma20_vol,atr10,atr20,dif,dea,macd_bar,plus_di,minus_di,adx,ret_20d
20250314,0.988,0.999,0.981,0.996,990046.72,98175.696,159206.SZ,0.991,0.005,0.5045,990046.72,,,,,,,,0.0,0.0,0.0,,,,
20250317,1.0,1.003,0.995,0.998,223992.03,22397.334,,,,,223992.03,,,,,,,,0.0001595441595442,3.1908831908844526e-05,0.0002552706552707,,,,
20250318,0.998,1.004,0.994,1.003,320400.74,32057.641,159206.SZ,0.998,0.005,0.501,320400.74,,,,,,,,0.0006815853767421,0.0001618441408755,0.0010394824717332,,,,
20250319,1.002,1.002,0.984,0.986,166806.26,16508.421,159206.SZ,1.003,-0.017,-1.6949,166806.26,,,,,,,,-0.0002733006824531,7.481517620977485e-05,-0.0006962317173258,,,,
20250320,0.988,0.994,0.981,0.986,155291.61,15348.312,159206.SZ,0.986,0.0,0.0,155291.61,,,,371307.4719999999,,,,-0.0010183162481194,-0.000143811108656,-0.0017490102789267,,,,
20250321,0.987,0.987,0.963,0.965,191024.85,18609.474,,,,,191024.85,,,,211503.098,,,,-0.0032656268337769,-0.0007681742536802,-0.0049949051601934,,,,
20250324,0.964,0.969,0.933,0.952,136108.89,12923.814,,,,,136108.89,,,,193926.47,,,,-0.0060261621720125,-0.0018197718373467,-0.0084127806693317,,,,
20250325,0.95,0.961,0.942,0.945,90905.68,8650.0,,,,,90905.68,,,,148027.458,,,,-0.0086787051045674,-0.0031915584907908,-0.0109742932275532,,,,
20250326,0.945,0.954,0.944,0.946,63881.11,6059.995,,,,,63881.11,,,,127442.428,,,,-0.0105782335548075,-0.0046688935035942,-0.0118186801024267,,,,
20250327,0.937,0.955,0.929,0.943,97589.61,9180.894,,,,,97589.61,,,,115902.028,,,,-0.01218523466477,-0.0061721617358293,-0.0120261458578813,,,,
20250328,0.943,0.946,0.931,0.932,100031.11,9366.12,,,,,100031.11,,,,97703.28,,0.0179999999999999,,-0.0141829109228344,-0.0077743115732303,-0.012817198699208,,,,
20250331,0.929,0.932,0.913,0.927,124821.08,11491.102,159206.SZ,0.932,-0.005,-0.5365,124821.08,,,,95445.718,,0.0190999999999999,,-0.0159852736786075,-0.0094165039943058,-0.0131375393686035,,,,
20250401,0.929,0.938,0.926,0.934,138048.42,12879.925,159206.SZ,0.927,0.007,0.7551,138048.42,,,,104874.26600000002,,0.0192999999999999,,-0.0166568083313801,-0.0108645648617206,-0.0115844869393189,,,,
20250402,0.929,0.945,0.929,0.939,73004.03,6848.813,,,,,73004.03,,,,106698.85,,0.0189999999999999,,-0.0165942578931662,-0.0120105034680098,-0.0091675088503129,,,,
20250403,0.932,0.941,0.917,0.925,103072.16,9563.752,159206.SZ,0.939,-0.014,-1.4909,103072.16,,,,107795.36000000002,,0.0200999999999999,,-0.0174729519043301,-0.0131029931552738,-0.0087399174981125,7.171314741035838,42.23107569721122,,
20250407,0.9,0.9,0.833,0.833,152906.34,12898.441,,,,,152906.34,,,,118370.406,,0.0268999999999999,,-0.0253012967631699,-0.015542653876853,-0.0195172857726336,4.179104477611951,56.716417910447824,,
20250408,0.833,0.845,0.797,0.813,259980.89,21110.869,,,,,259980.89,,,,145402.36800000002,,0.0280999999999999,,-0.0327417231139626,-0.018982467724275,-0.0275185107793752,3.485254691688987,60.58981233243973,,
20250409,0.8,0.849,0.782,0.845,229137.5,18767.027,159206.SZ,0.813,0.032,3.936,229137.5,,,,163620.18399999998,,0.0328999999999999,,-0.0356452853761055,-0.0223150312546411,-0.0266605082429289,3.087885985748199,54.869358669833765,,
20250410,0.857,0.88,0.857,0.861,129733.11,11266.567,,,,,129733.11,,,,174966.0,,0.0353999999999999,,-0.0362375887395952,-0.0250995427516319,-0.0222760919759266,9.932279909706542,51.467268623024864,,
20250411,0.846,0.892,0.846,0.884,152808.12,13336.931,159206.SZ,0.861,0.023,2.6713,152808.12,0.93065,,,184913.192,194979.513,0.0373999999999999,,-0.0344539222723624,-0.026970418655778,-0.0149670072331687,12.043010752688172,45.161290322580655,,
20250414,0.893,0.893,0.879,0.882,116801.01,10339.832,,,,,116801.01,0.9249500000000002,,,177692.126,151317.2275,0.0372999999999999,0.0276499999999999,-0.0328233696581786,-0.0281410088562581,-0.0093647216038409,12.866817155756202,40.63205417607225,,-11.44578313253012
20250415,0.882,0.882,0.867,0.873,112528.07,9818.494,,,,,112528.07,0.9187,,,148201.562,145744.0295,0.0368999999999999,0.0279999999999999,-0.0318897643945512,-0.0288907599639167,-0.0059980088612689,12.98405466970387,43.73576309794991,,-12.525050100200396
20250416,0.873,0.873,0.853,0.866,120528.25,10402.846,,,,,120528.25,0.91185,,,126479.71199999998,135750.40499999997,0.0376999999999999,0.0284999999999999,-0.0313532957191218,-0.0293832671149577,-0.003940057208328,12.694877505567923,45.879732739420966,,-13.659022931206376
20250417,0.865,0.875,0.86,0.863,144736.07,12583.891,,,,,144736.07,0.9057,,,129480.304,134646.8955,0.0376,0.0282999999999999,-0.0308149992273281,-0.0296696135374318,-0.0022907713797924,13.470319634703191,43.607305936073104,,-12.474645030425968
20250418,0.862,0.877,0.858,0.873,141086.16,12216.127,,,,,141086.16,0.9000499999999999,,,127135.912,133936.623,0.0371,0.0285999999999999,-0.0292443680815942,-0.0295845644462643,0.0006803927293401,13.348416289592752,43.21266968325794,,-11.460446247464509
20250421,0.873,0.882,0.869,0.88,134221.1,11790.578,159206.SZ,0.873,0.007,0.8018,134221.1,0.8957999999999998,,,130619.93,131096.4355,0.0292,0.0280499999999999,-0.0271221429038074,-0.0290920801377729,0.003939874467931,14.6788990825688,39.67889908256883,,-8.808290155440412
20250422,0.881,0.881,0.87,0.871,133473.0,11663.366,,,,,133473.0,0.89175,,,134808.91600000003,130964.641,0.0255,0.0267999999999999,-0.0258682953382615,-0.0284473231778706,0.0051580556792183,13.33333333333335,39.77011494252875,,-8.50840336134453
20250423,0.873,0.887,0.873,0.882,150295.15,13222.478,,,,,150295.15,0.8886,,,140762.29600000003,133934.1145,0.0204,0.0266499999999999,-0.0237136478685231,-0.0275005881160011,0.007573880494956,13.103448275862078,39.77011494252874,62.55922401631917,-6.666666666666665
20250424,0.884,0.884,0.863,0.87,151526.07,13194.102,,,,,151526.07,0.8847999999999999,,,142120.296,138316.3625,0.019,0.0271999999999999,-0.0227125577099699,-0.0265429820347949,0.0076608486496499,13.19444444444445,39.58333333333333,61.0615281637846,-8.033826638477793
20250425,0.872,0.883,0.87,0.873,134861.0,11826.169,159206.SZ,0.87,0.003,0.3448,134861.0,0.8813000000000001,,,140875.264,140179.932,0.0157,0.0265499999999999,-0.0214300790078559,-0.0255204014294071,0.0081806448431023,16.1473087818697,24.645892351274775,56.38715841588544,-7.423117709437954
20250428,0.872,0.872,0.862,0.864,111894.24,9686.849,,,,,111894.24,0.8779,,,136409.892,140773.0885,0.0154,0.0263499999999999,-0.020899019295284,-0.0245961250025825,0.0073942114145969,18.037974683544313,18.670886075949376,50.144501202949755,-7.296137339055797
20250429,0.865,0.871,0.859,0.868,114859.0,9965.056,,,,,114859.0,0.8749499999999999,,,132687.092,140274.9845,0.0151,0.0259999999999999,-0.0199256930897614,-0.0236620386200183,0.0074726910605137,21.839080459770113,18.007662835249043,44.44958136868566,-6.364617044228704
20250430,0.868,0.88,0.867,0.878,122829.15,10770.027,,,,,122829.15,0.8721500000000001,,,127193.892,139514.021,0.0144,0.02605,-0.0181383213550669,-0.022557295167028,0.0088379476239221,14.644351464435148,19.665271966527197,40.662944762823805,-5.995717344753748
20250506,0.88,0.905,0.88,0.905,126119.19,11317.135,,,,,126119.19,0.8704500000000002,,,122112.51600000002,142169.779,0.0156,0.0266,-0.0143774082141517,-0.0209213177764527,0.013087819124602,21.818181818181813,21.363636363636363,36.60279438688395,-3.620873269435565
20250507,0.906,0.922,0.905,0.915,186335.24,17007.184,159206.SZ,0.905,0.01,1.105,186335.24,0.86995,,,132407.364,146332.93300000002,0.0154,0.02625,-0.0104692579389145,-0.0188309058089451,0.0167232957400612,28.699551569506728,21.076233183856505,33.989693039605385,-1.0810810810810811
20250508,0.913,0.943,0.913,0.94,170738.8,15897.439,159206.SZ,0.915,0.025,2.7322,170738.8,0.8753,,,144176.276,147224.556,0.0171,0.02315,-0.0052937070630001,-0.0161234660597561,0.021659517993512,35.71428571428568,14.705882352941185,33.09325012509017,12.845138055222094
20250509,0.94,0.944,0.925,0.933,143698.07,13429.227,,,,,143698.07,0.8813000000000001,,,149944.09,141410.415,0.0178999999999999,0.0217,-0.0017368656979618,-0.0132461459873972,0.0230185605788709,36.286919831223614,8.860759493670894,33.38565520765907,14.760147601476037
20250512,0.931,0.957,0.931,0.957,132255.08,12574.139,,,,,132255.08,0.8869,,,151829.276,136566.294,0.0188999999999999,0.01965,0.0029841566330277,-0.0100000854633122,0.02596848419268,39.11290322580646,8.46774193548388,34.214710897731706,13.254437869822478
20250513,0.966,0.966,0.938,0.939,165239.04,15647.359,159206.SZ,0.957,-0.018,-1.8809,165239.04,0.8907999999999999,,,159653.24599999998,138341.5905,0.0195999999999999,0.0193,0.0052130583837116,-0.0069574566939074,0.0243410301552383,41.24513618677044,8.171206225680946,35.22393474475082,9.059233449477343
20250514,0.937,0.948,0.936,0.939,124567.11,11718.742,,,,,124567.11,0.89355,,,147299.62,136929.54,0.0194999999999999,0.0175999999999999,0.0068999408563703,-0.0041859771838519,0.0221718360804445,39.45312500000003,8.984374999999972,36.4319107893949,6.221719457013575
20250515,0.946,0.947,0.921,0.921,118538.01,10997.195,,,,,118538.01,0.8955,,,136859.462,137016.38999999998,0.0209999999999999,0.0181999999999999,0.0067070431827397,-0.0020073731105335,0.0174288325865466,37.26937269372698,14.022140221402202,36.11335301965522,4.421768707482987
20250516,0.913,0.931,0.913,0.921,81753.0,7558.683,,,,,81753.0,0.8979000000000001,,,124470.448,135477.6365,0.0215999999999999,0.0183499999999999,0.0064794789862173,-0.0003100026911833,0.0135789633548015,34.798534798534824,16.849816849816843,34.99313805115164,5.498281786941583
20250519,0.925,0.926,0.915,0.925,109900.38,10149.656,,,,,109900.38,0.9008500000000002,,,119999.508,134946.24300000002,0.0213999999999999,0.0178999999999999,0.006546436051777,0.0010612850574086,0.0109703019887367,36.121673003802314,13.68821292775664,34.63872147536103,6.812933025404155
20250520,0.925,0.929,0.921,0.926,70475.0,6524.098,159206.SZ,0.925,0.001,0.1081,70475.0,0.904,,,101046.7,131233.1895,0.0194999999999999,0.0175499999999999,0.0066040641110984,0.0021698408681466,0.0088684464859036,37.98449612403105,13.953488372093007,36.4555302884385,7.300115874855173
20250521,0.927,0.93,0.922,0.927,80812.02,7473.788,159206.SZ,0.926,0.001,0.108,80812.02,0.9067,,,92295.682,128219.4825,0.0185999999999999,0.0169999999999999,0.0066537263899275,0.0030666179725028,0.0071742168348494,38.823529411764746,10.980392156862727,40.32562842272345,6.185567010309279
20250522,0.935,0.936,0.92,0.93,96547.07,8990.919,,,,,96547.07,0.9092,,,87897.494,126335.781,0.0171999999999999,0.0171499999999999,0.006856125880293,0.0038245195540608,0.0060632126524643,40.54054054054058,9.652509652509629,44.03441963151466,5.681818181818188
20250523,0.923,0.928,0.908,0.908,138560.26,12698.4,159206.SZ,0.93,-0.022,-2.3656,138560.26,0.91105,,,99258.946,126590.144,0.0174999999999999,0.0176999999999999,0.0051815827359322,0.0040959321904351,0.0021713010909942,35.82089552238809,13.80597014925372,46.15775933967007,4.247990815154989
20250526,0.907,0.919,0.907,0.919,114832.0,10494.368,159206.SZ,0.908,0.011,1.2115,114832.0,0.9129000000000002,,,100245.27,124816.98650000004,0.0160999999999999,0.0174999999999999,0.0046880622355249,0.0042143581994531,0.0009474080721437,28.06324110671938,15.01976284584979,48.245087752445144,4.195011337868482
20250527,0.917,0.926,0.909,0.922,145283.18,13295.441,159206.SZ,0.919,0.003,0.3264,145283.18,0.9155,,,115206.906,124504.842,0.0149999999999999,0.0172999999999999,0.0044872919034619,0.0042689449402548,0.0004366939264141,24.1106719367589,15.01976284584979,48.81058831794571,5.977011494252871
20250528,0.921,0.927,0.92,0.923,75275.0,6952.997,159206.SZ,0.922,0.001,0.1085,75275.0,0.918,,,114099.502,121525.542,0.0145,0.0169999999999999,0.0043586280603531,0.0042868815642745,0.0001434929921571,17.826086956521774,16.521739130434764,46.10564558135742,5.727376861397482
20250529,0.92,0.944,0.92,0.942,121970.16,11452.367,159206.SZ,0.923,0.019,2.0585,121970.16,0.9219,,,119184.12,122029.33800000002,0.0143,0.0176499999999999,0.0057238215956912,0.0045742695705578,0.0022991040502667,24.25531914893617,16.17021276595743,43.19509818482872,9.027777777777768
20250530,0.942,0.942,0.93,0.938,116044.02,10850.087,159206.SZ,0.942,-0.004,-0.4246,116044.02,0.9254,,,114680.872,122088.589,0.0136999999999999,0.0176499999999999,0.0064091006151648,0.0049412357794792,0.0029357296713711,19.90950226244343,17.194570135746588,39.11726200695121,8.064516129032251
20250603,0.938,0.951,0.937,0.939,118932.01,11212.759,,,,,118932.01,0.92845,,,115500.874,121893.732,0.0139999999999999,0.0176999999999999,0.0069527340279699,0.0053435354291774,0.003218397197585,21.256038647342997,18.357487922705307,34.859257672127214,6.947608200455568
20250604,0.942,0.949,0.942,0.943,89437.33,8461.36,159206.SZ,0.939,0.004,0.426,89437.33,0.93035,,,104331.704,120059.639,0.0141999999999999,0.0168499999999999,0.0076185125248631,0.0057985308483145,0.0036399633530971,21.463414634146336,17.560975609756138,31.08045582880922,4.198895027624294
20250605,0.949,0.969,0.943,0.966,151905.28,14586.757,,,,,151905.28,0.9329,,,119657.76,118338.14100000002,0.0159999999999999,0.0172999999999999,0.0098880710335417,0.0066164388853599,0.0065432642963634,31.219512195121947,10.243902439024406,31.45649113501803,5.573770491803276
20250606,0.966,0.974,0.963,0.969,170179.1,16472.322,159206.SZ,0.966,0.003,0.3106,170179.1,0.93435,,,129299.548,118310.156,0.0154999999999999,0.0163499999999999,0.0117928468334062,0.0076517204749692,0.0082822527168739,34.84848484848485,6.565656565656576,33.85227041195973,3.0851063829787195
20250609,0.97,0.981,0.97,0.977,147134.23,14366.375,,,,,147134.23,0.93655,,,135517.59,118481.964,0.0144999999999999,0.0159999999999999,0.0137889777668225,0.0088791719333398,0.0098196116669652,38.19095477386936,6.532663316582925,35.691438191602664,4.715969989281876
20250610,0.978,0.98,0.959,0.969,119642.0,11604.436,,,,,119642.0,0.93715,,,135659.588,117851.30999999998,0.0153999999999999,0.0157499999999999,0.0145575820278543,0.0100148539522427,0.0090854561512232,34.43396226415095,11.320754716981147,35.99478156311036,1.2539184952978122
20250611,0.97,0.97,0.961,0.962,109200.15,10526.168,,,,,109200.15,0.9383,,,139612.152,115049.3655,0.0145999999999999,0.0147999999999999,0.0144354619243567,0.0108989755466655,0.0070729727553823,33.80281690140845,11.267605633802834,35.57295929089438,2.4494142705005384
20250612,0.964,0.976,0.96,0.965,108453.03,10533.183,159206.SZ,0.962,0.003,0.3119,108453.03,0.9396,0.9212666666666666,,130921.702,114243.6615,0.0154999999999999,0.0149999999999999,0.0144145933313104,0.0116020991035945,0.0056249884554317,33.80281690140845,11.267605633802834,34.74878346671854,2.7689030883919052
20250613,0.963,0.966,0.954,0.96,126331.04,12130.733,159206.SZ,0.965,-0.005,-0.5181,126331.04,0.94155,0.9206666666666666,,122152.09,114633.313,0.0142999999999999,0.0142999999999999,0.0138351140252904,0.0120487020879337,0.0035728238747134,35.467980295566505,8.86699507389164,35.86586187703003,4.234527687296419
20250616,0.955,0.969,0.954,0.969,129732.03,12512.829,159206.SZ,0.96,0.009,0.9375,129732.03,0.9439499999999998,0.9201833333333334,,118671.65,117032.2645,0.0146,0.0141499999999999,0.0139413896228498,0.0124272395949169,0.0030283000558657,36.407766990291265,8.252427184466033,38.20645108439226,5.211726384364823
20250617,0.971,0.973,0.959,0.97,133303.05,12840.537,159206.SZ,0.969,0.001,0.1032,133303.05,0.9462,0.9196333333333332,,121403.86000000002,118202.398,0.0146,0.0142999999999999,0.0139455498246658,0.0127309016408667,0.0024292963675982,35.467980295566505,8.374384236453215,40.961124625582656,4.86486486486486
20250618,0.969,0.976,0.965,0.976,110166.09,10691.828,159206.SZ,0.97,0.006,0.6186,110166.09,0.9487,0.9194666666666668,,121597.048,120186.95249999998,0.0147,0.0144499999999999,0.01426851807595,0.0130384249278834,0.0024601862961333,35.7487922705314,8.212560386473443,45.163974217220655,5.399568034557234
20250619,0.976,0.976,0.959,0.963,98682.3,9508.312,159206.SZ,0.976,-0.013,-1.332,98682.3,0.9505,0.9190833333333333,,119642.902,121080.46649999998,0.0138,0.0148999999999999,0.0133219146480281,0.0130951228719123,0.0004535835522315,28.500000000000032,11.500000000000012,46.77111707436351,3.8834951456310662
20250620,0.963,0.963,0.948,0.949,139408.68,13283.919,159206.SZ,0.963,-0.014,-1.4538,139408.68,0.95145,0.9188166666666668,,122258.43,123223.547,0.0142,0.0148499999999999,0.0113116479777413,0.0127384278930781,-0.0028535598306736,28.078817733990164,16.748768472906413,48.05380651036304,2.043010752688157
20250623,0.948,0.965,0.943,0.965,77007.18,7369.779,159206.SZ,0.949,0.016,1.686,77007.18,0.9543,0.9190333333333331,,111713.46,120145.893,0.0152,0.0148499999999999,0.0108840983303343,0.0123675619805293,-0.0029669273003901,22.748815165876778,18.48341232227488,48.27007468289698,6.277533039647576
20250624,0.96,0.979,0.96,0.977,101652.06,9909.377,159206.SZ,0.965,0.012,1.2435,101652.06,0.9572,0.9195666666666666,,105383.26200000002,119486.89600000002,0.015,0.0151999999999999,0.0113823531840145,0.0121705202212264,-0.0015763340744236,28.18181818181818,17.727272727272727,49.182380199162914,6.311207834602817
20250625,0.977,1.0,0.977,0.999,210028.41,20829.655,,,,,210028.41,0.9610499999999998,0.92045,,125355.726,122724.1575,0.0164,0.0154999999999999,0.0133979961242596,0.012416015401833,0.0019639614448531,29.03225806451613,17.972350230414747,47.249607089919216,8.351409978308011
20250626,1.001,1.011,0.995,0.997,203022.0,20378.93,159206.SZ,0.999,-0.002,-0.2002,203022.0,0.96475,0.92135,,146223.666,129111.5075,0.0164,0.0159499999999999,0.0146649756800155,0.0128658074574695,0.0035983364450919,31.081081081081045,17.567567567567576,44.355685293558395,8.017334777898144
20250627,0.998,1.01,0.997,1.002,118764.59,11950.749,,,,,118764.59,0.96775,0.9225166666666668,,142094.848,128951.229,0.0165,0.0153999999999999,0.0158893616489979,0.0134705182957752,0.0048376867064453,27.80269058295961,17.488789237668172,40.92609674882912,6.369426751592355
20250630,1.003,1.033,1.002,1.033,245242.93,25148.846,159206.SZ,1.002,0.031,3.0938,245242.93,0.9725,0.9242833333333332,,175741.998,135411.1745,0.0180999999999999,0.0163499999999999,0.0191404975318302,0.0146045141429862,0.0090719667776879,36.480686695278905,12.01716738197426,40.92088346015628,10.12793176972282
20250701,1.033,1.036,1.018,1.027,102205.63,10468.287,159206.SZ,1.033,-0.006,-0.5808,102205.63,0.9769,0.9258333333333334,,175852.712,134574.8555,0.0184999999999999,0.01655,0.020990925958188,0.0158817965060266,0.0102182589043229,36.363636363636346,11.570247933884309,41.04403616951589,9.371671991480302
20250702,1.026,1.026,1.0,1.007,162788.47,16398.728,,,,,162788.47,0.9801,0.9269666666666668,,166404.724,138242.4125,0.0200999999999999,0.0174,0.0206060373924206,0.0168266446833054,0.0075587854182304,32.41106719367588,18.181818181818205,39.48153616951589,6.7868504772004234
20250703,1.0,1.034,1.0,1.02,272331.26,27825.434,159206.SZ,1.007,0.013,1.291,272331.26,0.9828,0.92855,,180266.576,144263.71149999998,0.0217999999999999,0.0178,0.0211066969218916,0.0176826551310226,0.0068480835817378,32.727272727272734,14.545454545454565,37.94307463105435,5.590062111801242
20250704,1.018,1.018,1.0,1.005,252559.08,25414.396,159206.SZ,1.02,-0.015,-1.4706,252559.08,0.9846,0.9314166666666668,,207025.474,148382.7105,0.0222999999999999,0.01825,0.0200618381837631,0.0181584917415707,0.0038066928843848,31.071428571428573,14.285714285714304,36.08338861354567,3.7151702786377694
20250707,1.0,1.001,0.992,0.997,109270.18,10882.776,,,,,109270.18,0.9856,0.9344833333333332,,179830.924,146489.508,0.0213999999999999,0.0182999999999999,0.0183764150905426,0.0182020764113651,0.000348677358355,29.74910394265234,17.204301075268845,33.5776603594685,2.0470829068577334
20250708,0.997,1.012,0.995,1.012,107001.28,10764.027,,,,,107001.28,0.98775,0.9372666666666666,,180790.054,145857.472,0.0211999999999999,0.0180999999999999,0.018043090272885,0.0181702791836691,-0.000254377821568,31.929824561403557,16.84210526315792,31.31322387098268,4.4375644994840036
20250709,1.008,1.013,0.999,1.002,112251.09,11277.545,,,,,112251.09,0.98975,0.9396166666666668,,170682.578,146010.019,0.0202999999999999,0.0183499999999999,0.0167785982901291,0.0178919430049611,-0.0022266894296639,32.62411347517733,14.893617021276626,30.942754787827027,4.158004158004158
20250710,1.0,1.002,0.992,1.0,102766.04,10239.007,,,,,102766.04,0.9915,0.94155,,136769.534,145725.66950000002,0.0196999999999999,0.0180499999999999,0.015437146186373,0.0174009836412435,-0.0039276749097409,33.21299638989172,13.718411552346598,32.10445023523676,3.62694300518136
20250711,1.0,1.005,0.994,1.002,108078.1,10814.888,,,,,108078.1,0.9936,0.94355,,107873.33800000002,144813.0225,0.0194999999999999,0.0179999999999999,0.0143697732140697,0.0167947415558087,-0.004849936683478,35.71428571428572,12.406015037594017,34.82535540765055,4.374999999999996
20250714,1.002,1.01,0.992,0.997,123910.0,12329.556,,,,,123910.0,0.995,0.9456166666666664,,110801.302,144521.921,0.0181999999999999,0.0181499999999999,0.0129708938401674,0.0160299720126805,-0.006118156345026,32.452830188679286,12.452830188679275,36.380036686102514,2.8895768833849367
20250715,0.997,1.0,0.984,0.993,140780.0,13942.035,159206.SZ,0.997,-0.004,-0.4012,140780.0,0.99615,0.9477333333333332,,117557.046,144895.76849999998,0.0179999999999999,0.0182499999999999,0.011408000953604,0.0151055778008652,-0.0073951536945223,25.19379844961242,15.891472868217091,36.3166150910494,2.3711340206185483
20250716,0.991,1.002,0.991,0.995,190595.13,18957.156,159206.SZ,0.993,0.002,0.2014,190595.13,0.9971,0.9499333333333332,,133225.854,148917.2205,0.0163999999999999,0.0182499999999999,0.0102130506754861,0.0141270723757894,-0.0078280434006064,22.134387351778702,16.205533596837977,35.43705364447764,1.946721311475419
20250717,0.995,1.012,0.991,1.012,161183.25,16163.098,,,,,161183.25,0.99955,0.95225,,144909.296,152042.268,0.0150999999999999,0.0184499999999999,0.0105165733843626,0.013404972577504,-0.0057767983862828,25.287356321839138,15.708812260536432,35.47935426973377,5.088265835929384
20250718,1.012,1.014,1.003,1.007,118619.28,11943.599,159206.SZ,1.012,-0.005,-0.4941,118619.28,1.00245,0.9543666666666668,,147017.532,151002.798,0.0141999999999999,0.0182499999999999,0.0102356686875066,0.0127711117995045,-0.0050708862239957,18.672199170124554,17.012448132780104,32.20854604934746,6.111696522655419
20250721,1.007,1.009,1.002,1.007,110560.07,11111.975,159206.SZ,1.007,0.0,0.0,110560.07,1.00455,0.9566333333333332,,144347.546,152680.44249999998,0.0135999999999999,0.0174999999999999,0.0098989408630469,0.012196677612213,-0.0045954734983321,18.260869565217423,18.26086956521738,28.513964768559298,4.352331606217619
20250722,1.006,1.014,1.0,1.003,255750.37,25840.661,159206.SZ,1.007,-0.004,-0.3972,255750.37,1.00585,0.95865,,167341.62,160385.35799999998,0.0132999999999999,0.0172499999999999,0.0092032260049881,0.011597987290768,-0.0047895225715598,21.65898617511529,11.059907834101349,28.818919496929546,2.6612077789150312
20250723,1.003,1.012,0.996,1.003,128849.09,12937.019,159206.SZ,1.003,0.0,0.0,128849.09,1.00605,0.9608666666666666,,154992.412,156326.392,0.0135,0.0168999999999999,0.0085532701930618,0.0109890438712268,-0.0048715473563299,19.597989949748833,14.070351758793938,27.24437463880263,0.4004004004003914
20250724,0.999,1.013,0.999,1.013,109926.06,11095.259,159206.SZ,1.003,0.01,0.997,109926.06,1.00685,0.9632,,144740.974,151671.595,0.0138999999999999,0.0167999999999999,0.0087442931872158,0.0105400937344246,-0.0035916010944176,20.72538860103632,14.507772020725366,25.861459267929884,1.604814443329983
20250725,1.017,1.017,1.005,1.014,105941.99,10687.998,159206.SZ,1.013,0.001,0.0987,105941.99,1.00745,0.9657,,142205.516,151030.465,0.014,0.0167499999999999,0.0088740770921829,0.0102068904059762,-0.0026656266275867,22.916666666666703,10.416666666666623,26.631633749936448,1.1976047904191711
20250728,1.016,1.026,1.013,1.026,115717.49,11825.694,,,,,115717.49,1.0071,0.9683333333333332,,143237.0,144554.193,0.0135,0.0158499999999999,0.0098318955124029,0.0101318914272616,-0.0005999918297173,22.34042553191492,10.63829787234038,26.956535119163668,-0.6776379477250627
20250729,1.026,1.036,1.021,1.035,213171.19,21989.255,159206.SZ,1.026,0.009,0.8772,213171.19,1.0074999999999998,0.97095,,134721.16400000002,150102.471,0.0134,0.0157,0.0111882273742573,0.0103431586166607,0.0016901375151932,26.984126984127045,10.582010582010524,27.410002190246903,0.778967867575453
20250730,1.035,1.045,1.019,1.029,158586.31,16374.845,159206.SZ,1.035,-0.006,-0.5797,158586.31,1.0086,0.9730166666666666,,140668.60799999998,149892.36299999998,0.0149,0.01565,0.0116447468970863,0.0106034762727458,0.0020825412486809,29.268292682926827,6.3414634146340925,29.041795054916506,2.1847070506454846
20250731,1.026,1.043,1.019,1.024,154860.25,15986.534,159206.SZ,1.029,-0.005,-0.4859,154860.25,1.0088,0.9748333333333332,,149655.446,144018.8125,0.0152,0.01515,0.0114708548207036,0.0107769519823374,0.0013878056767323,26.14678899082572,5.963302752293524,30.07176954471245,0.3921568627450966
20250801,1.022,1.032,1.012,1.019,104136.12,10609.623,,,,,104136.12,1.0094999999999998,0.97615,,149294.272,136597.6645,0.0161,0.01515,0.0108050321988002,0.01078256802563,4.4928346340476766e-05,23.636363636363622,9.090909090908983,30.06510021031206,1.3930348258706535
20250804,1.019,1.055,1.016,1.053,165111.77,17212.681,,,,,165111.77,1.0123,0.97815,,159173.128,139389.744,0.0193,0.01645,0.0128724927406274,0.0112005529686294,0.0033438795439958,30.86419753086415,4.93827160493818,33.6202633295611,5.6168505516549505
20250805,1.055,1.07,1.054,1.067,170533.94,18129.051,,,,,170533.94,1.01505,0.9799833333333332,,150645.678,142566.377,0.0196,0.01645,0.0154624120512825,0.01205292478516,0.0068189745322448,35.34136546184737,4.819277108433643,37.944269220577326,5.434782608695654
20250806,1.064,1.087,1.062,1.087,159339.74,17211.09,159206.SZ,1.067,0.02,1.8744,159339.74,1.0193,0.98245,,150796.364,144920.8095,0.0205,0.017,0.0189107828838324,0.0134244964048945,0.0109725729578757,37.54940711462446,4.7430830039524805,41.81609832605131,8.483033932135719
20250807,1.088,1.099,1.078,1.094,186128.33,20267.061,159206.SZ,1.087,0.007,0.644,186128.33,1.024,0.9850333333333332,,157049.98,149088.924,0.0212,0.01755,0.0219553949847326,0.0151306761208621,0.0136494377277409,39.92395437262356,4.56273764258547,47.161528090085746,9.40000000000001
20250808,1.09,1.112,1.089,1.096,194785.61,21444.074,,,,,194785.61,1.0287000000000002,0.98795,,175179.878,153424.29950000002,0.0223,0.01815,0.0242501150639593,0.0169545639094816,0.0145911023089554,42.29390681003585,3.942652329749064,53.08622354966492,9.381237524950103
20250811,1.096,1.115,1.096,1.108,192520.2,21307.342,159206.SZ,1.096,0.012,1.0949,192520.2,1.03425,0.9910666666666668,,180661.564,156854.8095,0.0229,0.0182,0.0267288830455305,0.0189094277366914,0.0156389106176783,40.845070422535144,3.8732394366196807,56.67785206088974,11.133400200601804
20250812,1.102,1.107,1.083,1.095,200574.81,21916.681,159206.SZ,1.108,-0.013,-1.1733,200574.81,1.03935,0.9939,,186669.738,159844.55,0.0239,0.01865,0.0273292980391202,0.0205934017971771,0.013471792483886,39.59044368600675,6.825938566552901,60.54716097848661,10.271903323262844
20250813,1.093,1.117,1.093,1.107,175870.16,19472.752,159206.SZ,1.095,0.012,1.0959,175870.16,1.0449499999999998,0.9969166666666668,,189975.822,159108.3015,0.0237,0.0193,0.0284455286119997,0.0221638271601416,0.0125634029037161,41.25412541254121,6.600660066006599,64.45907056990937,11.256281407035186
20250814,1.12,1.12,1.079,1.082,384900.34,42055.74,159206.SZ,1.107,-0.025,-2.2584,384900.34,1.04845,0.9995,,229730.224,170294.156,0.0254,0.0203,0.0270016006720963,0.0231313818625326,0.0077404376191274,36.44578313253007,10.24096385542168,65.78971573119966,6.9169960474308345
20250815,1.083,1.102,1.082,1.102,161898.06,17720.431,,,,,161898.06,1.0532,1.0023666666666666,,223152.714,172458.095,0.0254,0.02075,0.0271580491445697,0.02393671531894,0.0064426676512594,33.038348082595796,10.02949852507374,67.07120048594997,9.433962264150964
20250818,1.102,1.124,1.101,1.12,225193.03,25128.534,,,,,225193.03,1.05885,1.0059,,229687.28000000003,178189.74300000002,0.0238,0.02155,0.0284070267324669,0.0248307776016454,0.007152498261643,35.73487031700281,9.798270893371754,68.02120430634065,11.22144985104272
20250819,1.122,1.126,1.108,1.119,231267.19,25886.815,159206.SZ,1.12,-0.001,-0.0893,231267.19,1.06465,1.0092333333333334,,235825.756,176965.584,0.0239,0.02175,0.028982071546546,0.0256610363906255,0.006642070311841,34.513274336283104,10.029498525073748,67.34858471872512,11.565304087736797
20250820,1.119,1.136,1.111,1.134,291612.03,32769.813,,,,,291612.03,1.0712,1.0127666666666666,,258974.13000000003,185103.73099999997,0.0239,0.0222,0.0302989064117471,0.0265886103948498,0.0074205920337945,37.35294117647051,10.000000000000004,66.98478702573486,13.060817547357928
20250821,1.136,1.145,1.117,1.122,169575.0,19116.379,,,,,169575.0,1.07665,1.0160833333333332,,215909.062,188086.178,0.0246,0.0229,0.0300280629994489,0.0272765009157697,0.0055031241673584,39.080459770114906,7.758620689655209,68.58669568285819,10.760118460019765
20250822,1.122,1.156,1.118,1.156,159183.02,18134.264,,,,,159183.02,1.08375,1.01965,,215366.054,190748.2295,0.0260999999999999,0.0242,0.0321859143089082,0.0282583835943974,0.0078550614290217,35.73487031700286,7.780979827089377,68.00273978947088,14.003944773175526
20250825,1.181,1.197,1.15,1.197,804104.02,94828.934,,,,,804104.02,1.0923,1.0239666666666667,,331148.25200000004,225167.556,0.0289,0.0259,0.0367804027786111,0.0299627874312401,0.0136352306947419,39.78779840848804,7.1618037135278865,67.53784874830862,16.666666666666675
20250826,1.231,1.234,1.19,1.197,1449340.73,174751.623,159206.SZ,1.197,0.0,0.0,1449340.73,1.1004,1.0282666666666669,,574762.9600000001,286976.033,0.0308,0.02735,0.039960923342867,0.0319624146135655,0.015997017458603,42.92929292929289,6.818181818181849,67.18204439326327,15.652173913043498
20250827,1.192,1.225,1.18,1.182,966638.0,116137.034,,,,,966638.0,1.10805,1.03225,,709768.154,327378.6175,0.0329,0.0283,0.0408008078494166,0.0337300932607357,0.0141414291773617,37.61904761904757,8.809523809523835,65.93662314784198,14.868804664723044
20250828,1.21,1.242,1.193,1.24,1925829.08,235088.25,,,,,1925829.08,1.11885,1.0368166666666667,,1061018.97,415927.059,0.0348,0.0301,0.0456206511767769,0.036108204843944,0.0190248926656658,35.44857768052508,8.09628008752738,64.4986469991027,21.09375
20250829,1.241,1.249,1.217,1.234,1812662.0,223451.493,,,,,1812662.0,1.1296000000000002,1.0412333333333332,,1391714.766,501353.353,0.036,0.0307,0.0483983557645746,0.0385662350280701,0.019664241473009,35.31914893617017,7.872340425531939,63.13219219019026,21.09911678115801
20250901,1.239,1.241,1.204,1.225,1380384.06,168335.13,,,,,1380384.06,1.1382,1.0453666666666666,,1506970.774,562116.9675,0.0374,0.0306,0.0493051231109735,0.0407140126446508,0.0171822209326455,34.43983402489622,7.676348547717865,62.629232385578746,16.33428300094968
20250902,1.225,1.225,1.162,1.172,1806433.05,214216.938,159206.SZ,1.225,-0.053,-4.3265,1806433.05,1.14345,1.04875,,1578389.238,643911.923,0.0419,0.0329,0.0452257513953491,0.0416163603947904,0.0072187820011172,29.942418426103597,15.163147792706352,59.79724412439018,9.8406747891284
20250903,1.172,1.175,1.124,1.13,1077135.25,124077.778,159206.SZ,1.172,-0.042,-3.5836,1077135.25,1.1456,1.05155,,1600488.6879999998,689801.6985,0.0445,0.0342,0.0381638419156393,0.0409258566989602,-0.0055240295666417,29.37853107344629,19.397363465160055,57.24969328190847,3.955841766329349
20250904,1.128,1.136,1.066,1.084,845803.38,93479.477,,,,,845803.38,1.1451,1.0535333333333334,,1384483.548,722785.4510000001,0.0487,0.03665,0.0285265756062869,0.0384460004804255,-0.0198388497482773,26.85025817555935,27.710843373493972,53.5463096770513,-0.9140767824497242
20250905,1.084,1.114,1.078,1.111,1134565.04,124154.464,159206.SZ,1.084,0.027,2.4908,1134565.04,1.1458499999999998,1.05605,,1248864.1560000002,769774.4225,0.0485,0.0373,0.0228047678071499,0.0353177539457704,-0.0250259722772411,22.55892255892254,27.104377104377104,50.131346609653136,1.3686131386861256
20250908,1.128,1.149,1.107,1.148,2157881.06,244714.287,,,,,2157881.06,1.14785,1.0590333333333333,,1404363.556,868042.4655000002,0.048,0.03845,0.0210135535165765,0.0324569138599316,-0.0228867206867103,27.022653721682836,26.05177993527507,46.335802386472025,3.610108303249082
20250909,1.151,1.152,1.114,1.116,1828612.0,207052.007,,,,,1828612.0,1.1489,1.0614666666666668,,1408799.346,949444.325,0.0474,0.0391,0.0168180032488443,0.0293291317377142,-0.0250222569777397,25.356576862123593,25.51505546751188,42.23205605250569,1.9178082191780856
20250910,1.109,1.14,1.109,1.128,1000407.0,112934.561,,,,,1000407.0,1.14995,1.064,,1393453.696,990671.167,0.046,0.03945,0.0142964980163038,0.0263226049934321,-0.0240522139542565,23.81703470031542,26.182965299684565,37.79353430640331,1.8970189701897011
20250911,1.126,1.162,1.115,1.161,1697998.02,194826.927,159206.SZ,1.128,0.033,2.9255,1697998.02,1.1539,1.0673,,1563892.6240000003,1056326.0510000002,0.0446999999999999,0.0397499999999999,0.0147905153068625,0.0240161870561182,-0.0184513434985112,25.194401244167945,25.81648522550546,33.29218442062444,7.301293900184835
20250912,1.162,1.174,1.154,1.161,1961338.01,228564.034,,,,,1961338.01,1.15685,1.0708333333333333,,1729247.218,1146298.0485,0.0434999999999999,0.0397499999999999,0.0150090130096438,0.0222147522468233,-0.0144114784743589,21.59090909090905,26.948051948051972,29.116846125905173,5.353901996370225
20250915,1.162,1.169,1.148,1.149,785340.01,90808.321,,,,,785340.01,1.1583,1.0739,,1454739.008,1174305.3975000002,0.0418999999999999,0.03965,0.0140518928279522,0.0205821803630491,-0.0130605750701937,16.18887015177063,29.005059021922445,25.957515873613353,2.589285714285716
20250916,1.146,1.166,1.143,1.165,1058760.14,122263.404,159206.SZ,1.149,0.016,1.3925,1058760.14,1.1606,1.0770333333333333,,1300768.636,1215680.0450000002,0.0378999999999999,0.0399,0.0144182300892714,0.0193493903082936,-0.0098623204380442,16.812609457092798,29.246935201401055,23.45358127842402,4.110813226094723
20250917,1.158,1.174,1.15,1.17,668731.0,77932.359,,,,,668731.0,1.1624,1.0798833333333335,,1234433.436,1234535.9935,0.0351999999999999,0.03985,0.0149397965465525,0.0184674715559453,-0.0070553500187857,16.261682242990652,31.21495327102805,21.216580752735975,3.1746031746031855
20250918,1.17,1.2,1.148,1.166,1871671.01,220812.03,159206.SZ,1.17,-0.004,-0.3419,1871671.01,1.1646,1.0827,,1269168.034,1319640.794,0.0333999999999999,0.04105,0.0148590888245185,0.01774579500966,-0.0057734123702828,19.09909909909908,30.0900900900901,18.273546775219256,3.9215686274509665
20250919,1.163,1.18,1.154,1.159,886606.0,103423.689,,,,,886606.0,1.1647500000000002,1.0853166666666667,,1054221.632,1356011.943,0.0323999999999999,0.04045,0.0140681173747825,0.0170102594826845,-0.0058842842158039,19.48529411764704,28.308823529411757,15.053171091789396,0.2595155709342656
20250922,1.153,1.17,1.147,1.17,505892.72,58750.897,159206.SZ,1.159,0.011,0.9491,505892.72,1.1634,1.0876,,998332.174,1341101.378,0.0304999999999999,0.03925,0.0141655828500628,0.0164413241561601,-0.0045514826121946,21.031746031746025,23.61111111111109,13.12544397257292,-2.2556390977443774
20250923,1.17,1.173,1.13,1.156,817970.07,94028.279,159206.SZ,1.17,-0.014,-1.1966,817970.07,1.16135,1.0897499999999998,,950174.16,1309532.845,0.031,0.0392,0.0129637044292703,0.0157458002107822,-0.0055641915630238,21.370967741935463,19.75806451612906,11.94389027001081,-3.425229741019231
20250924,1.14,1.181,1.14,1.179,1885996.0,220708.929,159206.SZ,1.156,0.023,1.9896,1885996.0,1.1612,1.0926166666666668,,1193627.16,1355500.745,0.032,0.039,0.0137090851032446,0.0153384571892747,-0.0032587441720601,24.411134903640225,8.56531049250536,15.263508911846657,-0.25380710659898
20250925,1.179,1.191,1.171,1.183,794257.3,93931.12,159206.SZ,1.179,0.004,0.3393,794257.3,1.15835,1.0953333333333333,,978144.418,1298922.156,0.0293,0.037,0.0144559322397974,0.0151619521993792,-0.0014120399191635,27.49445676274942,8.869179600886925,18.26829247057812,-4.596774193548381
20250926,1.182,1.189,1.165,1.166,980062.0,115389.778,159206.SZ,1.183,-0.017,-1.437,980062.0,1.15495,1.0980166666666666,,996835.618,1257292.156,0.0297,0.0366,0.0135202035605748,0.0148336024716183,-0.0026267978220871,20.554272517321003,10.62355658198615,20.41276272480447,-5.510534846029181
20250929,1.166,1.172,1.149,1.169,917864.0,106388.344,159206.SZ,1.166,0.003,0.2573,917864.0,1.1521500000000002,1.1008833333333332,,1079229.874,1234166.153,0.0299,0.0359,0.0128723226459632,0.0144413465064873,-0.0031380477210481,20.57416267942585,14.832535885167472,21.548811991694855,-4.571428571428571
20250930,1.176,1.196,1.173,1.196,1552775.0,184257.337,159206.SZ,1.169,0.027,2.3097,1552775.0,1.15335,1.10395,,1226190.86,1221483.2504999998,0.0303,0.0340999999999999,0.0143718766570688,0.0144274525366036,-0.0001111517590696,26.57004830917876,13.768115942028968,23.477716687935537,2.0477815699658786
20251009,1.198,1.223,1.195,1.213,1614627.0,195138.514,,,,,1614627.0,1.1575,1.1074666666666668,,1171917.06,1248357.838,0.0307,0.0329499999999999,0.0167390841967431,0.0148897788686315,0.0036986106562232,29.11392405063295,14.43037974683542,25.799246547752418,7.345132743362859
20251010,1.212,1.212,1.176,1.186,1691295.07,202104.838,,,,,1691295.07,1.1626,1.1105666666666667,,1351324.614,1290632.4225,0.0292,0.0313,0.0162491290304283,0.0151616489009909,0.0021749602588747,25.00000000000003,18.446601941747577,26.088318660968316,9.409594095940951
20251013,1.162,1.201,1.141,1.201,658386.05,77656.624,159206.SZ,1.186,0.015,1.2648,658386.05,1.1671,1.1138833333333331,,1286989.424,1266823.473,0.0326,0.0325,0.0168766669596069,0.0155046525127141,0.0027440288937857,22.838137472283844,23.28159645232814,24.131413625705058,8.100810081008113
20251014,1.21,1.213,1.159,1.165,996800.07,117848.1,159206.SZ,1.201,-0.036,-2.9975,996800.07,1.16795,1.1166833333333333,,1302776.638,1208769.4235,0.0357,0.0331,0.0143042061695379,0.0152645632440788,-0.0019207141490818,23.858921161825748,20.74688796680498,22.701452659091863,1.4808362369338024
20251015,1.158,1.181,1.149,1.181,573305.0,66924.248,,,,,573305.0,1.1712,1.1198166666666665,,1106882.638,1146004.0735,0.0346,0.0328,0.013402087816412,0.0148920681585455,-0.0029799606842669,21.836734693877577,22.44897959183674,20.55048305103019,5.824372759856633
20251016,1.177,1.177,1.158,1.162,537172.0,62713.998,,,,,537172.0,1.1728999999999998,1.1225999999999998,,891391.638,1122842.3235,0.0328,0.0324,0.0110269000717531,0.014119034541187,-0.0061842689388678,17.57049891540132,23.861171366594355,20.0389776030999,3.014184397163122
20251017,1.163,1.171,1.116,1.118,806851.0,92008.69,159206.SZ,1.162,-0.044,-3.7866,806851.0,1.17075,1.1243666666666663,,714502.824,1078284.9725,0.0363,0.0328,0.0055303638037524,0.0124013003937001,-0.0137418731798952,16.53061224489798,31.020408163265262,20.896875070439417,-3.703703703703698
20251020,1.128,1.152,1.125,1.135,680546.09,77518.98,159206.SZ,1.118,0.017,1.5206,680546.09,1.16945,1.1265,,718934.832,1014245.3765,0.0373,0.0335,0.0025170620119714,0.0104244527173543,-0.0158147814107659,16.167664670658706,28.942115768463054,22.50693266279789,-2.239448751076656
20251021,1.147,1.152,1.139,1.152,614894.0,70524.605,159206.SZ,1.135,0.017,1.4978,614894.0,1.1696,1.1289166666666666,,642553.618,1005723.076,0.0366999999999999,0.0333,0.0014836539185592,0.0086362929575953,-0.0143052780780723,17.052631578947405,26.9473684210526,23.833109066373673,0.2610966057441155
20251022,1.144,1.146,1.129,1.136,555767.03,63163.066,,,,,555767.03,1.16815,1.131133333333333,,639046.024,980573.4205,0.0363,0.0333,-0.000619257310394,0.0067851829039974,-0.014808880428783,15.973741794310763,30.196936542669572,22.60123329150534,-2.489270386266107
20251023,1.13,1.132,1.105,1.125,598196.02,66839.186,159206.SZ,1.136,-0.011,-0.9683,598196.02,1.1659000000000002,1.1331666666666669,,651250.828,977046.6715,0.0365999999999999,0.03365,-0.0031372731472048,0.004800691693757,-0.0158759296819236,13.461538461538504,34.61538461538461,22.085553848996625,-3.846153846153843
20251024,1.145,1.175,1.145,1.167,2543682.0,296500.363,159206.SZ,1.125,0.042,3.7333,2543682.0,1.16595,1.1357333333333337,,998617.028,1010647.221,0.0378999999999999,0.03355,-0.001723897826789,0.0034957737896478,-0.0104393432328737,21.457489878542585,31.57894736842105,21.17356224998212,0.0857632933104701
20251027,1.173,1.192,1.17,1.192,2348480.86,277535.972,,,,,2348480.86,1.1675999999999995,1.1387,,1332203.982,1083740.9640000002,0.0343999999999999,0.0334999999999999,0.0013973950633006,0.0030760980443783,-0.0033574059621555,24.798387096774245,28.225806451612893,20.4769666864664,2.847282139775653
20251028,1.19,1.21,1.185,1.199,1541652.99,184832.266,159206.SZ,1.192,0.007,0.5872,1541652.99,1.16905,1.1415833333333334,,1517555.7799999998,1135528.9775,0.0314999999999999,0.0336,0.0043853322841593,0.0033379448923345,0.0020947747836496,23.684210526315844,28.340080971659916,18.84931592905957,2.478632478632492
20251029,1.198,1.218,1.19,1.208,1395627.01,168221.051,159206.SZ,1.199,0.009,0.7506,1395627.01,1.17165,1.1444666666666667,,1685527.7759999998,1164411.8245,0.0310999999999999,0.0328499999999999,0.0073942821605113,0.0041492123459699,0.0064901396290827,19.838056680161973,28.340080971659916,17.701182256986076,4.498269896193774
20251030,1.212,1.22,1.189,1.204,1333536.62,160862.387,159206.SZ,1.208,-0.004,-0.3311,1333536.62,1.1728999999999998,1.1473833333333332,,1832595.896,1136788.8555,0.0318999999999999,0.0323499999999999,0.0093483678794705,0.00518904345267,0.008318648853601,20.491803278688565,24.795081967213093,17.302501082754443,2.120441051738764
20251031,1.2,1.201,1.18,1.182,1025402.02,121908.985,159206.SZ,1.204,-0.022,-1.8272,1025402.02,1.17285,1.150016666666667,,1528939.9,1148346.0915,0.0287999999999999,0.0325499999999999,0.0090178268572367,0.0059548001335833,0.0061260534473066,22.12389380530978,21.017699115044262,17.416969947223322,-0.0845308537616329
20251103,1.181,1.195,1.168,1.195,732103.0,86594.002,,,,,732103.0,1.1743,1.15295,,1205664.3280000002,1135948.1415,0.0280999999999999,0.0326999999999999,0.0096931257502759,0.0067024652569218,0.005981320986708,20.705882352941213,25.17647058823531,17.614601772762118,2.487135506003435
20251104,1.19,1.194,1.162,1.168,679145.0,79828.343,,,,,679145.0,1.17425,1.1548666666666667,,1033162.73,1124012.1915000002,0.0296999999999999,0.0331999999999999,0.0079578969542208,0.0069535515963816,0.0020086907156783,20.657276995305196,24.178403755868555,18.076809962912016,-0.085543199315663
20251105,1.15,1.168,1.148,1.164,1192194.0,138624.597,,,,,1192194.0,1.17265,1.1564833333333333,,992476.128,1105983.1415,0.0294,0.03285,0.0061886106102551,0.0068005633991563,-0.0012239055778025,20.803782505910203,27.65957446808513,18.002745347920317,-2.6755852842809347
20251106,1.168,1.175,1.157,1.173,615688.58,71902.326,159206.SZ,1.164,0.009,0.7732,615688.58,1.17065,1.1579166666666665,,848906.5199999999,1056036.2205,0.0281,0.03235,0.0054498408466321,0.0065304188886515,-0.0021611560840387,24.61139896373064,19.430051813471565,16.66650269635326,-3.2976092333058538
20251107,1.168,1.191,1.157,1.185,1022827.0,120403.555,159206.SZ,1.173,0.012,1.023,1022827.0,1.1706,1.159433333333333,,848391.5160000001,1022612.817,0.0265,0.0321999999999999,0.0057661911361397,0.0063775733381491,-0.0012227644040188,28.756476683937887,19.43005181347155,16.026235170559044,-0.0843170320404596
20251110,1.202,1.216,1.18,1.189,1296331.0,154902.711,159206.SZ,1.185,0.004,0.3376,1296331.0,1.17,1.1609833333333333,,961237.116,1054510.0645,0.0276,0.0309999999999999,0.0062674206662536,0.00635554280377,-0.0001762442750328,33.58024691358027,18.51851851851856,16.48494333692499,-0.9991673605328932
20251111,1.194,1.195,1.168,1.171,976792.05,115103.309,159206.SZ,1.189,-0.018,-1.5139,976792.05,1.1703,1.1620333333333337,,1020766.526,1053509.6635,0.0278,0.02965,0.0051528008318271,0.0061149944093814,-0.0019243871551087,33.2518337408313,18.826405867970696,16.2630750021136,0.5150214592274605
20251112,1.165,1.187,1.147,1.18,824341.77,95950.474,,,,,824341.77,1.1702499999999998,1.16345,,947196.08,1066061.502,0.029,0.03005,0.00493875052472,0.0058797456324491,-0.0018819902154583,32.535885167464116,17.70334928229665,15.22906139667143,-0.0846740050804539
20251113,1.171,1.198,1.171,1.187,942599.0,112162.638,,,,,942599.0,1.1715,1.1647833333333333,,1012578.164,1086332.852,0.0286,0.0302499999999999,0.0052731697937991,0.0057584304647191,-0.0009705213418401,26.329113924050585,18.734177215189877,15.069773048001492,2.151462994836506
20251114,1.18,1.187,1.166,1.166,627555.0,73732.613,,,,,627555.0,1.1739000000000002,1.1661833333333331,,933523.764,1077368.052,0.0283,0.02855,0.0037998724143732,0.0053667188546499,-0.0031336928805534,22.250639386189224,20.204603580562683,14.952301532389884,4.293381037567068
20251117,1.164,1.181,1.164,1.178,590361.0,69315.067,159206.SZ,1.166,0.012,1.0292,590361.0,1.17605,1.16745,,792329.7640000001,1072858.7975,0.0273,0.0277,0.0035595411636621,0.0050052833164524,-0.0028914843055804,18.015665796344603,21.14882506527416,14.884486079360446,3.7885462555065974
20251118,1.174,1.174,1.152,1.16,641244.97,74400.144,159206.SZ,1.178,-0.018,-1.528,641244.97,1.17645,1.1681166666666667,,725220.348,1074176.346,0.0266,0.02815,0.0018947854411544,0.0043831837413928,-0.0049767966004768,16.010498687663997,24.409448818897644,15.108211933338415,0.694444444444442
20251119,1.156,1.166,1.151,1.156,367557.11,42608.192,159206.SZ,1.16,-0.004,-0.3448,367557.11,1.17745,1.1687333333333334,,633863.416,1064765.85,0.0261,0.02775,0.0002498083315982,0.0035565086594339,-0.0066134006556713,16.164383561643792,25.753424657534225,16.0634658297688,1.760563380281699
20251120,1.155,1.161,1.146,1.15,437613.0,50414.287,,,,,437613.0,1.1787,1.169,,532866.216,1056736.699,0.0258,0.02695,-0.0015204706953371,0.0025411127884797,-0.0081231669676336,16.573033707865118,25.28089887640446,17.366413441441246,2.2222222222222143
20251121,1.138,1.142,1.105,1.109,679938.0,76105.575,,,,,679938.0,1.1758000000000002,1.1687833333333335,,543342.816,963549.499,0.0269,0.0267,-0.0061607694122201,0.0008007363483397,-0.0139230115211196,15.77540106951868,31.818181818181767,19.07814740036622,-4.970008568980299
20251124,1.121,1.156,1.119,1.15,925352.0,105243.974,,,,,925352.0,1.1737,1.1686833333333333,,610341.0160000001,892393.0560000001,0.028,0.0278,-0.0064554676159063,-0.0006505044445094,-0.0116099263427937,18.814432989690697,29.12371134020616,20.053288343417996,-3.523489932885915
20251125,1.148,1.183,1.147,1.17,1468927.01,171701.522,,,,,1468927.01,1.17225,1.1682333333333332,,775877.424,888756.757,0.0289,0.02835,-0.0050173483439694,-0.0015238732244014,-0.006986950239136,24.752475247524753,24.50495049504948,19.078729136232248,-2.4186822351960124
20251126,1.181,1.181,1.156,1.16,1014592.0,118136.723,,,,,1014592.0,1.16985,1.1676166666666663,,905284.402,869705.0064999999,0.0274,0.0282,-0.0046311597594723,-0.0021453305314156,-0.0049716584561134,22.62773722627734,24.08759124087588,18.46160728749275,-3.973509933774843
20251127,1.15,1.176,1.146,1.168,850510.0,99214.842,159206.SZ,1.16,0.008,0.6897,850510.0,1.16805,1.1673833333333334,,987863.802,845553.6755000001,0.0277,0.02815,-0.0036376369680917,-0.0024437918187508,-0.0023876902986817,18.918918918918887,26.781326781326747,18.30799745646357,-2.9900332225913595
20251128,1.171,1.198,1.171,1.198,1357918.55,161432.386,159206.SZ,1.168,0.03,2.5685,1357918.55,1.16885,1.166683333333333,,1123459.912,862179.5020000001,0.0286,0.02845,-0.0004246189752084,-0.0020399572500423,0.0032306765496679,18.45386533665835,27.182044887780517,17.60912106028316,1.3536379018612488
20251201,1.207,1.238,1.207,1.232,1936726.95,237210.313,,,,,1936726.95,1.1707,1.16665,,1325734.902,922410.6995,0.0309,0.0291,0.0048097924890189,-0.0006700073022301,0.010959599582498,27.536231884057965,23.42995169082123,16.206074026103366,3.0962343096234246
20251202,1.218,1.241,1.208,1.231,1447647.01,177579.261,159206.SZ,1.232,-0.001,-0.0812,1447647.01,1.1738499999999998,1.16675,,1321478.902,960835.8,0.0316,0.0291,0.0087762425821995,0.0012192426746558,0.0151139998150874,28.746928746928763,18.67321867321867,15.614625011264271,5.3938356164383805
20251203,1.222,1.238,1.196,1.209,2152579.0,260714.702,,,,,2152579.0,1.1761,1.1673666666666669,,1549076.302,1008855.05,0.0343,0.0302,0.0100288602611051,0.0029811661919456,0.0140953881383189,25.118483412322313,20.853080568720365,15.07351200634959,3.865979381443307
20251204,1.195,1.254,1.189,1.24,2135049.01,262579.913,,,,,2135049.01,1.17945,1.1692,,1805984.104,1084823.0715,0.0393,0.03255,0.0133689013455913,0.0050587132226748,0.016620376245833,26.180257510729664,17.811158798283238,16.08816294459738,5.71184995737426
20251205,1.239,1.296,1.23,1.295,2934135.42,371337.905,,,,,2934135.42,1.18495,1.1727166666666666,,2121227.478,1180388.4925,0.0414,0.03415,0.0202208548864781,0.0080911415554354,0.0242594266620853,31.84466019417481,15.728155339805808,17.936559446055103,9.282700421940929
20251208,1.313,1.344,1.301,1.307,5771816.0,764256.063,159206.SZ,1.295,0.012,0.9266,5771816.0,1.19085,1.1759833333333334,,2888245.288,1404162.7425,0.0416,0.0348,0.0263160224198057,0.0117361177283095,0.0291598093829924,39.40520446096658,12.825278810408902,20.087306512918076,9.924306139613105
20251209,1.282,1.327,1.282,1.31,3483658.0,456586.746,,,,,3483658.0,1.1978,1.1786833333333333,,3295447.486,1529506.0399999998,0.0425,0.0357,0.0310308571263184,0.0155950656079113,0.0308715830368142,37.32394366197187,15.316901408450686,21.43946387530562,11.870196413321942
20251210,1.301,1.331,1.296,1.325,2965242.01,390239.445,159206.SZ,1.31,0.015,1.145,2965242.01,1.20505,1.1821666666666666,,3457980.0879999995,1636551.052,0.0435,0.03545,0.0355677691371039,0.0195896063137498,0.0319563256467081,36.734693877551074,13.945578231292483,23.165254862841575,12.28813559322035
20251211,1.336,1.349,1.318,1.328,3649698.28,487494.677,159206.SZ,1.325,0.003,0.2264,3649698.28,1.2121,1.1855,,3760909.942,1771906.016,0.0436,0.03565,0.0389563153662138,0.0234629481242426,0.0309867344839423,40.76655052264813,7.1428571428571255,25.77053722093293,11.878685762426278
20251212,1.327,1.365,1.326,1.348,3373479.28,454384.895,,,,,3373479.28,1.2212,1.1886166666666669,,3848778.714,1909202.2299999995,0.0445,0.03655,0.0427626542594912,0.0273228893512923,0.0308795298163977,41.696113074205,7.243816254416944,29.26280404730946,15.608919382504304
20251215,1.349,1.399,1.337,1.383,3392985.0,466294.075,,,,,3392985.0,1.23145,1.1923166666666667,,3373012.514,2049333.4299999997,0.0467,0.0388,0.0480495277028338,0.0314682170216006,0.0331626213624664,41.047297297297334,6.9256756756756594,34.307393190207044,17.402376910016983
20251216,1.371,1.387,1.335,1.373,4114320.53,558890.757,159206.SZ,1.383,-0.01,-0.7231,4114320.53,1.2421,1.1960499999999998,,3499145.0199999996,2222987.2079999996,0.0486,0.0401,0.0508463712529987,0.0353438478678802,0.0310050467702369,39.25686591276256,6.946688206785123,39.07918389949776,18.36206896551724
20251217,1.356,1.385,1.337,1.362,4483907.0,607795.8,,,,,4483907.0,1.2524,1.1993333333333334,,3802878.018,2428804.7024999997,0.0492,0.04175,0.0515806917409857,0.0385912166425013,0.0259789501969688,38.14756671899532,5.180533751962309,43.28508785995994,17.82006920415227
20251218,1.35,1.433,1.35,1.404,4119006.5,578969.425,159206.SZ,1.362,0.042,3.0837,4119006.5,1.2651,1.2032333333333334,,3896739.661999999,2612874.3775,0.051,0.04515,0.0549186272601665,0.0418566987660344,0.0261238569882641,38.98550724637685,4.7826086956521605,47.50080302454059,22.086956521739133
20251219,1.408,1.448,1.406,1.424,3929254.03,559305.705,159206.SZ,1.404,0.02,1.4245,3929254.03,1.2808499999999998,1.2075333333333331,,4007894.612,2775340.179,0.0487999999999999,0.0451,0.0585034071995795,0.0451860404527434,0.0266347334936722,35.15850144092221,4.755043227665693,52.36626110744354,28.403967538322817
20251222,1.445,1.449,1.418,1.429,3640383.02,521408.558,159206.SZ,1.424,0.005,0.3511,3640383.02,1.2948,1.2120333333333333,,4057374.215999999,2911091.73,0.047,0.0443,0.0610441503749081,0.0483576624371763,0.0253729758754635,34.971098265895975,4.768786127167617,56.2774380134391,24.2608695652174
20251223,1.424,1.442,1.359,1.371,6677101.38,929067.275,159206.SZ,1.429,-0.058,-4.0588,6677101.38,1.3048499999999998,1.2153833333333333,,4569930.386,3171500.4485,0.0508,0.04665,0.0577123206646965,0.0502285940826804,0.0149674531640322,33.01500682128242,10.914051841746229,59.20831004849248,17.179487179487186
20251224,1.35,1.443,1.349,1.443,6540327.18,920081.936,159206.SZ,1.371,0.072,5.2516,6540327.18,1.319,1.2201666666666668,,4981214.422,3447787.2075000005,0.0567,0.0501,0.0601878122516852,0.0522204377164814,0.0159347490704076,29.658792650918652,11.81102362204722,60.92356607989546,24.39655172413795
20251225,1.435,1.544,1.435,1.543,8101494.63,1219863.824,159206.SZ,1.443,0.1,6.93,8101494.63,1.33775,1.2262333333333333,,5777712.0479999995,3810336.439,0.0645,0.05405,0.0694186069451756,0.0556600715622202,0.0275170707659107,35.40372670807455,11.180124223602464,62.21802672129487,32.10616438356164
20251226,1.548,1.599,1.531,1.584,9395789.03,1470720.443,,,,,9395789.03,1.35705,1.2329166666666669,,6871019.047999999,4212229.963,0.0674,0.05595,0.0791302710845749,0.0603541114666911,0.0375523192357674,35.43689320388349,10.92233009708736,62.36016253818987,32.220367278798
20251229,1.558,1.615,1.557,1.604,6886259.35,1097652.016,,,,,6886259.35,1.3756499999999998,1.2402166666666663,,7520194.314,4459706.583,0.067,0.05685,0.0874327968794368,0.0657698485492403,0.043325896660393,36.79808841099164,8.482676224611701,63.8406597855794,30.1948051948052
20251230,1.581,1.645,1.581,1.594,9442928.45,1518022.856,159206.SZ,1.604,-0.01,-0.6234,9442928.45,1.3938,1.2473,,8073359.728,4859470.654999999,0.0682,0.0584,0.0921435188340502,0.0710445826062023,0.0421978724556958,38.56812933025404,8.198614318706689,65.26721897500211,29.488220958570267
20251231,1.589,1.697,1.589,1.691,10731744.03,1780517.109,,,,,10731744.03,1.4179,1.25555,,8911643.098,5288428.9065,0.0742,0.0617,0.1025220785553677,0.0773400817960354,0.0503639935186647,39.02439024390243,7.529162248144211,65.08664328645375,39.867659222497934
20260105,1.73,1.74,1.676,1.727,11897929.1,2035710.166,159206.SZ,1.691,0.036,2.1289,11897929.1,1.44225,1.2641166666666666,,9670929.992,5776572.911,0.0723,0.06165,0.1123568808606123,0.0843434416089508,0.0560268785033231,40.80578512396692,7.334710743801644,65.02455650662166,39.2741935483871
20260106,1.7,1.798,1.692,1.793,9205125.4,1599918.819,159206.SZ,1.727,0.066,3.8217,9205125.4,1.46715,1.2742333333333336,1.09097,9632797.266,6090122.41,0.0785,0.06365,0.1240467472722925,0.0922841027416191,0.0635252890613468,41.403162055335955,7.015810276679833,65.01695990661344,38.45559845559845
20260107,1.764,1.786,1.721,1.773,10620224.32,1871294.811,159206.SZ,1.793,-0.02,-1.1154,10620224.32,1.49045,1.2837666666666665,1.094855,10379590.26,6332542.825999999,0.0826,0.0648,0.1301963947769164,0.0998665611486786,0.0606596672564756,40.60077519379844,6.686046511627899,65.14490573128057,35.654169854628925
20260108,1.757,1.884,1.749,1.883,10321482.42,1888646.659,159206.SZ,1.773,0.11,6.2042,10321482.42,1.5191,1.2957333333333334,1.09928,10555301.054,6674434.047,0.0878,0.0693,0.1423057038500328,0.1083543896889494,0.0679026283221667,46.20196604110811,6.1662198391420855,65.17087397582723,43.74045801526718
20260109,1.916,2.02,1.91,2.001,19773358.62,3885663.827,159206.SZ,1.883,0.118,6.2666,19773358.62,1.5529,1.3094,1.10427,12363623.972,7514839.8775,0.0921,0.0744,0.159584442253756,0.1186004002019107,0.0819680841036904,51.577152600170486,5.882352941176465,65.26941163209084,51.0188679245283
20260112,2.09,2.201,2.06,2.201,15353307.89,3284578.595,,,,,15353307.89,1.59655,1.3267166666666663,1.110345,13054699.73,8100020.358,0.1012,0.08285,0.1872577051939523,0.1323318612003191,0.1098516879872664,58.01354401805868,5.19187358916478,65.79785044443888,65.73795180722892
20260113,2.23,2.248,2.016,2.102,26926815.68,5680614.842,159206.SZ,2.201,-0.099,-4.498,26926815.68,1.6342500000000002,1.3431166666666667,1.115925,16599037.786000002,9277687.178,0.1176,0.0925,0.1989076097175368,0.1456470109037626,0.1065211976275483,53.39869281045752,4.509803921568623,66.39959181818928,55.934718100890194
20260114,2.087,2.23,2.064,2.129,31826936.67,6846613.646,,,,,31826936.67,1.67155,1.3596833333333334,1.121745,20840380.256,10699384.7615,0.1284,0.0977,0.2079221205583221,0.1581020328346745,0.0996401754472951,50.65096094234346,0.6199628022318665,69.77609619734484,53.940708604483014
20260115,2.04,2.061,1.925,1.968,16438733.47,3259785.505,,,,,16438733.47,1.7013000000000005,1.3732833333333332,1.126825,22063830.466,11315605.4085,0.1424,0.1053,0.1997719838032869,0.166436023028397,0.0666719215497798,47.417295414973886,8.067324434126522,71.7677052979524,43.335761107064826
20260116,1.968,2.014,1.941,1.974,14626371.05,2900388.224,,,,,14626371.05,1.7319,1.38725,1.13197,21034432.952,11822728.611,0.1388999999999999,0.10655,0.1915885776983072,0.1714665339623791,0.0402440874718563,42.44220509780677,8.239478363959691,72.87380387773518,44.93392070484581
20260119,1.928,2.015,1.928,1.975,12948584.76,2570874.65,159206.SZ,1.974,0.001,0.0507,12948584.76,1.7604499999999998,1.4014166666666668,1.137115,20553488.326,12264207.524,0.1412,0.10675,0.1830735036536845,0.1737879279006402,0.0185711515060887,38.745603751465424,8.90973036342322,73.56866422948006,40.66951566951569
20260120,1.997,2.011,1.852,1.895,13527712.36,2592499.8,159206.SZ,1.975,-0.08,-4.0506,13527712.36,1.784,1.41355,1.141875,17873667.662,12744130.4405,0.1465,0.1125,0.1679340752295079,0.1726171573664137,-0.0093661642738115,35.69452130603211,12.61759822910902,72.51390290760234,33.07584269662922
20260121,1.88,1.929,1.872,1.873,11153610.12,2116283.355,159206.SZ,1.895,-0.022,-1.1609,11153610.12,1.8062,1.4249,1.14658,13739002.352000002,13119791.7955,0.145,0.1138,0.1524039352934207,0.1685745129518152,-0.0323411553167888,34.16666666666667,12.666666666666664,71.15456017222165,31.070678796361097
20260122,1.875,1.947,1.865,1.937,15022900.84,2877420.609,,,,,15022900.84,1.8345,1.4372,1.15163,13455835.826,13537081.7685,0.1397,0.11375,0.1436050628615186,0.1635806229337559,-0.0399511201444744,32.750845546786934,12.852311161217584,69.43887143298518,41.28373450036471
20260123,1.975,2.131,1.961,2.131,18954354.73,3914546.332,,,,,18954354.73,1.8689,1.4525833333333331,1.157615,14321432.562,14157783.146000002,0.1454,0.11875,0.1505506179321192,0.1609746219334285,-0.0208480080026187,37.920168067226896,11.974789915966388,68.18687879043459,47.67844767844767
20260126,2.108,2.108,1.961,1.988,19660253.03,4002325.97,159206.SZ,2.131,-0.143,-6.7105,19660253.03,1.8911499999999997,1.46565,1.16286,15663766.216,14735721.066,0.1423999999999999,0.1217999999999999,0.1428692081676936,0.1573535391802816,-0.0289686620251758,33.73983739837399,11.58536585365854,66.60534419068821,28.8399222294232
20260127,1.939,2.014,1.939,2.002,11549152.91,2296442.681,,,,,11549152.91,1.91205,1.4793166666666666,1.168245,15268054.326,14843389.26,0.1266999999999999,0.1221499999999999,0.1363396796267029,0.1531507672695659,-0.0336221752857259,33.688483003551504,12.68391679350584,64.71777942915926,26.38888888888886
20260128,2.013,2.022,1.946,1.973,10697027.17,2110020.841,159206.SZ,2.002,-0.029,-1.4486,10697027.17,1.9305,1.4922833333333332,1.173945,15176737.736,15033927.651000002,0.1176999999999998,0.1230499999999999,0.1273568332811778,0.1479919804718883,-0.0412702943814208,30.020920502092064,13.075313807531384,62.06562774373941,23.004987531172063
20260129,1.951,1.995,1.926,1.928,9854684.85,1931121.193,159206.SZ,1.973,-0.045,-2.2808,9854684.85,1.9472,1.50495,1.17952,14143094.538,15054515.471,0.1041999999999999,0.1232999999999999,0.1152778871895991,0.1414491618154305,-0.0523425492516625,23.75271149674621,14.642082429501093,58.080169958553206,20.953575909661225
20260130,1.903,1.943,1.86,1.89,11446077.12,2168263.162,159206.SZ,1.928,-0.038,-1.971,11446077.12,1.95715,1.51705,1.1847450000000002,12641439.016,15090232.1255,0.1051999999999999,0.1220499999999999,0.1014692782894781,0.13345318511024,-0.0639678136415237,14.881297046902144,19.455703532136653,53.06236013647936,11.768184506209334
20260202,1.912,1.947,1.854,1.861,9051638.91,1719865.467,159206.SZ,1.89,-0.029,-1.5344,9051638.91,1.96385,1.5285166666666667,1.1897449999999998,10519716.192,14947917.616,0.1057999999999999,0.1234999999999999,0.0871808322476228,0.1241987145377166,-0.0740357645801875,13.224181360201504,21.53652392947104,48.740121868319015,7.759119861030683
20260203,1.886,1.946,1.846,1.946,12899934.86,2464523.111,,,,,12899934.86,1.9715,1.5412,1.195055,10789872.582,15132658.088999998,0.0998999999999999,0.1231999999999999,0.0817732938131479,0.1157136303928028,-0.0678806731593099,13.797634691195787,22.996057818659665,43.555720417291205,8.533184606804234
20260204,1.93,1.943,1.871,1.901,9809073.48,1871810.776,,,,,9809073.48,1.9779,1.5530666666666666,1.20015,10612281.844,15092100.547,0.1016999999999999,0.1233499999999999,0.0730149854235946,0.1071739013989612,-0.0683178319507331,15.075376884422104,15.147164393395547,38.50693667437415,7.219402143260023
20260205,1.861,1.906,1.854,1.865,7280933.92,1363444.113,159206.SZ,1.901,-0.036,-1.8937,7280933.92,1.977,1.564633333333333,1.20511,10097531.658,14940073.122,0.0986999999999998,0.1191999999999999,0.062449188418405,0.09822895880285,-0.0715595407688898,15.306122448979584,16.618075801749264,33.98009445466963,-0.9559214020180562
20260206,1.839,1.891,1.831,1.837,7948670.03,1475157.113,,,,,7948670.03,1.9688,1.5755833333333331,1.209965,9398050.24,14348838.6925,0.0852999999999999,0.1153499999999999,0.051225852435212,0.0888283375293224,-0.0752049701882207,15.613382899628249,17.695167286245354,29.95454973493673,-8.195902048975512
20260209,1.872,1.895,1.845,1.884,7406566.09,1386567.82,159206.SZ,1.837,0.047,2.5585,7406566.09,1.95295,1.5871999999999995,1.21507,9069035.676,13951501.6025,0.0740999999999999,0.1082499999999999,0.0455981578337336,0.0801823015902046,-0.069168287512942,17.202572347266877,13.022508038585215,27.53051146422155,-14.40254429804635
20260210,1.882,1.882,1.831,1.848,6421014.22,1189238.494,159206.SZ,1.884,-0.036,-1.9108,6421014.22,1.94025,1.5985666666666667,1.219945,7773251.547999999,12926211.5295,0.0718999999999999,0.0992999999999999,0.0377975633985725,0.0717053539518782,-0.0678155811066114,17.258064516129025,14.19354838709678,24.947376923791637,-12.083729781160793
20260211,1.85,1.878,1.82,1.82,8101435.86,1491866.041,159206.SZ,1.848,-0.028,-1.5152,8101435.86,1.9248,1.6092666666666666,1.224645,7431724.024000001,11739936.489,0.0700999999999999,0.0938999999999999,0.029021626865058,0.0631686085345142,-0.0682939633389123,16.118421052631575,15.378289473684214,21.99850215656781,-14.513856270549551
20260212,1.81,1.834,1.806,1.815,5591242.99,1016706.397,,,,,5591242.99,1.91715,1.6201833333333333,1.229365,7093785.8379999995,11197561.965,0.0659999999999999,0.0850999999999999,0.0214163019243838,0.0548181472124881,-0.0668036905762086,1.142857142857145,19.142857142857142,24.622244611296175,-7.77439024390244
20260213,1.811,1.828,1.797,1.798,5232981.68,948114.133,,,,,5232981.68,1.90835,1.6308833333333332,1.2339449999999998,6550648.168,10727892.4965,0.0607999999999999,0.0829999999999999,0.0138575282309849,0.0466260234161875,-0.065536990370405,1.3172338090010995,23.05159165751922,27.501549284322824,-8.915906788247208
20260224,1.804,1.815,1.779,1.786,7976754.02,1434600.582,,,,,7976754.02,1.8989,1.6414833333333334,1.238525,6664685.754,10479300.9595,0.0550999999999999,0.0804499999999999,0.0068202265825274,0.0386648640494554,-0.063689274933856,1.3761467889908274,23.623853211009177,30.622650775327752,-9.569620253164556
20260225,1.787,1.844,1.773,1.832,9884416.07,1793109.002,159206.SZ,1.786,0.046,2.5756,9884416.07,1.89575,1.653533333333333,1.24332,7357366.124000001,10297136.145,0.0522,0.0760499999999999,0.0048984634496045,0.0319115839294853,-0.0540262409597615,3.8062283737024383,23.760092272202993,32.984404267397686,-3.3245382585751937
20260226,1.821,1.874,1.807,1.858,8718966.12,1611962.484,159206.SZ,1.832,0.026,1.4192,8718966.12,1.895,1.665333333333333,1.24829,7480872.176000001,10175403.944999998,0.0514,0.0765499999999999,0.0054110597021623,0.0266114790840207,-0.0424008387637166,7.283236994219673,21.502890173410396,34.81788832469223,-0.8008542445274935
20260227,1.85,1.9,1.844,1.878,7170363.48,1345318.752,,,,,7170363.48,1.89205,1.6771333333333334,1.25334,7796696.273999999,9782777.077,0.0518,0.0752499999999999,0.0073464435501529,0.0227584719772471,-0.0308240568541885,10.62052505966587,14.319809069212424,34.925777240604575,-3.0459473412493665
20260302,1.88,1.971,1.88,1.933,13881217.22,2677515.841,159206.SZ,1.878,0.055,2.9286,13881217.22,1.88215,1.690016666666667,1.258615,9526343.382,9529120.2015,0.0551,0.0701999999999999,0.0131665141598305,0.0208400804137638,-0.0153471325078666,19.093078758949893,13.6038186157518,34.41686850414903,-9.291412482402617
20260303,1.93,1.93,1.76,1.765,13845345.65,2520246.493,159206.SZ,1.933,-0.168,-8.6912,13845345.65,1.871,1.6999666666666668,1.262915,10700061.708,9238374.8325,0.0666,0.07035,0.0041746433935114,0.0175069930097133,-0.0266646992324037,17.56311745334798,24.807903402854,33.852471760995805,-11.21730382293763
20260304,1.725,1.805,1.724,1.779,6092054.8,1083174.597,159206.SZ,1.765,0.014,0.7932,6092054.8,1.85985,1.70965,1.267235,9941589.454,8965519.927,0.0694,0.07065,-0.001801034766921,0.0136453874543864,-0.030892844442615,17.448200654307534,28.57142857142857,35.56197793403385,-11.138861138861134
20260305,1.812,1.822,1.775,1.809,7724083.28,1391043.155,,,,,7724083.28,1.85165,1.7192666666666667,1.27158,9742612.886,8816872.7325,0.0683,0.0692,-0.0040691468895741,0.0101024805855943,-0.028343254950337,19.407894736842124,26.864035087719294,36.41941757937195,-8.31221490116575
20260306,1.792,1.839,1.788,1.805,5643794.6,1023745.76,159206.SZ,1.809,-0.004,-0.2211,5643794.6,1.8455,1.7288333333333334,1.27594,9437299.11,8606328.22,0.0706,0.0683,-0.0061188740866433,0.0068582096511468,-0.0259541674755803,21.483942414174983,24.58471760797341,36.45375823871261,-6.379668049792531
20260309,1.755,1.791,1.732,1.78,6437549.53,1130851.359,,,,,6437549.53,1.84,1.7383499999999998,1.2800550000000002,7948565.572,8355901.8405,0.0748,0.0678,-0.0096493569437587,0.0035566963321656,-0.0264121065518489,20.697167755991295,30.28322440087145,36.80901763652519,-5.820105820105814
20260310,1.799,1.834,1.798,1.821,6922449.55,1257290.635,,,,,6922449.55,1.838,1.748033333333333,1.2844650000000002,6563986.352,8249442.3725,0.0766,0.06585,-0.0090347853139345,0.0010384000029456,-0.0201463706337603,25.35364526659414,28.726877040261133,36.55857726536048,-2.149382052659865
20260311,1.83,1.834,1.786,1.787,5399040.83,972427.066,,,,,5399040.83,1.83005,1.756233333333333,1.288705,6425383.558,7874397.670999999,0.0743,0.06325,-0.0111625735206084,-0.0014017947017651,-0.0195215576376865,25.632563256325646,29.152915291529148,36.84970821961389,-8.170606372045219
20260312,1.778,1.783,1.734,1.747,6895420.03,1207536.058,159206.SZ,1.787,-0.04,-2.2384,6895420.03,1.8223499999999997,1.7635666666666665,1.292835,6259650.908,7728714.9985,0.0729,0.06215,-0.0158933184287364,-0.0043000994471594,-0.0231864379631539,24.946466809421857,32.441113490364025,31.44451587149533,-8.100999473961068
20260313,1.735,1.745,1.688,1.694,6261067.13,1072082.992,159206.SZ,1.747,-0.053,-3.0338,6261067.13,1.8138,1.7699666666666665,1.2967,6383105.414,7677721.659,0.0732,0.0625,-0.0236465422920419,-0.0081693880161359,-0.0309543085518121,24.220374220374236,35.34303534303533,26.407691462943173,-9.168900804289548
20260316,1.686,1.693,1.65,1.689,5017258.02,840449.996,159206.SZ,1.694,-0.005,-0.2952,5017258.02,1.8064,1.7760333333333334,1.30052,6099047.112000001,7531151.058499999,0.0683,0.0617,-0.0298503895662323,-0.0125055883261552,-0.0346896024801541,24.02061855670105,37.11340206185566,21.580955780815064,-8.056614044637989
20260317,1.7,1.708,1.637,1.637,4515324.4,754559.026,,,,,4515324.4,1.79405,1.7811833333333331,1.304075,5617622.082,7386588.973999999,0.0581,0.06235,-0.0385189264384187,-0.0177082559486079,-0.0416213409796215,22.577319587628867,37.113402061855666,18.15005537850963,-13.110403397027593
20260318,1.65,1.72,1.638,1.715,10704787.45,1802069.644,159206.SZ,1.637,0.078,4.7648,10704787.45,1.7874,1.7873,1.308015,6678771.4059999995,7600777.635499999,0.0583,0.06385,-0.0386493308090671,-0.0218964709206997,-0.0335057197767348,20.38539553752536,36.51115618661258,16.646102209071003,-7.196969696969702
20260319,1.674,1.72,1.674,1.685,5878814.82,994881.339,,,,,5878814.82,1.78065,1.7923333333333331,1.31179,6475450.364,7489646.583500001,0.0582,0.06325,-0.0407042136543438,-0.0256580194674285,-0.0300923883738305,17.93032786885248,36.885245901639344,18.05659530672592,-7.417582417582413
20260320,1.7,1.702,1.649,1.649,4091947.53,687327.495,159206.SZ,1.685,-0.036,-2.1365,4091947.53,1.77235,1.7969333333333333,1.315495,6041626.444,7414681.810500001,0.0584,0.0645,-0.044722093790622,-0.0294708343320672,-0.0305025189171096,11.11111111111112,41.13247863247862,20.96201612894402,-9.146005509641874
20260323,1.615,1.649,1.561,1.573,6349502.61,1018645.621,,,,,6349502.61,1.7611,1.80045,1.318765,6308075.362000001,7470507.856999999,0.0599,0.06735,-0.0534230301504912,-0.034261273495752,-0.0383235133094782,12.220916568742664,41.480611045828454,23.63253978675807,-12.513904338153504
20260324,1.596,1.603,1.54,1.591,5471855.18,860673.959,159206.SZ,1.573,0.018,1.1443,5471855.18,1.75135,1.8035666666666663,1.32211,6499381.518,7345262.915000001,0.0608,0.0687,-0.0581952961857106,-0.0390480780337437,-0.0382944363039336,12.48499399759905,40.576230492196885,25.687579812246945,-10.91825307950728
20260325,1.603,1.635,1.6,1.613,5500363.05,890546.435,,,,,5500363.05,1.7404,1.8067166666666667,1.32556,5458496.638,7126060.264,0.0604,0.06735,-0.0595160710430966,-0.0431416766356143,-0.0327487888149645,14.33734939759036,40.72289156626507,27.95954276275429,-11.954148471615722
20260326,1.634,1.634,1.573,1.598,5071473.5,812697.399,,,,,5071473.5,1.7274,1.8095333333333337,1.3288399999999998,5297028.374,6943685.632999999,0.0612,0.06705,-0.0610692015320106,-0.0467271816148936,-0.0286840398342341,12.142857142857151,43.45238095238097,31.50141042400097,-13.993541442411194
20260327,1.564,1.608,1.557,1.592,4071100.24,645659.1,,,,,4071100.24,1.7131,1.8132166666666665,1.33211,5292858.915999999,6788722.471000001,0.0604,0.0668,-0.0620687288206811,-0.0497954910560511,-0.02454647552926,12.469437652811742,39.731051344743285,33.88865367775476,-15.22896698615548
20260330,1.568,1.642,1.568,1.639,6602910.53,1067409.397,159206.SZ,1.592,0.047,2.9523,6602910.53,1.6984,1.8164833333333332,1.33561,5343540.5,6424807.1365,0.0633999999999999,0.06585,-0.0583952105560132,-0.0515154349560435,-0.0137595511999394,11.097852028639586,38.78281622911695,37.407579948984335,-15.209518882565964
20260331,1.635,1.697,1.63,1.63,8454740.51,1408004.153,,,,,8454740.51,1.69165,1.8179333333333336,1.339045,5940117.566,6155276.8795,0.063,0.06055,-0.0555695741884698,-0.0523262628025288,-0.006486622771882,17.26954492415401,36.52275379229873,39.50515525174482,-7.648725212464591
20260401,1.662,1.665,1.61,1.631,5353738.03,873761.766,,,,,5353738.03,1.6842499999999998,1.8187166666666668,1.3423699999999998,5910792.562,6118361.041,0.0602,0.05925,-0.0526427129410957,-0.0523895528302422,-0.0005063202217071,17.229336437718263,32.71245634458671,40.786771645301506,-8.31928049465992
20260402,1.618,1.639,1.58,1.588,5200516.42,832125.722,,,,,5200516.42,1.6732,1.81845,1.345465,5936601.146,5992182.698000001,0.0615,0.05985,-0.0531798705057902,-0.0525476163653518,-0.0012645082808767,17.229336437718267,30.849825378346907,41.47646095611325,-12.216694306246534
20260403,1.601,1.62,1.573,1.578,3538648.8,563530.451,159206.SZ,1.588,-0.01,-0.6297,3538648.8,1.66185,1.8181833333333333,1.3484699999999998,5830110.858,5886925.408,0.0609,0.05965,-0.0537924028370375,-0.0527965736596889,-0.0019916583546971,17.16937354988398,27.146171693735493,41.55478687518151,-12.576177285318558
20260407,1.578,1.591,1.555,1.565,3324422.83,521620.591,,,,,3324422.83,1.6511,1.8160833333333335,1.3514499999999998,5174413.318,5731269.073,0.0557,0.0578,-0.0546963252864531,-0.0531765239850418,-0.0030396026028227,16.082224909310757,30.471584038694065,42.02312682538675,-12.07865168539326
20260408,1.606,1.673,1.605,1.673,8414468.93,1383397.955,,,,,8414468.93,1.6437000000000002,1.8151833333333336,1.3550049999999998,5166359.001999999,5805870.042,0.0602,0.0605,-0.0461658220740412,-0.0517743836028417,0.0112171230576008,23.826291079812204,29.57746478873238,40.76791145252432,-8.127402526084559
20260409,1.653,1.688,1.638,1.663,4808870.14,800836.932,,,,,4808870.14,1.6375,1.8130166666666665,1.358495,5057385.424000001,5776361.507499999,0.0608,0.0606,-0.039753993949513,-0.0493703056721759,0.0192326234453258,25.46728971962616,29.439252336448583,38.81466883115682,-6.939003917179621
20260410,1.678,1.704,1.667,1.669,5559974.57,935564.013,,,,,5559974.57,1.6336,1.8112833333333331,1.3620399999999997,5129277.054,5709589.2345,0.0588,0.06,-0.0337988124394181,-0.0462560070256244,0.0249143891724124,27.72511848341231,26.895734597156395,34.818542081080935,-4.464796794504866
20260413,1.652,1.693,1.652,1.676,4338591.63,726720.702,,,,,4338591.63,1.6326999999999998,1.8078333333333336,1.365575,5289265.619999999,5613465.4595,0.0578,0.0591,-0.0281894957299202,-0.0426427047664835,0.0289064180731267,29.36010037641153,19.32245922208282,32.399454930779456,-1.0625737898465215
20260414,1.69,1.748,1.672,1.746,9164858.85,1577776.772,,,,,9164858.85,1.6355499999999998,1.803583333333333,1.369455,6457352.823999999,5820845.501,0.058,0.0607,-0.0178894385275509,-0.037692051518697,0.0396052259822921,35.67901234567898,16.41975308641977,31.25842980034813,3.374777975133214
20260415,1.762,1.801,1.741,1.753,13730069.2,2438106.008,,,,,13730069.2,1.64135,1.7961166666666668,1.37334,7520472.878,6281582.740999999,0.0573,0.06015,-0.0090573203373465,-0.0319651052824269,0.0458155698901608,37.53026634382564,16.10169491525426,30.689403221077093,7.086133170433717
20260416,1.75,1.786,1.74,1.776,9248193.65,1633126.805,159206.SZ,1.753,0.023,1.312,9248193.65,1.6444,1.7906833333333334,1.377405,8408337.58,6208753.051,0.0564,0.0583,-0.0001995944579857,-0.0256120031175387,0.0508248173191058,38.22441430332918,13.193588162762044,30.143984554480845,3.556851311953358
20260417,1.768,1.813,1.766,1.806,7214194.07,1293922.611,,,,,7214194.07,1.65045,1.7853,1.38169,8739181.48,6275522.0135,0.0552,0.05835,0.0091356562390401,-0.0186624712462229,0.0555962549705261,41.7596034696406,11.27633209417598,30.519113922912748,7.181008902077157
20260420,1.802,1.89,1.8,1.883,14229849.18,2635707.317,,,,,14229849.18,1.66215,1.7838833333333333,1.3862800000000002,10717432.989999998,6782417.096000001,0.0595,0.0602,0.0224879391926753,-0.0104323891584433,0.0658406567022372,46.17253948967191,11.057108140947774,30.937429544044313,14.190418435415395
20260421,1.883,1.903,1.863,1.885,11140434.79,2096325.001,,,,,11140434.79,1.67775,1.7824,1.39082,11112548.178,7021963.705,0.0598999999999999,0.0578,0.0328524008891968,-0.0017754311489152,0.0692556640762242,42.46231155778892,11.432160804020125,32.493429581606165,19.834710743801654
20260422,1.848,1.891,1.845,1.89,8746214.25,1637144.892,,,,,8746214.25,1.6927,1.7809833333333331,1.395275,10115777.188,7185681.658499999,0.0536999999999999,0.05695,0.0409971797011243,0.0067790910210926,0.0684361773600634,42.947903430749655,11.308767471410471,34.44425003359756,18.793211816467625
20260423,1.889,1.913,1.846,1.867,12809398.62,2397342.783,159206.SZ,1.89,-0.023,-1.2169,12809398.62,1.7053999999999998,1.7805166666666667,1.399625,10828018.182,7551133.437000001,0.0553999999999999,0.0581,0.0450764545002,0.0144385637169141,0.0612757815665718,45.283018867924504,7.421383647798789,37.55199367714938,15.747055176689395
20260424,1.854,1.857,1.801,1.806,9029101.7,1643683.554,,,,,,,,,,,,,,,,,,,
20260427,1.787,1.837,1.777,1.82,9510035.17,1714067.209,,,,,,,,,,,,,,,,,,,
20260428,1.832,1.833,1.778,1.78,6361142.42,1143236.34,,,,,,,,,,,,,,,,,,,
20260429,1.769,1.788,1.76,1.784,5074294.91,901768.998,,,,,,,,,,,,,,,,,,,
20260430,1.773,1.846,1.768,1.84,10424597.42,1892704.322,,,,,,,,,,,,,,,,,,,
