trade_date,open,high,low,close,volume
2019-08-12,3999.44,4055.05,3993.81,4027.89,0
2019-08-13,4006.96,4017.93,3926.91,3927.73,0
2019-08-14,3996.81,4006.23,3915.76,3915.76,0
2019-08-15,3862.76,3897.43,3838.67,3880.58,0
2019-08-16,3879.65,4033.24,3866.12,3998.33,0
2019-08-19,4068.33,4167.26,4066.31,4140.75,0
2019-08-20,4154.17,4299.39,4154.17,4275.88,0
2019-08-21,4276.82,4407.24,4271.43,4341.31,0
2019-08-22,4371.7,4430.31,4355.05,4375.27,0
2019-08-23,4372.03,4513.48,4323.74,4496.46,0
2019-08-26,4335.52,4448.21,4303.18,4426.74,0
2019-08-27,4454.95,4548.52,4453.71,4505.8,0
2019-08-28,4530.25,4530.36,4390.75,4395.95,0
2019-08-29,4410.1,4527.66,4358.24,4520.73,0
2019-08-30,4542.49,4592.77,4474.45,4502.93,0
2019-09-02,4502.07,4575.76,4479.19,4544.24,0
2019-09-03,4556.32,4586.85,4489.89,4499.44,0
2019-09-04,4518.89,4552.62,4492.42,4530.61,0
2019-09-05,4523.68,4627.6,4520.78,4581.61,0
2019-09-06,4616.67,4616.67,4535.26,4542.32,0
2019-09-09,4567.65,4573.35,4463.51,4477.92,0
2019-09-10,4485.54,4492.27,4429.19,4442.0,0
2019-09-11,4451.28,4452.68,4349.88,4367.1,0
2019-09-12,4396.29,4454.09,4354.96,4411.51,0
2019-09-13,4424.75,4440.16,4396.79,4440.16,0
2019-09-16,4428.75,4451.71,4400.2,4422.1,0
2019-09-17,4419.71,4421.59,4359.54,4378.63,0
2019-09-18,4390.13,4434.27,4381.25,4393.42,0
2019-09-19,4414.88,4427.21,4382.3,4407.83,0
2019-09-20,4427.92,4445.83,4400.95,4402.99,0
2019-09-23,4412.86,4417.73,4328.78,4338.63,0
2019-09-24,4339.94,4390.36,4203.91,4385.37,0
2019-09-25,4360.78,4360.78,4247.07,4257.18,0
2019-09-26,4264.57,4306.41,4258.0,4276.19,0
2019-09-27,4255.75,4260.29,4195.67,4242.61,0
2019-09-30,4241.18,4255.7,4219.77,4240.28,0
2019-10-02,4211.7,4258.59,4208.45,4231.28,0
2019-10-03,4201.66,4267.25,4198.94,4261.59,0
2019-10-04,4284.18,4348.54,4231.14,4278.49,0
2019-10-08,4286.68,4389.76,4272.59,4348.09,0
2019-10-09,4340.44,4346.49,4300.12,4325.98,0
2019-10-10,4337.74,4448.81,4320.77,4432.95,0
2019-10-11,4441.78,4478.65,4386.73,4433.23,0
2019-10-14,4454.03,4538.85,4454.03,4511.7,0
2019-10-15,4524.71,4562.63,4516.12,4523.21,0
2019-10-16,4526.81,4559.75,4516.09,4559.75,0
2019-10-17,4568.57,4609.08,4531.6,4570.73,0
2019-10-18,4575.54,4650.49,4565.61,4615.38,0
2019-10-21,4622.3,4666.48,4572.02,4588.62,0
2019-10-22,4599.35,4618.76,4558.08,4578.15,0
2019-10-23,4583.37,4587.8,4474.89,4491.91,0
2019-10-24,4511.85,4529.98,4484.8,4527.99,0
2019-10-25,4540.1,4638.15,4535.46,4628.19,0
2019-10-28,4646.25,4733.18,4638.42,4706.36,0
2019-10-29,4725.1,4765.83,4710.64,4756.66,0
2019-10-30,4776.47,4776.47,4695.82,4749.39,0
2019-10-31,4770.93,4843.36,4762.1,4793.67,0
2019-11-01,4746.36,4784.09,4729.51,4745.69,0
2019-11-04,4770.98,4870.72,4768.73,4866.61,0
2019-11-05,4870.75,4872.57,4784.97,4804.8,0
2019-11-06,4811.1,4829.15,4796.52,4814.08,0
2019-11-07,4831.33,4912.86,4822.17,4905.72,0
2019-11-08,4924.98,4946.14,4876.97,4894.74,0
2019-11-11,4899.66,4899.66,4763.11,4794.55,0
2019-11-12,4825.15,4827.82,4729.88,4792.86,0
2019-11-13,4748.09,4819.77,4722.09,4776.37,0
2019-11-14,4792.65,4832.76,4746.43,4767.05,0
2019-11-15,4787.03,4792.77,4757.83,4759.54,0
2019-11-18,4767.83,4774.08,4721.3,4758.54,0
2019-11-19,4777.62,4885.48,4753.3,4885.48,0
2019-11-20,4870.79,4906.44,4840.17,4854.5,0
2019-11-21,4834.04,4834.04,4731.85,4766.97,0
2019-11-22,4776.94,4786.72,4710.86,4756.17,0
2019-11-25,4773.65,4773.65,4660.52,4670.06,0
2019-11-26,4690.92,4760.58,4669.36,4685.02,0
2019-11-27,4673.43,4693.28,4652.3,4674.44,0
2019-11-28,4650.56,4700.87,4640.39,4688.62,0
2019-11-29,4628.68,4628.68,4471.95,4506.5,0
2019-12-02,4515.05,4515.05,4452.37,4462.32,0
2019-12-03,4456.13,4486.59,4429.08,4486.59,0
2019-12-04,4475.38,4488.5,4434.96,4444.39,0
2019-12-05,4483.94,4529.66,4481.52,4519.54,0
2019-12-06,4529.99,4591.87,4529.99,4586.2,0
2019-12-09,4599.69,4603.15,4492.4,4495.51,0
2019-12-10,4497.49,4521.99,4472.29,4484.01,0
2019-12-11,4476.4,4539.26,4476.4,4518.97,0
2019-12-12,4542.5,4568.84,4535.5,4552.55,0
2019-12-13,4595.0,4610.81,4568.19,4583.43,0
2019-12-16,4578.32,4620.39,4562.32,4596.76,0
2019-12-17,4611.24,4708.45,4611.24,4691.67,0
2019-12-18,4698.88,4706.25,4638.82,4674.42,0
2019-12-19,4682.6,4689.18,4648.66,4675.64,0
2019-12-20,4690.84,4709.9,4633.56,4656.38,0
2019-12-23,4668.25,4709.93,4656.33,4700.62,0
2019-12-24,4701.79,4715.93,4685.52,4692.45,0
2019-12-27,4716.58,4738.72,4693.55,4729.69,0
2019-12-30,4737.36,4737.36,4696.64,4713.17,0
2019-12-31,4712.61,4738.2,4696.98,4735.44,0
2020-01-02,4742.25,4769.75,4723.48,4769.26,0
2020-01-03,4803.31,4823.43,4729.69,4753.99,0
2020-01-06,4739.91,4739.91,4606.5,4630.73,0
2020-01-07,4657.25,4763.41,4652.07,4738.3,0
2020-01-08,4676.13,4739.04,4669.44,4705.42,0
2020-01-09,4752.23,4797.83,4741.77,4793.41,0
2020-01-10,4788.19,4800.28,4746.21,4762.29,0
2020-01-13,4776.9,4831.01,4773.99,4825.75,0
2020-01-14,4871.33,4877.99,4816.41,4829.85,0
2020-01-15,4832.19,4862.38,4818.71,4854.81,0
2020-01-16,4876.02,4974.55,4863.95,4974.55,0
2020-01-17,5012.05,5042.13,4942.95,5042.13,0
2020-01-20,5076.5,5147.17,5066.08,5099.2,0
2020-01-21,5113.29,5120.53,5019.9,5032.48,0
2020-01-22,5066.66,5137.63,5029.62,5133.18,0
2020-01-23,5146.48,5146.48,4916.3,4980.31,0
2020-01-24,4996.82,5016.59,4942.1,5012.51,0
2020-01-29,4911.38,4982.56,4906.61,4941.54,0
2020-01-30,4939.53,4957.72,4707.65,4731.45,0
2020-01-31,4791.1,4837.09,4685.86,4712.87,0
2020-02-03,4721.3,4834.51,4683.56,4761.97,0
2020-02-04,4863.65,4920.1,4818.19,4893.33,0
2020-02-05,4996.0,5031.66,4881.81,4943.35,0
2020-02-06,5001.65,5092.72,4953.88,5053.72,0
2020-02-07,5050.36,5122.95,5009.57,5072.31,0
2020-02-10,5042.78,5162.55,5042.78,5154.95,0
2020-02-11,5195.48,5218.08,5128.12,5147.07,0
2020-02-12,5186.46,5189.68,5125.86,5172.06,0
2020-02-13,5197.23,5207.75,5123.5,5183.68,0
2020-02-14,5182.99,5242.83,5162.81,5183.92,0
2020-02-17,5197.96,5295.1,5189.8,5255.49,0
2020-02-18,5257.21,5287.8,5221.72,5262.58,0
2020-02-19,5286.72,5302.07,5207.49,5225.3,0
2020-02-20,5281.32,5284.69,5198.8,5239.58,0
2020-02-21,5216.28,5231.7,5159.77,5173.75,0
2020-02-24,5163.19,5163.19,5053.04,5061.73,0
2020-02-25,5032.14,5124.76,5017.82,5120.95,0
2020-02-26,5070.2,5106.57,5017.42,5031.99,0
2020-02-27,5025.11,5121.49,5023.49,5105.09,0
2020-02-28,5012.87,5069.48,4924.52,4995.82,0
2020-03-02,4991.26,5108.06,4990.09,5073.75,0
2020-03-03,5143.38,5258.98,5134.26,5148.84,0
2020-03-04,5186.32,5186.32,5106.71,5159.89,0
2020-03-05,5206.91,5336.68,5206.91,5294.17,0
2020-03-06,5242.78,5347.84,5240.9,5283.15,0
2020-03-09,5121.29,5136.4,4986.12,5001.64,0
2020-03-10,5007.96,5051.13,4852.79,4983.54,0
2020-03-11,5015.02,5049.61,4931.59,4955.15,0
2020-03-12,4899.89,4899.89,4676.22,4693.88,0
2020-03-13,4346.42,4685.14,4290.39,4660.1,0
2020-03-16,4569.5,4631.79,4328.6,4348.71,0
2020-03-17,4326.77,4394.36,4147.5,4345.38,0
2020-03-18,4345.41,4512.48,4139.77,4190.41,0
2020-03-19,4194.51,4245.42,3921.95,4052.58,0
2020-03-20,4138.67,4274.95,4113.09,4268.47,0
2020-03-23,4104.0,4183.35,4062.82,4062.82,0
2020-03-24,4201.05,4280.67,4193.37,4244.58,0
2020-03-25,4406.97,4487.94,4351.15,4470.12,0
2020-03-26,4488.34,4594.83,4449.92,4551.92,0
2020-03-27,4671.46,4695.24,4491.32,4507.46,0
2020-03-30,4457.77,4528.69,4413.57,4479.96,0
2020-03-31,4496.18,4526.02,4439.42,4497.38,0
2020-04-01,4459.15,4517.27,4361.33,4411.84,0
2020-04-02,4445.84,4574.97,4396.07,4574.97,0
2020-04-03,4567.33,4652.52,4554.02,4617.71,0
2020-04-06,4668.83,4739.52,4606.14,4715.0,0
2020-04-07,4783.95,4802.51,4718.17,4798.37,0
2020-04-08,4805.34,4816.99,4758.03,4789.72,0
2020-04-09,4842.56,4920.24,4810.81,4900.27,0
2020-04-14,4936.5,5026.52,4919.31,4984.77,0
2020-04-15,5011.34,5092.0,4954.87,4971.98,0
2020-04-16,4969.5,5050.45,4955.68,5029.93,0
2020-04-17,5111.43,5141.4,5004.69,5029.83,0
2020-04-20,5047.79,5183.0,5041.96,5181.77,0
2020-04-21,5151.29,5151.29,5001.83,5050.69,0
2020-04-22,5003.71,5240.91,4977.61,5210.8,0
2020-04-23,5257.93,5328.81,5241.08,5263.66,0
2020-04-24,5260.56,5260.56,5102.3,5113.64,0
2020-04-27,5174.14,5208.96,5112.79,5194.97,0
2020-04-28,5217.11,5223.08,5114.53,5196.88,0
2020-04-29,5257.2,5257.2,5119.02,5153.11,0
2020-05-04,5044.85,5044.85,4952.02,4964.55,0
2020-05-05,5002.63,5055.31,4966.08,5017.73,0
2020-05-06,5051.62,5130.86,5038.21,5104.67,0
2020-05-07,5123.09,5207.36,5109.64,5184.24,0
2020-05-08,5227.75,5253.92,5189.17,5242.5,0
2020-05-11,5299.45,5348.61,5223.62,5271.48,0
2020-05-12,5278.03,5366.09,5259.23,5360.0,0
2020-05-13,5360.2,5515.97,5330.78,5447.84,0
2020-05-14,5439.98,5453.02,5374.28,5416.5,0
2020-05-15,5441.83,5517.65,5407.65,5494.22,0
2020-05-18,5506.53,5561.64,5381.99,5516.07,0
2020-05-19,5605.08,5613.7,5476.57,5496.12,0
2020-05-20,5508.7,5593.34,5500.47,5563.42,0
2020-05-21,5582.9,5611.09,5428.48,5473.99,0
2020-05-22,5355.25,5379.92,5107.42,5172.6,0
2020-05-25,5156.78,5247.96,5104.28,5247.64,0
2020-05-26,5305.84,5378.32,5305.84,5341.61,0
2020-05-27,5379.97,5379.97,5182.65,5259.34,0
2020-05-28,5245.91,5270.18,4963.66,5076.65,0
2020-05-29,5046.49,5252.25,5039.81,5252.25,0
2020-06-01,5346.3,5491.04,5346.3,5451.82,0
2020-06-02,5486.58,5541.1,5443.11,5541.1,0
2020-06-03,5622.03,5622.95,5565.01,5614.33,0
2020-06-04,5694.34,5713.92,5588.85,5633.66,0
2020-06-05,5650.52,5658.29,5588.89,5638.7,0
2020-06-08,5653.28,5665.32,5504.97,5543.65,0
2020-06-09,5544.09,5677.94,5515.64,5616.94,0
2020-06-10,5652.66,5716.92,5607.6,5629.57,0
2020-06-11,5643.84,5704.49,5567.7,5579.36,0
2020-06-12,5470.29,5659.46,5424.1,5659.46,0
2020-06-15,5616.31,5716.13,5507.72,5548.26,0
2020-06-16,5691.46,5751.99,5656.25,5729.04,0
2020-06-17,5766.86,5887.14,5765.67,5873.51,0
2020-06-18,5853.16,5869.86,5771.31,5869.86,0
2020-06-19,5883.25,5989.03,5872.54,5947.45,0
2020-06-22,5952.96,5975.71,5801.99,5845.24,0
2020-06-23,5861.52,5965.77,5788.02,5965.77,0
2020-06-24,5993.4,6055.64,5961.55,6026.34,0
2020-06-26,6042.84,6134.45,6015.86,6036.48,0
2020-06-29,6051.64,6108.14,5911.12,6026.89,0
2020-06-30,6042.56,6114.64,5997.66,6056.58,0
2020-07-02,6126.02,6198.86,6106.56,6150.39,0
2020-07-03,6222.09,6270.63,6096.99,6247.85,0
2020-07-06,6297.55,6314.04,6224.67,6233.08,0
2020-07-07,6274.44,6284.19,6174.82,6234.85,0
2020-07-08,6265.18,6374.78,6252.88,6370.02,0
2020-07-09,6435.2,6463.18,6343.91,6457.87,0
2020-07-10,6422.46,6563.32,6359.04,6419.83,0
2020-07-13,6465.06,6570.94,6420.11,6565.33,0
2020-07-14,6519.43,6534.36,6287.3,6410.11,0
2020-07-15,6487.01,6671.46,6413.26,6466.34,0
2020-07-16,6501.72,6511.79,6044.62,6069.48,0
2020-07-17,6083.29,6284.83,6083.29,6233.74,0
2020-07-20,6290.83,6337.12,6152.61,6244.47,0
2020-07-21,6353.65,6537.15,6353.65,6523.42,0
2020-07-22,6549.21,6729.41,6455.67,6455.67,0
2020-07-23,6585.55,6698.15,6487.72,6697.76,0
2020-07-24,6556.36,6577.36,6232.21,6254.73,0
2020-07-27,6278.1,6384.62,6091.99,6198.82,0
2020-07-28,6290.65,6334.07,6215.29,6267.1,0
2020-07-29,6283.96,6375.34,6244.13,6335.54,0
2020-07-30,6417.36,6508.66,6361.03,6394.52,0
2020-07-31,6449.95,6526.23,6359.56,6392.18,0
2020-08-03,6443.59,6503.98,6392.78,6492.93,0
2020-08-04,6548.42,6598.99,6463.0,6492.62,0
2020-08-05,6462.16,6617.1,6452.12,6609.06,0
2020-08-06,6662.86,6743.59,6508.11,6596.73,0
2020-08-07,6608.98,6614.9,6330.82,6454.38,0
2020-08-10,6399.91,6429.89,6276.7,6333.99,0
2020-08-11,6376.98,6376.98,6214.23,6265.21,0
2020-08-12,6239.72,6239.72,5988.12,6076.74,0
2020-08-13,6140.73,6193.99,6120.96,6167.5,0
2020-08-14,6160.75,6213.41,6109.0,6139.9,0
2020-08-17,6191.6,6207.24,6103.71,6183.21,0
2020-08-18,6232.33,6368.09,6232.16,6327.02,0
2020-08-19,6232.33,6368.09,6232.16,6280.75,0
2020-08-20,6272.55,6272.55,6129.5,6168.9,0
2020-08-21,6208.44,6210.4,6129.81,6184.74,0
2020-08-24,6224.42,6244.05,6165.97,6222.04,0
2020-08-25,6225.81,6225.81,6080.81,6128.89,0
2020-08-26,6146.31,6266.33,6141.08,6200.09,0
2020-08-27,6198.48,6294.8,6166.8,6287.88,0
2020-08-28,6301.68,6424.33,6225.1,6349.1,0
2020-08-31,6433.63,6492.62,6319.12,6323.95,0
2020-09-01,6350.69,6408.07,6306.85,6306.85,0
2020-09-02,6311.66,6395.33,6269.79,6391.71,0
2020-09-03,6397.7,6449.29,6307.42,6327.34,0
2020-09-04,6216.36,6216.36,6105.66,6210.95,0
2020-09-07,6197.71,6230.81,6065.21,6079.7,0
2020-09-08,6133.69,6152.78,5949.87,6043.7,0
2020-09-09,5988.54,6045.42,5904.46,5995.6,0
2020-09-10,6042.69,6109.15,5900.42,5916.67,0
2020-09-11,5933.68,6045.52,5914.83,6038.06,0
2020-09-14,6060.32,6158.04,6060.32,6130.6,0
2020-09-15,6137.96,6257.64,6137.96,6257.46,0
2020-09-16,6282.83,6380.85,6276.97,6331.91,0
2020-09-17,6327.4,6327.4,6144.1,6204.43,0
2020-09-18,6232.81,6294.13,6192.06,6277.99,0
2020-09-21,6294.56,6332.22,6159.36,6174.02,0
2020-09-22,6137.14,6180.92,6054.87,6073.37,0
2020-09-23,6088.16,6220.53,6088.16,6191.06,0
2020-09-24,6123.04,6138.75,5970.16,5989.05,0
2020-09-25,6040.02,6063.5,5843.12,5881.57,0
2020-09-28,5924.51,5938.72,5863.8,5899.0,0
2020-09-29,5928.67,5949.49,5868.13,5879.21,0
2020-09-30,5931.16,5993.17,5891.91,5952.46,0
2020-10-05,6067.88,6067.88,5929.99,5975.94,0
2020-10-06,6031.61,6179.84,6026.95,6179.84,0
2020-10-07,6170.93,6200.76,6123.42,6197.49,0
2020-10-08,6222.75,6230.98,6152.26,6207.03,0
2020-10-09,6237.83,6253.52,6190.09,6213.33,0
2020-10-12,6272.01,6384.31,6270.08,6369.99,0
2020-10-14,6409.88,6409.88,6306.32,6332.61,0
2020-10-15,6347.8,6372.32,6152.24,6173.76,0
2020-10-16,6216.53,6224.93,6126.06,6157.27,0
2020-10-19,6193.78,6193.96,5984.43,6003.44,0
2020-10-20,5992.13,6049.17,5962.8,6049.17,0
2020-10-21,6102.07,6232.55,6102.07,6159.12,0
2020-10-22,6194.44,6194.44,6051.03,6133.28,0
2020-10-23,6121.9,6124.36,5953.04,6009.3,0
2020-10-27,6017.48,6060.71,5954.53,6018.4,0
2020-10-28,6020.34,6041.56,5947.99,6008.7,0
2020-10-29,5950.68,6004.71,5922.93,5973.07,0
2020-10-30,6011.88,6011.88,5803.38,5845.89,0
2020-11-02,5865.38,5874.57,5785.82,5850.46,0
2020-11-03,5880.51,5925.1,5843.91,5909.17,0
2020-11-04,5893.76,6018.38,5878.48,5995.38,0
2020-11-05,6108.63,6189.8,6079.17,6181.95,0
2020-11-06,6197.62,6216.95,6003.34,6099.16,0
2020-11-09,6144.99,6187.01,6130.97,6163.94,0
2020-11-10,6186.17,6190.93,5999.43,6064.58,0
2020-11-11,6049.39,6059.27,5844.35,5864.31,0
2020-11-12,5909.9,6067.55,5909.9,5969.28,0
2020-11-13,6012.55,6101.46,5967.29,6092.06,0
2020-11-16,6164.67,6174.6,6059.2,6150.29,0
2020-11-17,6157.92,6162.91,5991.94,6051.45,0
2020-11-18,6080.29,6131.63,5992.51,6049.28,0
2020-11-19,6039.87,6084.91,5951.17,6077.05,0
2020-11-20,6109.24,6176.21,6094.76,6176.21,0
2020-11-23,6208.46,6214.71,6081.02,6105.19,0
2020-11-24,6131.47,6131.47,5931.11,5972.94,0
2020-11-25,5970.54,5981.82,5785.8,5807.85,0
2020-11-26,5835.11,5890.61,5784.08,5865.66,0
2020-11-27,5876.61,5969.14,5841.71,5960.17,0
2020-11-30,5992.49,6072.98,5974.04,6016.53,0
2020-12-01,6010.82,6039.61,5960.62,6002.27,0
2020-12-02,6009.49,6009.49,5859.48,5927.03,0
2020-12-03,5918.2,6081.82,5904.92,6068.92,0
2020-12-04,6088.55,6107.53,6036.18,6096.7,0
2020-12-07,6135.35,6157.44,6039.22,6140.18,0
2020-12-08,6160.08,6172.1,6066.54,6091.16,0
2020-12-09,6118.46,6156.17,6034.9,6065.99,0
2020-12-10,6046.7,6062.36,6006.6,6040.73,0
2020-12-11,6064.49,6075.51,5997.19,6053.24,0
2020-12-14,6076.28,6076.28,5988.45,6025.6,0
2020-12-15,6038.88,6201.54,6034.79,6172.71,0
2020-12-16,6227.84,6311.26,6183.49,6303.06,0
2020-12-17,6392.86,6555.09,6370.98,6555.09,0
2020-12-18,6580.56,6598.94,6472.54,6568.19,0
2020-12-21,6554.9,6650.6,6528.74,6595.72,0
2020-12-22,6585.46,6683.3,6510.97,6620.95,0
2020-12-23,6633.63,6722.92,6628.66,6701.34,0
2020-12-24,6661.74,6661.74,6476.87,6502.73,0
2020-12-28,6543.92,6549.98,6398.37,6438.31,0
2020-12-29,6510.51,6533.46,6451.86,6469.45,0
2020-12-30,6487.43,6636.89,6487.43,6636.05,0
2020-12-31,6638.71,6721.17,6638.71,6717.03,0
2021-01-04,6690.97,6742.35,6669.74,6673.18,0
2021-01-05,6640.46,6778.8,6605.46,6774.75,0
2021-01-06,6776.91,6842.26,6710.85,6753.4,0
2021-01-07,6751.34,6753.29,6571.53,6629.55,0
2021-01-08,6675.85,6802.15,6671.11,6728.65,0
2021-01-11,6770.16,6848.37,6709.86,6773.2,0
2021-01-12,6797.74,6868.5,6784.89,6857.01,0
2021-01-13,6896.82,6911.81,6736.89,6793.62,0
2021-01-14,6804.92,6894.28,6724.4,6888.6,0
2021-01-15,6915.0,6915.0,6730.44,6799.39,0
2021-01-18,6793.16,6942.94,6791.32,6929.05,0
2021-01-19,6968.58,7184.07,6953.49,7161.42,0
2021-01-20,7250.9,7664.4,7237.11,7648.51,0
2021-01-21,7746.88,7832.99,7561.93,7627.79,0
2021-01-22,7697.75,7867.29,7649.65,7743.62,0
2021-01-25,7773.74,7868.23,7746.85,7814.23,0
2021-01-26,7828.34,7828.34,7500.46,7598.04,0
2021-01-27,7632.92,7633.78,7315.56,7435.02,0
2021-01-28,7294.09,7376.31,7071.53,7092.43,0
2021-01-29,7195.9,7335.22,7025.76,7102.77,0
2021-02-01,7170.78,7373.24,7163.44,7343.15,0
2021-02-02,7496.77,7683.37,7475.75,7640.58,0
2021-02-03,7639.06,7760.29,7559.32,7731.65,0
2021-02-04,7758.36,7769.15,7459.9,7587.52,0
2021-02-05,7651.9,7685.7,7550.0,7580.16,0
2021-02-08,7707.38,7707.38,7564.18,7596.95,0
2021-02-09,7622.01,7645.5,7528.08,7637.75,0
2021-02-10,7688.53,7825.49,7620.25,7805.72,0
2021-02-11,7829.21,7901.63,7728.77,7876.7,0
2021-02-16,8003.45,8085.81,7942.92,7964.52,0
2021-02-17,7978.27,8100.21,7893.18,8094.76,0
2021-02-18,8121.25,8162.04,7778.62,7810.08,0
2021-02-19,7824.47,7875.16,7691.06,7865.18,0
2021-02-22,7945.14,7961.28,7420.23,7446.23,0
2021-02-23,7389.44,7583.74,7273.4,7494.29,0
2021-02-24,7569.91,7605.62,7053.14,7195.66,0
2021-02-25,7359.54,7421.72,7209.04,7308.84,0
2021-02-26,7097.46,7253.69,6980.21,7033.24,0
2021-03-01,7242.15,7338.65,7188.95,7315.17,0
2021-03-02,7421.73,7454.33,7186.07,7209.81,0
2021-03-03,7238.54,7273.44,7092.54,7273.44,0
2021-03-04,7126.52,7126.52,6795.67,6830.61,0
2021-03-05,6625.54,6744.49,6452.3,6645.22,0
2021-03-08,6723.78,6740.73,6187.1,6228.18,0
2021-03-09,6278.14,6417.02,6013.22,6221.96,0
2021-03-10,6492.58,6524.96,6328.28,6361.0,0
2021-03-11,6407.72,6736.56,6398.22,6730.96,0
2021-03-12,6867.27,6889.47,6628.0,6647.78,0
2021-03-15,6696.96,6728.95,6420.09,6488.07,0
2021-03-16,6554.24,6757.86,6554.24,6750.13,0
2021-03-17,6759.71,6919.34,6640.19,6919.34,0
2021-03-18,6989.7,6997.35,6897.3,6930.35,0
2021-03-19,6804.01,6856.12,6643.26,6731.09,0
2021-03-22,6721.53,6769.39,6613.34,6686.79,0
2021-03-23,6727.51,6736.13,6444.61,6506.14,0
2021-03-24,6472.37,6527.33,6316.88,6361.13,0
2021-03-25,6298.76,6402.84,6129.99,6364.98,0
2021-03-26,6414.67,6630.03,6414.67,6600.39,0
2021-03-29,6625.2,6695.42,6473.38,6490.87,0
2021-03-30,6584.08,6841.78,6553.99,6730.16,0
2021-03-31,6789.04,6805.09,6637.61,6705.23,0
2021-04-01,6749.76,6953.42,6749.76,6953.42,0
2021-04-07,7024.0,7031.65,6867.26,6928.17,0
2021-04-08,6906.91,7048.17,6878.55,7032.33,0
2021-04-09,7049.26,7049.26,6820.25,6875.08,0
2021-04-12,6895.24,6896.28,6692.23,6751.55,0
2021-04-13,6756.78,6877.55,6700.91,6728.87,0
2021-04-14,6825.52,6902.79,6803.81,6891.16,0
2021-04-15,6911.08,6918.36,6770.43,6850.19,0
2021-04-16,6881.61,6911.38,6802.72,6846.93,0
2021-04-19,6869.85,7077.26,6811.13,7055.91,0
2021-04-20,7024.9,7090.07,6982.53,7073.9,0
2021-04-21,7000.7,7094.77,6934.69,7068.29,0
2021-04-22,7120.91,7220.95,7072.06,7207.43,0
2021-04-23,7210.21,7439.88,7203.81,7428.47,0
2021-04-26,7455.84,7575.55,7344.67,7367.84,0
2021-04-27,7343.9,7466.23,7319.53,7434.74,0
2021-04-28,7472.1,7552.72,7429.26,7526.55,0
2021-04-29,7579.52,7583.82,7455.99,7503.49,0
2021-04-30,7463.52,7528.71,7405.21,7434.64,0
2021-05-03,7445.4,7487.17,7364.17,7480.99,0
2021-05-04,7519.69,7524.03,7407.48,7507.48,0
2021-05-05,7446.13,7446.13,7271.32,7295.98,0
2021-05-06,7305.56,7324.96,7033.91,7201.04,0
2021-05-07,7236.28,7307.05,7078.66,7105.49,0
2021-05-10,7212.12,7372.75,7210.63,7276.88,0
2021-05-11,7167.06,7250.36,7028.2,7189.82,0
2021-05-12,7215.98,7283.82,7115.82,7283.82,0
2021-05-13,7191.53,7319.55,7152.54,7158.33,0
2021-05-14,7201.56,7351.63,7097.38,7338.63,0
2021-05-17,7384.15,7470.73,7376.24,7431.86,0
2021-05-18,7475.45,7598.45,7460.14,7583.92,0
2021-05-20,7559.58,7668.09,7517.73,7568.61,0
2021-05-21,7611.65,7739.77,7611.65,7731.53,0
2021-05-24,7696.53,7744.84,7501.72,7716.27,0
2021-05-25,7773.59,7844.37,7743.4,7804.71,0
2021-05-26,7803.52,7835.25,7700.92,7835.25,0
2021-05-27,7832.15,7932.36,7810.16,7932.36,0
2021-05-28,7940.97,7952.81,7686.22,7706.82,0
2021-05-31,7759.55,8009.34,7734.35,8009.34,0
2021-06-01,8018.1,8084.5,7877.62,8084.5,0
2021-06-02,8101.87,8113.26,7928.4,7961.29,0
2021-06-03,8008.48,8060.22,7902.88,7932.56,0
2021-06-04,7906.02,7941.38,7848.27,7868.4,0
2021-06-07,7891.57,7905.57,7723.73,7857.53,0
2021-06-08,7873.69,7981.6,7780.66,7815.74,0
2021-06-09,7829.7,7903.8,7763.79,7898.8,0
2021-06-10,7939.01,7999.13,7919.56,7959.4,0
2021-06-11,7994.86,8027.45,7917.1,8013.54,0
2021-06-15,8009.11,8012.65,7833.16,7869.47,0
2021-06-16,7849.93,7849.93,7556.51,7576.17,0
2021-06-17,7546.84,7674.81,7514.83,7653.83,0
2021-06-18,7689.72,7836.35,7664.93,7836.35,0
2021-06-21,7777.9,7949.64,7721.5,7861.45,0
2021-06-22,7889.07,7994.96,7793.83,7941.18,0
2021-06-23,7968.71,8166.02,7968.71,8111.33,0
2021-06-24,8147.66,8213.69,8109.57,8171.52,0
2021-06-25,8220.82,8256.7,8147.88,8226.76,0
2021-06-28,8230.21,8381.1,8222.45,8362.42,0
2021-06-29,8378.56,8395.58,8191.1,8212.35,0
2021-06-30,8224.69,8261.36,8114.28,8158.55,0
2021-07-02,8229.89,8261.7,7900.07,7937.79,0
2021-07-05,7892.07,7969.2,7803.97,7868.18,0
2021-07-06,7859.37,7859.37,7311.86,7515.26,0
2021-07-07,7469.26,7678.24,7434.69,7678.24,0
2021-07-08,7680.43,7725.49,7344.2,7365.8,0
2021-07-09,7381.31,7484.44,7199.38,7434.03,0
2021-07-12,7487.48,7675.67,7412.26,7647.47,0
2021-07-13,7686.78,7688.85,7568.58,7580.99,0
2021-07-14,7624.28,7868.14,7622.51,7833.71,0
2021-07-15,7846.78,7868.76,7706.11,7816.52,0
2021-07-16,7833.81,7833.81,7707.34,7724.29,0
2021-07-19,7694.57,7819.56,7674.99,7741.32,0
2021-07-20,7739.76,7802.65,7524.69,7571.08,0
2021-07-21,7617.66,7625.42,7507.09,7521.77,0
2021-07-22,7570.89,7592.67,7469.82,7501.48,0
2021-07-23,7500.86,7542.1,7292.82,7319.89,0
2021-07-26,7189.2,7189.2,6655.34,6695.28,0
2021-07-27,6636.86,6682.78,5940.44,6075.73,0
2021-07-28,6138.44,6508.64,6136.44,6507.63,0
2021-07-29,6820.91,6948.71,6805.93,6943.51,0
2021-07-30,6904.09,6904.09,6634.32,6797.79,0
2021-08-02,6790.93,6803.9,6545.56,6802.69,0
2021-08-03,6831.74,6975.71,6791.88,6919.0,0
2021-08-04,6955.21,7036.89,6869.41,7017.7,0
2021-08-05,7045.51,7100.53,6871.7,6876.44,0
2021-08-06,6857.13,6872.5,6696.0,6720.93,0
2021-08-09,6685.54,6748.03,6588.68,6732.84,0
2021-08-10,6776.75,6930.43,6757.04,6930.43,0
2021-08-11,6891.24,6920.94,6735.94,6757.95,0
2021-08-12,6756.85,6756.85,6514.35,6548.8,0
2021-08-13,6529.85,6661.17,6499.11,6575.18,0
2021-08-16,6588.35,6605.96,6460.9,6502.08,0
2021-08-17,6511.32,6556.88,6259.64,6335.34,0
2021-08-18,6375.37,6388.43,6269.06,6288.82,0
2021-08-19,6333.64,6382.76,6149.06,6189.54,0
2021-08-20,6181.09,6181.09,5631.93,5762.06,0
2021-08-23,5824.71,6057.45,5782.76,6012.76,0
2021-08-24,6160.03,6288.29,6160.03,6266.73,0
2021-08-25,6366.24,6440.66,6203.28,6239.75,0
2021-08-26,6236.17,6249.62,5968.59,6044.31,0
2021-08-27,6025.39,6104.06,5933.02,5957.61,0
2021-08-30,5977.26,6127.93,5958.11,6120.14,0
2021-08-31,6135.57,6189.86,5981.75,6189.86,0
2021-09-01,6202.47,6274.65,6060.55,6229.43,0
2021-09-02,6285.83,6340.12,6174.43,6216.98,0
2021-09-03,6227.41,6337.92,6205.17,6308.46,0
2021-09-06,6308.15,6444.51,6278.19,6443.53,0
2021-09-07,6454.8,6461.11,6363.86,6400.03,0
2021-09-08,6405.27,6425.05,6303.73,6336.72,0
2021-09-09,6314.8,6359.02,6189.55,6204.86,0
2021-09-10,6210.26,6270.76,6210.26,6270.76,0
2021-09-13,6257.6,6257.6,6091.79,6153.24,0
2021-09-14,6180.83,6321.36,6152.58,6243.07,0
2021-09-15,6245.07,6245.07,6051.8,6068.11,0
2021-09-16,6083.62,6083.62,5884.02,5939.79,0
2021-09-17,5971.33,6240.69,5961.48,6240.69,0
2021-09-20,6221.35,6221.35,5974.51,6136.78,0
2021-09-21,6117.02,6213.89,6064.37,6135.38,0
2021-09-23,6205.74,6222.95,6108.03,6153.93,0
2021-09-24,6159.01,6214.78,6026.41,6050.49,0
2021-09-27,6061.89,6212.71,6052.46,6069.42,0
2021-09-28,6085.0,6117.72,5953.8,6075.01,0
2021-09-29,6039.82,6039.82,5909.03,5983.21,0
2021-09-30,5963.21,6066.28,5934.4,6055.17,0
2021-10-04,6006.08,6006.08,5723.93,5826.84,0
2021-10-05,5774.05,5876.13,5753.3,5816.67,0
2021-10-06,5835.84,5847.53,5630.27,5662.89,0
2021-10-07,5726.63,5849.97,5719.46,5845.13,0
2021-10-08,5916.86,5966.15,5750.54,5792.35,0
2021-10-11,5819.86,5947.25,5819.86,5871.0,0
2021-10-12,5811.56,5874.28,5732.27,5762.23,0
2021-10-15,5804.22,5804.22,5681.53,5746.45,0
2021-10-18,5744.43,5824.26,5722.1,5824.26,0
2021-10-19,5822.42,5932.96,5813.57,5932.96,0
2021-10-20,5971.74,6013.43,5888.85,5989.77,0
2021-10-21,5988.38,6011.82,5834.26,5862.8,0
2021-10-22,5883.26,5895.68,5848.86,5891.7,0
2021-10-25,5864.17,5932.47,5842.07,5869.39,0
2021-10-26,5879.69,5879.69,5746.94,5778.4,0
2021-10-27,5771.35,5771.35,5578.18,5596.42,0
2021-10-28,5594.23,5594.23,5508.9,5536.08,0
2021-10-29,5530.48,5546.07,5457.65,5533.48,0
2021-11-01,5551.85,5551.85,5324.49,5350.02,0
2021-11-02,5383.65,5449.35,5240.3,5264.62,0
2021-11-03,5301.68,5371.82,5232.09,5271.62,0
2021-11-04,5287.27,5334.13,5181.21,5258.16,0
2021-11-05,5216.48,5262.46,5149.73,5188.76,0
2021-11-08,5149.06,5151.27,5025.17,5098.63,0
2021-11-09,5128.21,5305.15,5128.21,5305.15,0
2021-11-10,5300.16,5471.95,5249.68,5466.15,0
2021-11-11,5475.48,5499.78,5387.81,5450.14,0
2021-11-12,5512.2,5522.24,5436.64,5468.19,0
2021-11-15,5490.32,5604.27,5490.32,5537.17,0
2021-11-16,5557.99,5712.69,5529.59,5683.41,0
2021-11-17,5709.33,5750.02,5667.07,5748.7,0
2021-11-18,5726.71,5726.71,5621.21,5635.49,0
2021-11-19,5623.38,5674.0,5572.61,5648.02,0
2021-11-22,5684.52,5684.52,5517.5,5528.72,0
2021-11-23,5492.98,5501.02,5413.24,5418.0,0
2021-11-24,5438.29,5473.56,5366.59,5436.82,0
2021-11-25,5443.36,5535.59,5414.44,5532.83,0
2021-11-26,5523.92,5555.35,5434.18,5461.07,0
2021-11-29,5493.55,5593.92,5427.93,5457.36,0
2021-11-30,5469.63,5501.82,5334.89,5386.32,0
2021-12-01,5400.23,5401.83,5292.09,5295.02,0
2021-12-02,5279.19,5299.56,5200.06,5212.83,0
2021-12-03,5191.4,5263.48,5171.88,5252.1,0
2021-12-06,5208.13,5212.79,4951.17,4960.88,0
2021-12-07,5001.75,5078.44,5001.75,5078.44,0
2021-12-08,5121.24,5214.76,5121.24,5170.23,0
2021-12-09,5212.68,5379.97,5212.68,5377.55,0
2021-12-10,5343.64,5343.64,5216.63,5249.39,0
2021-12-13,5288.77,5292.8,5143.66,5144.9,0
2021-12-14,5097.95,5165.78,5091.57,5101.82,0
2021-12-15,5101.23,5119.22,4655.21,4749.24,0
2021-12-16,4734.87,4907.04,4734.87,4899.67,0
2021-12-17,4969.88,4993.38,4745.55,4787.09,0
2021-12-20,4785.04,4845.64,4636.28,4645.48,0
2021-12-21,4670.12,4747.82,4636.85,4732.8,0
2021-12-22,4751.71,4774.35,4692.9,4731.25,0
2021-12-23,4751.29,4765.52,4694.21,4698.01,0
2021-12-24,4730.28,4730.28,4667.79,4690.2,0
2021-12-28,4699.84,4713.65,4577.38,4626.67,0
2021-12-29,4615.35,4627.49,4501.04,4534.16,0
2021-12-30,4546.37,4581.09,4493.65,4564.03,0
2021-12-31,4647.79,4737.61,4647.79,4726.51,0
2022-01-03,4748.91,4758.9,4576.41,4630.94,0
2022-01-04,4637.77,4643.96,4480.62,4522.13,0
2022-01-05,4507.57,4507.57,4344.48,4359.72,0
2022-01-06,4317.11,4353.06,4193.27,4350.06,0
2022-01-07,4372.08,4414.73,4334.77,4410.84,0
2022-01-10,4424.82,4667.79,4407.35,4625.65,0
2022-01-11,4596.0,4719.89,4587.34,4674.0,0
2022-01-12,4726.37,4791.05,4700.87,4791.05,0
2022-01-13,4815.37,4833.69,4664.32,4677.71,0
2022-01-14,4637.06,4722.82,4575.8,4722.82,0
2022-01-17,4730.68,4762.17,4655.53,4684.74,0
2022-01-18,4694.83,4787.19,4644.0,4663.2,0
2022-01-19,4679.32,4696.63,4562.08,4603.94,0
2022-01-20,4617.4,4692.91,4576.16,4692.91,0
2022-01-21,4708.4,4718.18,4617.13,4645.99,0
2022-01-24,4599.47,4636.85,4529.23,4540.67,0
2022-01-25,4491.14,4491.14,4324.64,4363.17,0
2022-01-26,4368.16,4384.29,4184.45,4194.9,0
2022-01-27,4154.59,4154.59,3966.59,4060.21,0
2022-01-28,4065.7,4069.88,3940.67,3951.4,0
2022-01-31,3974.52,4059.22,3949.3,4040.59,0
2022-02-04,4112.14,4136.03,3975.65,4116.27,0
2022-02-07,4132.52,4227.34,4130.5,4164.98,0
2022-02-08,4077.41,4077.41,3890.26,4024.78,0
2022-02-09,4091.78,4091.78,3987.87,4041.68,0
2022-02-10,4060.15,4096.1,4005.85,4057.96,0
2022-02-11,4015.11,4041.93,3875.71,3918.77,0
2022-02-14,3881.66,3931.89,3874.4,3883.74,0
2022-02-15,3869.55,4044.8,3869.55,4044.8,0
2022-02-16,4089.09,4115.89,4057.51,4090.69,0
2022-02-17,4104.63,4160.68,4084.46,4160.68,0
2022-02-18,4125.74,4153.49,4075.66,4114.64,0
2022-02-21,4082.51,4142.63,4057.38,4091.03,0
2022-02-22,4036.78,4036.89,3941.22,3980.01,0
2022-02-23,4005.18,4100.86,3991.69,4089.32,0
2022-02-24,4045.35,4061.99,3898.8,3946.84,0
2022-02-25,3991.77,4101.99,3991.77,4064.39,0
2022-02-28,4067.53,4067.53,3963.09,4042.98,0
2022-03-01,4077.3,4117.76,4048.33,4095.25,0
2022-03-02,4078.08,4078.08,3968.35,3974.36,0
2022-03-03,3984.08,4012.83,3918.07,3937.49,0
2022-03-04,3843.97,3872.26,3800.07,3812.17,0
2022-03-07,3746.87,3746.87,3558.58,3617.69,0
2022-03-08,3615.41,3671.01,3496.86,3509.69,0
2022-03-09,3531.12,3547.32,3323.7,3439.04,0
2022-03-10,3527.54,3586.39,3472.63,3513.54,0
2022-03-11,3415.72,3466.53,3264.92,3426.64,0
2022-03-14,3368.16,3368.16,3072.5,3090.66,0
2022-03-15,3016.61,3153.61,2808.05,2834.19,0
2022-03-16,2970.22,3216.57,2891.73,3216.57,0
2022-03-17,3431.43,3584.69,3390.72,3584.69,0
2022-03-18,3568.29,3581.22,3411.05,3546.12,0
2022-03-21,3637.09,3641.64,3508.99,3571.64,0
2022-03-22,3576.45,3606.37,3488.1,3606.37,0
2022-03-23,3637.05,3802.44,3615.32,3762.17,0
2022-03-24,3749.02,3939.09,3701.31,3886.95,0
2022-03-25,3864.06,3868.54,3586.3,3624.65,0
2022-03-28,3613.55,3678.12,3519.27,3612.06,0
2022-03-29,3661.32,3752.13,3653.15,3730.91,0
2022-03-30,3765.88,3848.95,3719.07,3842.62,0
2022-03-31,3854.64,3854.64,3642.39,3675.7,0
2022-04-01,3625.25,3627.67,3555.69,3627.63,0
2022-04-04,3683.97,3842.09,3683.97,3836.35,0
2022-04-06,3784.6,3828.92,3753.82,3773.6,0
2022-04-07,3772.98,3812.82,3633.55,3633.78,0
2022-04-08,3623.45,3650.49,3553.48,3640.95,0
2022-04-11,3645.4,3645.4,3453.92,3473.63,0
2022-04-12,3479.9,3548.64,3398.54,3490.03,0
2022-04-13,3477.63,3481.6,3389.48,3433.73,0
2022-04-14,3468.4,3568.22,3468.4,3551.86,0
2022-04-19,3499.47,3517.68,3397.72,3410.58,0
2022-04-20,3407.55,3468.51,3369.25,3393.55,0
2022-04-21,3377.18,3377.18,3240.67,3290.04,0
2022-04-22,3239.47,3323.65,3196.96,3305.64,0
2022-04-25,3261.35,3261.35,3117.32,3157.15,0
2022-04-26,3184.51,3267.88,3172.08,3198.79,0
2022-04-27,3170.06,3219.1,3101.57,3200.15,0
2022-04-28,3228.78,3266.12,3171.21,3266.12,0
2022-04-29,3252.43,3380.6,3184.68,3379.05,0
2022-05-03,3336.6,3348.51,3233.77,3308.78,0
2022-05-04,3291.91,3291.91,3148.97,3172.44,0
2022-05-05,3216.61,3233.9,3139.95,3144.84,0
2022-05-06,3076.97,3076.97,2995.7,3003.81,0
2022-05-10,2913.94,2984.67,2880.39,2957.31,0
2022-05-11,2961.23,3158.32,2944.96,3058.4,0
2022-05-12,3016.34,3053.36,2984.1,3012.26,0
2022-05-13,3049.52,3090.55,3046.14,3084.07,0
2022-05-16,3115.24,3154.09,3074.12,3114.02,0
2022-05-17,3130.95,3184.29,3096.6,3181.1,0
2022-05-18,3179.39,3207.1,3137.88,3203.15,0
2022-05-19,3144.5,3172.72,3100.15,3154.28,0
2022-05-20,3203.12,3298.99,3203.12,3289.9,0
2022-05-23,3281.99,3293.98,3237.11,3262.34,0
2022-05-24,3251.09,3257.93,3112.63,3123.05,0
2022-05-25,3122.78,3159.07,3097.07,3122.54,0
2022-05-26,3132.8,3132.8,3014.46,3075.76,0
2022-05-27,3133.32,3177.27,3111.61,3153.03,0
2022-05-30,3178.55,3256.14,3168.93,3251.16,0
2022-05-31,3245.23,3359.9,3230.82,3354.39,0
2022-06-01,3365.26,3365.26,3255.62,3291.0,0
2022-06-02,3262.57,3265.55,3165.06,3222.81,0
2022-06-06,3229.4,3331.64,3224.12,3331.64,0
2022-06-07,3300.82,3379.1,3286.2,3367.81,0
2022-06-08,3413.78,3559.73,3408.24,3553.48,0
2022-06-09,3576.53,3609.72,3479.9,3527.78,0
2022-06-10,3465.59,3533.03,3431.59,3520.6,0
2022-06-13,3436.11,3436.11,3331.62,3361.83,0
2022-06-14,3314.74,3370.43,3278.61,3353.86,0
2022-06-15,3347.07,3450.2,3346.51,3414.41,0
2022-06-16,3438.66,3454.4,3328.94,3351.07,0
2022-06-17,3327.61,3463.58,3319.41,3454.8,0
2022-06-20,3458.63,3530.14,3432.29,3512.22,0
2022-06-21,3537.43,3693.61,3501.06,3690.06,0
2022-06-22,3660.36,3692.59,3562.7,3573.65,0
2022-06-23,3593.72,3667.85,3572.58,3660.1,0
2022-06-24,3688.85,3891.88,3688.85,3889.44,0
2022-06-27,3928.93,3988.15,3875.32,3952.71,0
2022-06-28,3933.24,3968.56,3861.29,3968.56,0
2022-06-29,3927.95,3939.92,3761.38,3825.53,0
2022-06-30,3818.88,3892.0,3803.78,3844.93,0
2022-07-04,3849.22,4035.78,3820.21,4034.61,0
2022-07-05,4060.01,4139.79,3978.75,4083.25,0
2022-07-06,4129.63,4201.35,3988.78,4096.08,0
2022-07-07,4083.63,4084.41,3966.65,4041.89,0
2022-07-08,4090.58,4109.54,4000.88,4040.88,0
2022-07-11,4033.15,4035.42,3907.32,3970.97,0
2022-07-12,3940.23,3980.13,3827.54,3852.34,0
2022-07-13,3850.84,3918.43,3814.12,3829.62,0
2022-07-14,3839.82,3977.33,3839.77,3951.6,0
2022-07-15,3937.69,3937.69,3781.35,3800.68,0
2022-07-18,3815.66,3847.54,3713.52,3845.25,0
2022-07-19,3848.04,3870.76,3762.94,3785.45,0
2022-07-20,3840.72,3917.75,3839.78,3845.75,0
2022-07-21,3852.02,3884.72,3830.57,3846.73,0
2022-07-22,3886.89,3893.84,3791.99,3823.98,0
2022-07-25,3814.88,3814.88,3715.04,3766.32,0
2022-07-26,3769.26,3805.57,3732.64,3779.62,0
2022-07-27,3751.32,3769.5,3700.96,3715.15,0
2022-07-28,3725.78,3767.41,3722.98,3752.01,0
2022-07-29,3756.52,3756.52,3588.12,3620.03,0
2022-08-01,3616.34,3616.34,3547.23,3574.06,0
2022-08-02,3538.64,3538.64,3415.1,3480.05,0
2022-08-03,3507.28,3536.4,3462.81,3478.45,0
2022-08-04,3504.6,3600.0,3504.6,3589.95,0
2022-08-05,3646.13,3709.87,3646.13,3685.59,0
2022-08-08,3675.6,3707.87,3616.89,3650.12,0
2022-08-09,3652.63,3682.3,3621.15,3649.97,0
2022-08-10,3635.99,3637.35,3491.41,3523.43,0
2022-08-11,3564.18,3650.91,3564.18,3650.91,0
2022-08-12,3644.31,3646.15,3589.8,3623.46,0
2022-08-15,3601.61,3664.27,3601.61,3621.56,0
2022-08-16,3623.18,3644.2,3532.27,3586.04,0
2022-08-17,3599.84,3603.44,3521.15,3531.42,0
2022-08-18,3524.73,3527.63,3477.6,3506.85,0
2022-08-19,3493.62,3500.87,3448.33,3457.41,0
2022-08-22,3442.35,3473.27,3425.15,3454.73,0
2022-08-23,3450.32,3469.59,3385.86,3408.16,0
2022-08-24,3422.26,3423.91,3310.98,3327.48,0
2022-08-25,3328.85,3449.62,3328.85,3448.59,0
2022-08-26,3476.35,3545.35,3467.35,3540.47,0
2022-08-29,3494.32,3494.32,3430.99,3457.62,0
2022-08-30,3458.74,3458.74,3354.66,3419.1,0
2022-08-31,3361.92,3495.28,3361.72,3461.51,0
2022-09-01,3434.68,3487.23,3417.46,3432.73,0
2022-09-02,3432.45,3467.1,3364.45,3373.81,0
2022-09-05,3371.33,3375.45,3254.14,3297.19,0
2022-09-06,3305.19,3322.32,3235.99,3279.65,0
2022-09-07,3252.46,3283.34,3230.9,3277.33,0
2022-09-08,3281.32,3285.51,3207.37,3222.57,0
2022-09-09,3253.38,3353.53,3236.24,3348.3,0
2022-09-13,3354.08,3354.08,3233.98,3242.18,0
2022-09-14,3192.22,3192.22,3144.46,3160.15,0
2022-09-15,3177.03,3238.52,3165.75,3187.02,0
2022-09-16,3173.45,3173.95,3099.01,3106.89,0
2022-09-19,3100.35,3100.35,2990.97,3000.06,0
2022-09-20,3005.24,3034.43,2995.7,3019.37,0
2022-09-21,3012.81,3012.81,2935.11,2939.9,0
2022-09-22,2875.08,2899.07,2846.43,2886.75,0
2022-09-23,2870.38,2872.33,2792.17,2792.41,0
2022-09-26,2773.33,2866.13,2773.33,2823.27,0
2022-09-27,2819.84,2918.81,2788.71,2909.4,0
2022-09-28,2896.98,2901.02,2811.26,2830.58,0
2022-09-29,2874.31,2890.51,2796.65,2826.17,0
2022-09-30,2827.09,2839.39,2770.56,2816.6,0
2022-10-03,2800.42,2877.31,2771.45,2812.38,0
2022-10-05,2888.88,2960.35,2888.88,2955.98,0
2022-10-06,2963.31,2963.31,2881.66,2906.07,0
2022-10-07,2893.56,2893.56,2818.17,2830.54,0
2022-10-10,2824.39,2824.39,2728.53,2741.0,0
2022-10-11,2739.99,2747.23,2658.44,2708.67,0
2022-10-12,2703.94,2755.9,2619.36,2711.99,0
2022-10-13,2723.36,2813.81,2690.23,2705.77,0
2022-10-14,2744.11,2952.41,2744.11,2873.85,0
2022-10-17,2872.86,2947.06,2854.54,2916.75,0
2022-10-18,2950.37,3074.9,2907.65,3069.75,0
2022-10-19,3060.77,3066.0,2961.07,2968.41,0
2022-10-20,2920.44,2998.16,2870.86,2940.47,0
2022-10-21,2957.88,3014.79,2937.98,2998.79,0
2022-10-24,2982.5,3008.59,2761.33,2782.27,0
2022-10-25,2825.12,2867.6,2721.05,2818.86,0
2022-10-26,2828.09,2996.13,2817.65,2961.61,0
2022-10-27,3010.79,3032.51,2943.52,2949.97,0
2022-10-28,2955.09,2981.16,2809.44,2835.73,0
2022-10-31,2811.25,2879.41,2783.87,2790.86,0
2022-11-01,2820.17,2986.93,2820.17,2962.49,0
2022-11-02,2944.3,3198.29,2933.02,3181.34,0
2022-11-03,3079.15,3122.62,3049.58,3097.8,0
2022-11-04,3121.32,3309.51,3121.32,3220.83,0
2022-11-07,3206.68,3346.31,3188.99,3329.71,0
2022-11-08,3348.23,3356.02,3244.46,3294.15,0
2022-11-09,3288.55,3315.1,3174.84,3211.91,0
2022-11-10,3183.01,3219.88,3136.61,3158.08,0
2022-11-11,3367.46,3415.02,3280.23,3336.33,0
2022-11-14,3438.59,3585.77,3411.17,3579.46,0
2022-11-15,3584.38,3652.15,3511.26,3652.15,0
2022-11-16,3639.39,3755.49,3622.76,3666.19,0
2022-11-17,3630.71,3630.71,3507.88,3600.16,0
2022-11-18,3626.13,3671.52,3584.55,3602.72,0
2022-11-21,3535.75,3546.65,3463.01,3533.49,0
2022-11-22,3518.15,3550.86,3352.86,3397.85,0
2022-11-23,3401.89,3413.82,3273.83,3359.22,0
2022-11-24,3377.77,3426.76,3375.74,3394.22,0
2022-11-25,3401.14,3401.14,3312.8,3333.76,0
2022-11-28,3252.29,3361.66,3208.28,3353.68,0
2022-11-29,3381.26,3494.66,3372.94,3494.66,0
2022-11-30,3491.04,3571.49,3468.11,3571.49,0
2022-12-01,3651.72,3699.87,3479.87,3526.96,0
2022-12-02,3543.5,3646.18,3541.83,3569.23,0
2022-12-05,3669.55,3792.46,3643.64,3790.07,0
2022-12-06,3724.65,3851.53,3653.92,3685.77,0
2022-12-07,3702.06,3864.18,3632.04,3639.28,0
2022-12-08,3702.98,3880.95,3699.22,3874.09,0
2022-12-09,3881.47,3915.79,3809.05,3887.06,0
2022-12-12,3863.16,3934.72,3800.61,3848.89,0
2022-12-13,3853.28,3870.34,3766.53,3805.15,0
2022-12-14,3856.03,3877.96,3764.81,3817.5,0
2022-12-15,3814.52,3814.52,3706.43,3716.06,0
2022-12-16,3715.05,3801.93,3673.63,3766.91,0
2022-12-19,3772.46,3792.66,3582.1,3597.29,0
2022-12-20,3569.38,3596.32,3517.11,3556.52,0
2022-12-21,3573.0,3633.15,3565.54,3609.74,0
2022-12-22,3654.8,3709.74,3621.4,3674.77,0
2022-12-23,3648.93,3726.61,3633.94,3703.69,0
2022-12-28,3699.5,3825.0,3699.5,3781.47,0
2022-12-29,3757.6,3832.93,3734.97,3825.17,0
2022-12-30,3873.42,3883.67,3783.25,3812.62,0
2023-01-03,3788.16,3916.36,3759.06,3905.76,0
2023-01-04,3916.12,4030.43,3912.66,4030.43,0
2023-01-05,4086.8,4144.87,4046.7,4063.1,0
2023-01-06,4098.06,4130.89,4003.78,4023.19,0
2023-01-09,4071.08,4147.42,4071.08,4143.63,0
2023-01-10,4130.09,4156.17,4065.82,4120.8,0
2023-01-11,4133.34,4268.09,4133.34,4173.68,0
2023-01-12,4191.23,4267.87,4107.16,4130.79,0
2023-01-13,4144.69,4326.58,4144.69,4326.58,0
2023-01-16,4362.3,4488.59,4342.28,4359.5,0
2023-01-17,4331.53,4335.88,4201.75,4226.8,0
2023-01-18,4216.12,4227.21,4139.11,4226.22,0
2023-01-19,4201.43,4278.84,4153.05,4228.23,0
2023-01-20,4236.34,4284.71,4215.72,4279.37,0
2023-01-26,4311.04,4382.46,4284.6,4382.46,0
2023-01-27,4384.02,4441.25,4341.4,4384.38,0
2023-01-30,4381.26,4394.92,4209.82,4222.63,0
2023-01-31,4237.2,4244.74,4069.48,4114.84,0
2023-02-01,4114.0,4269.3,4111.1,4256.6,0
2023-02-02,4286.03,4414.65,4286.03,4323.85,0
2023-02-03,4318.1,4372.97,4248.9,4266.52,0
2023-02-06,4199.97,4199.97,4015.98,4057.91,0
2023-02-07,4063.5,4151.99,4046.11,4085.36,0
2023-02-08,4091.77,4153.3,4060.82,4074.54,0
2023-02-09,4044.6,4124.67,4041.34,4119.23,0
2023-02-10,4117.77,4118.34,3967.13,4009.26,0
2023-02-13,3986.46,4050.46,3972.67,4032.47,0
2023-02-14,4041.66,4049.05,3947.5,3981.05,0
2023-02-15,3974.04,3976.77,3845.44,3863.62,0
2023-02-16,3875.62,3945.48,3813.38,3831.98,0
2023-02-17,3827.3,3865.0,3804.61,3836.49,0
2023-02-20,3832.52,3927.14,3797.98,3919.27,0
2023-02-21,3924.11,3924.11,3815.52,3821.62,0
2023-02-22,3795.65,3834.83,3758.59,3774.14,0
2023-02-23,3776.64,3846.07,3775.36,3801.99,0
2023-02-24,3794.57,3797.69,3725.9,3743.3,0
2023-02-27,3713.82,3718.89,3643.38,3673.28,0
2023-02-28,3680.54,3716.82,3635.92,3683.29,0
2023-03-01,3685.47,3860.56,3683.23,3854.57,0
2023-03-02,3834.5,3866.73,3800.59,3850.59,0
2023-03-03,3875.11,3907.49,3826.64,3872.58,0
2023-03-06,3862.57,3876.11,3818.29,3864.18,0
2023-03-07,3856.33,3902.21,3767.48,3794.29,0
2023-03-08,3759.52,3759.52,3626.91,3652.66,0
2023-03-09,3643.31,3679.69,3613.51,3616.26,0
2023-03-10,3556.61,3588.27,3518.86,3545.31,0
2023-03-13,3545.15,3572.47,3509.34,3542.15,0
2023-03-14,3536.01,3640.25,3506.36,3532.96,0
2023-03-15,3562.12,3702.34,3562.12,3648.33,0
2023-03-16,3627.06,3678.27,3580.84,3616.5,0
2023-03-17,3667.53,3686.76,3590.65,3642.39,0
2023-03-20,3635.18,3635.18,3453.86,3493.26,0
2023-03-21,3511.07,3662.22,3511.07,3649.23,0
2023-03-22,3666.98,3703.06,3618.99,3624.13,0
2023-03-23,3613.08,3625.57,3533.41,3621.6,0
2023-03-24,3609.71,3659.4,3566.39,3606.64,0
2023-03-27,3616.9,3662.0,3560.41,3605.42,0
2023-03-28,3628.16,3628.79,3543.46,3555.47,0
2023-03-29,3598.08,3611.24,3520.09,3579.55,0
2023-03-30,3577.92,3577.92,3476.6,3525.24,0
2023-03-31,3546.09,3559.02,3477.29,3491.7,0
2023-04-03,3497.52,3499.5,3401.5,3464.57,0
2023-04-04,3451.85,3485.74,3349.55,3477.74,0
2023-04-06,3466.32,3577.17,3425.31,3569.54,0
2023-04-11,3651.93,3715.09,3642.82,3703.26,0
2023-04-12,3731.74,3750.11,3685.27,3734.12,0
2023-04-13,3702.89,3863.67,3659.66,3859.54,0
2023-04-14,3896.44,3961.31,3843.82,3880.46,0
2023-04-17,3867.28,3884.03,3799.11,3839.08,0
2023-04-18,3829.9,3858.33,3803.61,3834.43,0
2023-04-19,3828.44,3834.16,3751.66,3787.9,0
2023-04-20,3804.13,3813.35,3706.42,3728.95,0
2023-04-21,3726.54,3740.57,3637.13,3669.56,0
2023-04-24,3681.06,3761.23,3644.57,3703.72,0
2023-04-25,3708.24,3708.24,3529.39,3549.33,0
2023-04-26,3544.09,3604.83,3527.66,3592.12,0
2023-04-27,3581.88,3639.81,3549.29,3620.03,0
2023-04-28,3636.66,3664.9,3596.07,3601.89,0
2023-05-02,3635.44,3653.55,3522.77,3575.9,0
2023-05-03,3563.85,3565.0,3498.75,3549.12,0
2023-05-04,3567.49,3642.93,3560.09,3617.61,0
2023-05-05,3625.9,3668.99,3597.89,3638.73,0
2023-05-08,3650.51,3678.28,3593.9,3625.22,0
2023-05-09,3623.8,3623.8,3483.86,3491.04,0
2023-05-10,3496.85,3506.76,3466.1,3499.26,0
2023-05-11,3501.54,3556.18,3458.28,3493.46,0
2023-05-12,3520.57,3523.44,3442.42,3442.42,0
2023-05-15,3448.41,3488.87,3409.43,3477.64,0
2023-05-16,3496.0,3534.27,3481.12,3505.48,0
2023-05-17,3501.44,3501.44,3370.54,3371.31,0
2023-05-18,3378.1,3392.36,3306.39,3321.28,0
2023-05-19,3310.06,3310.07,3262.38,3292.74,0
2023-05-22,3308.3,3381.96,3304.88,3353.61,0
2023-05-23,3365.05,3415.78,3365.05,3385.52,0
2023-05-24,3382.0,3382.0,3304.74,3318.79,0
2023-05-25,3303.22,3303.22,3223.27,3249.94,0
2023-05-29,3267.28,3287.01,3154.56,3160.65,0
2023-05-30,3175.64,3208.46,3121.05,3190.72,0
2023-05-31,3163.34,3163.34,3075.64,3126.47,0
2023-06-01,3120.05,3185.87,3101.29,3134.38,0
2023-06-02,3170.16,3246.29,3170.16,3225.49,0
2023-06-05,3230.3,3233.89,3161.6,3209.47,0
2023-06-06,3215.24,3215.24,3143.72,3164.49,0
2023-06-07,3205.75,3229.47,3170.41,3198.85,0
2023-06-08,3193.61,3202.5,3136.1,3167.83,0
2023-06-09,3164.82,3225.67,3161.86,3202.29,0
2023-06-12,3200.46,3206.51,3115.79,3146.23,0
2023-06-13,3140.69,3159.41,3113.55,3154.27,0
2023-06-14,3160.26,3194.5,3107.19,3129.09,0
2023-06-15,3139.34,3198.7,3111.77,3197.85,0
2023-06-16,3225.8,3302.22,3214.18,3280.57,0
2023-06-19,3273.91,3273.91,3192.11,3237.23,0
2023-06-20,3237.77,3237.77,3080.03,3106.72,0
2023-06-21,3089.08,3089.08,2975.39,3008.03,0
2023-06-23,3002.28,3002.28,2893.88,2908.3,0
2023-06-26,2924.27,3002.09,2917.53,2988.26,0
2023-06-27,2987.72,3014.96,2966.49,3000.35,0
2023-06-28,2999.92,2999.92,2931.44,2971.28,0
2023-06-29,2976.25,2976.36,2904.41,2938.08,0
2023-06-30,2936.41,3007.21,2930.66,2981.44,0
2023-07-03,2988.72,3010.29,2947.11,3002.43,0
2023-07-04,2998.76,3140.52,2973.16,3124.57,0
2023-07-05,3119.82,3119.82,3034.64,3047.4,0
2023-07-06,3034.67,3034.67,2958.67,2978.0,0
2023-07-07,2966.85,2992.7,2937.09,2965.22,0
2023-07-10,3001.84,3033.45,2963.07,2982.72,0
2023-07-11,3013.72,3019.97,2985.73,3002.98,0
2023-07-12,3008.61,3012.44,2951.74,2975.85,0
2023-07-13,3010.78,3139.91,3010.78,3108.96,0
2023-07-14,3113.12,3130.73,3078.97,3088.37,0
2023-07-18,3088.73,3090.65,3025.27,3054.57,0
2023-07-19,3044.63,3044.63,2982.02,3017.99,0
2023-07-20,3027.24,3068.71,2995.48,3012.42,0
2023-07-21,3021.89,3104.65,3017.31,3069.21,0
2023-07-24,3066.99,3113.91,3037.88,3072.43,0
2023-07-25,3120.18,3146.37,3088.01,3140.0,0
2023-07-26,3134.59,3161.97,3114.78,3154.14,0
2023-07-27,3162.83,3193.55,3148.63,3185.42,0
2023-07-28,3165.84,3292.81,3148.51,3272.33,0
2023-07-31,3312.27,3352.52,3236.64,3239.02,0
2023-08-01,3253.58,3329.75,3223.15,3239.82,0
2023-08-02,3224.89,3238.51,3095.18,3102.19,0
2023-08-03,3083.74,3142.16,3053.27,3124.69,0
2023-08-04,3163.8,3189.12,3122.69,3151.62,0
2023-08-07,3135.69,3135.69,2958.81,2984.3,0
2023-08-08,2950.23,2989.22,2912.73,2958.47,0
2023-08-09,2964.44,3081.09,2963.48,3038.06,0
2023-08-10,3037.93,3040.91,2991.69,3026.52,0
2023-08-11,3041.96,3041.96,2971.5,2973.13,0
2023-08-14,2952.08,2966.14,2900.48,2964.04,0
2023-08-15,2954.92,2971.04,2896.64,2955.24,0
2023-08-16,2930.5,2967.53,2907.08,2933.63,0
2023-08-17,2912.09,2913.56,2857.69,2901.64,0
2023-08-18,2896.33,2896.33,2799.48,2799.48,0
2023-08-21,2795.99,2819.82,2753.85,2792.49,0
2023-08-22,2803.39,2849.7,2760.78,2811.4,0
2023-08-23,2814.74,2825.67,2782.12,2799.5,0
2023-08-24,2833.38,2928.04,2833.38,2894.73,0
2023-08-25,2887.18,2937.33,2864.33,2881.38,0
2023-08-28,2979.41,3006.81,2923.88,2923.88,0
2023-08-29,2939.76,3022.08,2922.61,3012.05,0
2023-08-30,3026.39,3027.25,2972.61,2976.61,0
2023-08-31,2987.69,2987.69,2903.85,2925.05,0
2023-09-04,2940.55,2966.57,2920.14,2955.85,0
2023-09-05,2953.44,2953.44,2904.44,2909.97,0
2023-09-06,2903.95,2903.95,2838.64,2871.97,0
2023-09-07,2872.1,2872.1,2824.19,2836.24,0
2023-09-11,2815.74,2952.08,2813.63,2934.93,0
2023-09-12,2924.78,2940.59,2891.07,2912.44,0
2023-09-13,2918.23,2918.23,2857.13,2871.01,0
2023-09-14,2869.19,2882.41,2839.31,2862.73,0
2023-09-15,2868.38,2951.78,2848.06,2919.39,0
2023-09-18,2900.85,2976.6,2900.0,2945.33,0
2023-09-19,2941.03,2948.76,2916.66,2946.5,0
2023-09-20,2945.28,2948.55,2877.58,2893.76,0
2023-09-21,2887.56,2887.56,2809.52,2812.69,0
2023-09-22,2804.39,2888.25,2780.81,2878.86,0
2023-09-25,2882.49,2908.56,2854.79,2886.47,0
2023-09-26,2880.44,2887.93,2848.38,2852.48,0
2023-09-27,2853.98,2942.56,2852.45,2932.62,0
2023-09-28,2931.77,2940.9,2877.79,2895.72,0
2023-09-29,2903.05,2912.69,2865.12,2897.64,0
2023-10-03,2869.47,2869.47,2773.94,2808.59,0
2023-10-04,2804.86,2805.81,2744.49,2760.35,0
2023-10-05,2762.31,2780.68,2724.31,2764.52,0
2023-10-06,2769.33,2837.85,2769.33,2828.36,0
2023-10-09,2829.51,2888.14,2829.51,2862.79,0
2023-10-10,2872.18,2897.96,2841.05,2845.94,0
2023-10-11,2875.78,2988.53,2875.12,2962.85,0
2023-10-12,3001.11,3039.25,2980.7,3032.74,0
2023-10-13,2980.07,3011.12,2957.76,2979.22,0
2023-10-16,2990.25,3034.54,2914.1,2931.19,0
2023-10-17,2947.92,2983.04,2926.64,2948.61,0
2023-10-18,2947.14,2947.14,2852.9,2860.94,0
2023-10-19,2843.92,2856.17,2802.37,2809.56,0
2023-10-20,2789.05,2806.59,2767.8,2786.36,0
2023-10-24,2786.51,2838.55,2757.17,2829.29,0
2023-10-25,2887.46,2908.19,2820.2,2832.4,0
2023-10-26,2827.96,2827.96,2748.0,2786.55,0
2023-10-27,2794.31,2992.2,2777.12,2960.88,0
2023-10-30,2950.4,3111.91,2950.4,3086.23,0
2023-10-31,3071.92,3105.22,3027.87,3043.83,0
2023-11-01,3037.42,3066.27,2970.19,3040.88,0
2023-11-02,3051.56,3078.43,3022.33,3040.96,0
2023-11-03,3064.0,3104.79,3041.61,3096.14,0
2023-11-06,3141.07,3270.2,3141.07,3242.12,0
2023-11-07,3219.58,3260.96,3179.97,3195.25,0
2023-11-08,3201.52,3291.21,3193.8,3216.22,0
2023-11-09,3222.3,3244.94,3161.14,3163.24,0
2023-11-10,3142.89,3142.89,3086.95,3122.81,0
2023-11-13,3134.51,3176.03,3065.36,3124.65,0
2023-11-14,3129.87,3150.38,3083.04,3117.03,0
2023-11-15,3196.42,3225.13,3153.97,3204.28,0
2023-11-16,3195.88,3195.88,3072.34,3111.02,0
2023-11-17,3089.58,3128.28,3066.88,3121.1,0
2023-11-20,3135.33,3171.71,3097.47,3155.11,0
2023-11-21,3166.07,3191.56,3133.31,3144.45,0
2023-11-22,3133.08,3140.72,3092.04,3104.83,0
2023-11-23,3108.34,3168.8,3099.8,3168.8,0
2023-11-24,3160.97,3160.97,3098.77,3106.81,0
2023-11-27,3117.05,3138.04,3091.93,3113.25,0
2023-11-28,3119.46,3172.74,3087.45,3150.06,0
2023-11-29,3160.78,3160.78,3055.3,3067.84,0
2023-11-30,3072.46,3105.65,3037.38,3087.24,0
2023-12-01,3086.46,3105.51,3055.37,3060.38,0
2023-12-04,3029.49,3029.49,2888.69,2902.39,0
2023-12-05,2892.63,2914.89,2829.98,2857.35,0
2023-12-06,2862.21,2885.98,2831.19,2845.25,0
2023-12-07,2838.57,2839.6,2775.5,2819.07,0
2023-12-08,2821.91,2836.96,2762.33,2791.68,0
2023-12-11,2773.75,2781.25,2707.84,2779.41,0
2023-12-12,2779.39,2797.67,2745.41,2786.3,0
2023-12-13,2784.59,2813.97,2763.5,2786.35,0
2023-12-14,2821.28,2883.49,2821.28,2840.37,0
2023-12-15,2859.67,2905.52,2848.03,2865.89,0
2023-12-18,2855.31,2855.31,2791.12,2808.23,0
2023-12-19,2813.39,2814.92,2751.93,2773.39,0
2023-12-20,2795.68,2803.5,2755.7,2765.11,0
2023-12-21,2739.92,2746.54,2688.46,2727.11,0
2023-12-22,2734.81,2736.5,2671.92,2687.79,0
2023-12-27,2710.9,2754.26,2692.39,2747.89,0
2023-12-28,2754.24,2852.38,2746.02,2838.63,0
2023-12-29,2833.71,2878.24,2824.25,2877.71,0
2024-01-02,2878.19,2882.17,2792.47,2805.4,0
2024-01-03,2800.83,2824.27,2756.6,2767.47,0
2024-01-04,2778.44,2778.44,2749.9,2774.21,0
2024-01-05,2765.34,2765.34,2666.71,2677.65,0
2024-01-08,2678.54,2691.52,2592.13,2603.04,0
2024-01-09,2630.76,2702.74,2630.76,2648.72,0
2024-01-10,2662.76,2714.36,2653.12,2699.87,0
2024-01-11,2726.17,2755.59,2698.99,2701.22,0
2024-01-12,2697.67,2703.26,2646.11,2655.67,0
2024-01-15,2659.23,2705.23,2651.27,2668.69,0
2024-01-16,2659.94,2674.0,2606.87,2616.65,0
2024-01-17,2611.5,2611.5,2472.61,2492.7,0
2024-01-18,2506.6,2524.52,2469.48,2512.14,0
2024-01-19,2507.41,2524.79,2408.42,2424.14,0
2024-01-22,2428.2,2429.71,2288.92,2319.14,0
2024-01-23,2327.73,2415.49,2315.99,2381.29,0
2024-01-24,2413.57,2449.03,2350.8,2435.25,0
2024-01-25,2436.8,2471.36,2405.16,2464.91,0
2024-01-26,2479.6,2516.11,2264.53,2341.64,0
2024-01-29,2361.14,2403.67,2306.68,2322.66,0
2024-01-30,2308.25,2310.67,2247.57,2259.19,0
2024-01-31,2249.23,2256.91,2165.63,2186.31,0
2024-02-01,2192.83,2266.95,2172.53,2230.65,0
2024-02-02,2235.04,2272.22,2101.59,2122.57,0
2024-02-05,2118.66,2145.08,2076.85,2109.34,0
2024-02-06,2114.1,2250.71,2090.97,2243.83,0
2024-02-07,2271.83,2334.01,2240.92,2258.73,0
2024-02-08,2253.86,2273.94,2223.08,2238.67,0
2024-02-09,2229.65,2229.65,2170.76,2202.67,0
2024-02-14,2178.0,2186.68,2116.03,2186.68,0
2024-02-15,2185.65,2212.19,2142.63,2205.88,0
2024-02-16,2205.27,2326.58,2189.52,2323.97,0
2024-02-19,2311.71,2311.9,2256.39,2280.84,0
2024-02-20,2286.45,2344.45,2267.96,2332.56,0
2024-02-21,2326.94,2412.2,2301.41,2367.68,0
2024-02-22,2374.45,2406.12,2356.81,2405.52,0
2024-02-23,2396.77,2415.55,2380.65,2407.12,0
2024-02-26,2413.04,2449.3,2396.4,2404.31,0
2024-02-27,2415.63,2473.94,2391.57,2470.23,0
2024-02-28,2502.76,2544.68,2429.54,2434.87,0
2024-02-29,2434.83,2498.56,2434.45,2456.25,0
2024-03-01,2431.54,2440.61,2394.53,2413.48,0
2024-03-04,2430.31,2497.42,2429.89,2478.29,0
2024-03-05,2466.87,2466.87,2359.7,2363.14,0
2024-03-06,2357.79,2413.24,2351.41,2406.17,0
2024-03-07,2345.93,2349.91,2276.99,2296.54,0
2024-03-08,2309.73,2350.0,2309.73,2332.01,0
2024-03-11,2332.89,2379.69,2331.25,2379.69,0
2024-03-12,2394.83,2471.26,2394.83,2468.42,0
2024-03-13,2458.54,2508.79,2427.47,2503.4,0
2024-03-14,2560.24,2607.78,2435.82,2461.91,0
2024-03-15,2443.17,2472.03,2410.75,2431.46,0
2024-03-18,2430.06,2453.84,2382.94,2447.6,0
2024-03-19,2430.6,2430.6,2371.83,2372.11,0
2024-03-20,2380.4,2397.27,2368.52,2386.9,0
2024-03-21,2397.72,2414.45,2373.32,2387.17,0
2024-03-22,2371.62,2371.62,2268.22,2283.57,0
2024-03-25,2288.89,2326.29,2281.85,2293.11,0
2024-03-26,2307.48,2312.49,2268.86,2286.0,0
2024-03-27,2280.0,2312.58,2262.43,2275.6,0
2024-03-28,2270.91,2305.38,2251.76,2268.46,0
2024-04-02,2292.56,2305.77,2255.51,2269.89,0
2024-04-03,2264.45,2264.45,2225.48,2235.87,0
2024-04-05,2225.5,2225.5,2153.06,2178.77,0
2024-04-08,2184.27,2222.62,2178.21,2202.35,0
2024-04-09,2205.03,2256.87,2203.59,2253.64,0
2024-04-10,2261.19,2273.94,2242.48,2253.0,0
2024-04-11,2221.78,2229.69,2200.79,2225.45,0
2024-04-12,2219.92,2234.91,2187.54,2189.32,0
2024-04-15,2178.47,2185.34,2140.84,2155.84,0
2024-04-16,2144.41,2145.81,2087.77,2096.91,0
2024-04-17,2100.27,2113.86,2082.2,2100.57,0
2024-04-18,2100.26,2114.32,2073.5,2090.42,0
2024-04-19,2083.44,2083.44,2026.47,2047.1,0
2024-04-22,2062.19,2111.26,2048.11,2102.58,0
2024-04-23,2110.29,2165.39,2103.22,2148.09,0
2024-04-24,2158.5,2203.71,2141.22,2197.31,0
2024-04-25,2194.14,2254.86,2183.98,2225.88,0
2024-04-26,2228.6,2280.17,2228.24,2276.64,0
2024-04-29,2288.75,2353.77,2273.76,2305.05,0
2024-04-30,2312.01,2321.92,2276.88,2286.03,0
2024-05-02,2286.36,2392.58,2269.9,2392.1,0
2024-05-03,2406.7,2418.66,2353.22,2379.47,0
2024-05-06,2375.64,2414.66,2372.93,2401.5,0
2024-05-07,2403.71,2408.61,2366.21,2371.88,0
2024-05-08,2372.29,2404.46,2348.42,2358.87,0
2024-05-09,2375.68,2438.09,2372.07,2431.39,0
2024-05-10,2443.46,2459.16,2417.5,2456.24,0
2024-05-13,2484.44,2484.44,2393.27,2441.07,0
2024-05-14,2448.17,2492.39,2448.17,2454.53,0
2024-05-16,2470.4,2472.25,2432.67,2457.54,0
2024-05-17,2460.57,2490.01,2428.76,2438.48,0
2024-05-20,2433.02,2486.05,2433.02,2462.95,0
2024-05-21,2458.12,2458.38,2360.12,2364.72,0
2024-05-22,2375.17,2391.66,2355.82,2366.35,0
2024-05-23,2358.81,2358.81,2312.06,2319.27,0
2024-05-24,2300.38,2303.36,2209.08,2238.15,0
2024-05-27,2243.37,2268.69,2185.91,2264.34,0
2024-05-28,2271.9,2319.76,2255.67,2265.7,0
2024-05-29,2251.17,2251.77,2210.39,2212.5,0
2024-05-30,2216.37,2241.76,2196.35,2200.19,0
2024-05-31,2245.06,2272.87,2200.68,2204.2,0
2024-06-03,2211.22,2220.84,2187.16,2194.19,0
2024-06-04,2197.46,2266.02,2194.92,2258.09,0
2024-06-05,2270.12,2305.44,2261.29,2273.0,0
2024-06-06,2292.32,2308.29,2251.63,2261.83,0
2024-06-07,2271.14,2277.94,2252.67,2257.37,0
2024-06-11,2245.41,2245.41,2200.46,2212.65,0
2024-06-12,2215.38,2255.08,2186.77,2219.24,0
2024-06-13,2245.34,2270.17,2242.69,2259.32,0
2024-06-14,2256.38,2257.74,2231.9,2248.08,0
2024-06-17,2239.72,2246.6,2216.13,2226.31,0
2024-06-18,2223.78,2229.6,2185.66,2197.29,0
2024-06-19,2194.98,2240.73,2194.98,2230.74,0
2024-06-20,2229.06,2247.06,2167.02,2173.28,0
2024-06-21,2170.35,2173.71,2146.3,2150.25,0
2024-06-24,2154.99,2154.99,2117.58,2148.44,0
2024-06-25,2156.33,2173.43,2129.16,2148.41,0
2024-06-26,2142.43,2177.28,2130.53,2172.22,0
2024-06-27,2162.81,2162.81,2093.34,2099.21,0
2024-06-28,2098.77,2123.68,2077.48,2083.51,0
2024-07-02,2080.7,2114.72,2063.3,2066.44,0
2024-07-03,2069.65,2113.1,2066.81,2095.08,0
2024-07-04,2100.97,2111.26,2059.09,2070.39,0
2024-07-05,2068.39,2129.83,2053.6,2112.78,0
2024-07-08,2115.89,2116.64,2032.61,2041.06,0
2024-07-09,2025.13,2036.0,1997.63,2023.95,0
2024-07-10,2020.68,2044.7,2002.69,2007.75,0
2024-07-11,2017.81,2074.42,2017.81,2070.65,0
2024-07-12,2088.32,2134.68,2088.32,2129.52,0
2024-07-15,2132.39,2137.71,2073.16,2081.41,0
2024-07-16,2079.01,2084.51,2061.42,2078.51,0
2024-07-17,2085.84,2141.39,2085.84,2128.67,0
2024-07-18,2125.21,2146.64,2121.34,2138.5,0
2024-07-19,2123.78,2126.0,2091.09,2093.3,0
2024-07-22,2101.94,2140.45,2096.71,2136.31,0
2024-07-23,2149.42,2150.42,2091.35,2091.38,0
2024-07-24,2097.75,2116.62,2054.75,2065.2,0
2024-07-25,2070.59,2072.2,2038.43,2045.61,0
2024-07-26,2054.85,2080.09,2047.77,2064.05,0
2024-07-29,2075.54,2083.72,2044.66,2044.66,0
2024-07-30,2050.79,2060.66,2007.36,2012.96,0
2024-07-31,2022.48,2106.82,2012.03,2098.4,0
2024-08-01,2102.99,2123.55,2064.78,2087.89,0
2024-08-02,2076.04,2125.9,2058.7,2075.61,0
2024-08-05,2062.93,2129.89,2044.2,2071.5,0
2024-08-06,2085.52,2149.96,2085.52,2144.55,0
2024-08-07,2151.05,2164.85,2129.68,2155.75,0
2024-08-08,2154.9,2182.97,2139.42,2162.75,0
2024-08-09,2179.82,2192.12,2168.03,2173.45,0
2024-08-12,2177.21,2204.72,2169.7,2189.18,0
2024-08-13,2193.88,2198.9,2162.83,2187.39,0
2024-08-14,2193.21,2193.7,2135.65,2144.18,0
2024-08-15,2141.21,2172.42,2126.54,2162.61,0
2024-08-16,2175.77,2220.07,2169.15,2204.74,0
2024-08-19,2211.53,2236.55,2190.73,2201.87,0
2024-08-20,2208.13,2216.72,2174.82,2184.63,0
2024-08-21,2182.21,2197.67,2149.11,2172.02,0
2024-08-22,2168.29,2171.25,2117.4,2143.43,0
2024-08-23,2131.97,2132.09,2087.16,2098.44,0
2024-08-26,2102.83,2142.41,2095.17,2142.41,0
2024-08-27,2139.75,2156.01,2130.4,2154.77,0
2024-08-28,2157.37,2160.3,2136.51,2146.69,0
2024-08-29,2138.3,2176.29,2113.21,2171.43,0
2024-08-30,2172.38,2207.89,2162.87,2176.41,0
2024-09-02,2179.98,2181.68,2123.9,2140.34,0
2024-09-03,2142.12,2171.45,2133.87,2144.21,0
2024-09-04,2133.07,2135.25,2101.55,2129.22,0
2024-09-05,2132.8,2153.68,2129.16,2144.26,0
2024-09-09,2143.42,2143.62,2100.46,2135.79,0
2024-09-10,2138.28,2142.14,2095.03,2110.59,0
2024-09-11,2110.97,2146.44,2109.54,2143.14,0
2024-09-12,2148.73,2192.29,2127.89,2133.68,0
2024-09-13,2146.35,2196.43,2146.35,2175.15,0
2024-09-16,2177.17,2192.96,2132.58,2192.96,0
2024-09-17,2186.28,2201.38,2164.23,2201.26,0
2024-09-19,2196.38,2218.98,2168.55,2203.67,0
2024-09-20,2211.93,2278.17,2208.45,2269.63,0
2024-09-23,2276.9,2290.68,2216.74,2222.92,0
2024-09-24,2235.26,2269.51,2197.0,2269.51,0
2024-09-25,2325.11,2340.9,2286.46,2296.68,0
2024-09-26,2299.18,2396.39,2284.05,2396.39,0
2024-09-27,2435.87,2586.73,2435.87,2557.66,0
2024-09-30,2644.79,2769.01,2586.13,2736.02,0
2024-10-02,2726.38,2897.56,2726.38,2882.72,0
2024-10-03,2880.49,2886.67,2663.96,2771.65,0
2024-10-04,2776.08,2966.65,2742.89,2963.34,0
2024-10-07,3016.09,3060.48,2953.47,3038.9,0
2024-10-08,3053.84,3053.84,2680.09,2752.43,0
2024-10-09,2769.54,2828.88,2575.87,2669.73,0
2024-10-10,2711.63,2776.65,2694.16,2706.26,0
2024-10-14,2667.21,2667.21,2540.68,2610.07,0
2024-10-15,2606.42,2616.66,2499.5,2523.9,0
2024-10-16,2509.12,2538.33,2482.99,2505.08,0
2024-10-17,2523.15,2578.86,2469.54,2482.72,0
2024-10-18,2481.29,2627.9,2480.18,2601.62,0
2024-10-21,2594.89,2607.65,2545.0,2551.5,0
2024-10-22,2549.8,2598.73,2538.97,2566.26,0
2024-10-23,2573.15,2612.91,2557.59,2597.57,0
2024-10-24,2585.62,2585.62,2524.24,2529.72,0
2024-10-25,2538.76,2600.06,2535.81,2589.32,0
2024-10-28,2584.18,2596.79,2560.36,2565.66,0
2024-10-29,2593.6,2620.46,2533.59,2543.78,0
2024-10-30,2531.8,2538.14,2447.62,2473.26,0
2024-10-31,2465.5,2474.88,2422.17,2422.17,0
2024-11-01,2409.36,2441.91,2396.14,2437.41,0
2024-11-04,2468.65,2493.17,2443.85,2479.57,0
2024-11-05,2475.59,2527.49,2466.38,2527.49,0
2024-11-06,2522.31,2533.47,2468.33,2489.9,0
2024-11-07,2474.93,2524.8,2450.17,2520.61,0
2024-11-08,2547.15,2567.55,2503.21,2508.87,0
2024-11-11,2472.32,2508.14,2457.45,2505.04,0
2024-11-12,2499.57,2575.07,2452.61,2485.13,0
2024-11-13,2464.5,2466.31,2392.87,2436.21,0
2024-11-14,2423.21,2442.28,2385.26,2386.17,0
2024-11-15,2396.46,2417.73,2364.69,2373.11,0
2024-11-18,2366.72,2375.59,2325.09,2339.16,0
2024-11-19,2344.62,2360.32,2320.96,2348.87,0
2024-11-20,2346.92,2429.8,2344.93,2423.07,0
2024-11-21,2416.08,2445.85,2396.51,2398.87,0
2024-11-22,2400.32,2401.37,2308.08,2323.6,0
2024-11-25,2337.25,2356.16,2325.88,2348.63,0
2024-11-26,2347.81,2384.71,2341.77,2357.16,0
2024-11-27,2364.74,2435.68,2363.3,2429.56,0
2024-11-28,2436.51,2439.74,2384.61,2387.63,0
2024-11-29,2395.51,2443.64,2387.75,2411.19,0
2024-12-02,2414.54,2438.2,2401.36,2428.77,0
2024-12-03,2425.5,2456.21,2416.69,2456.21,0
2024-12-04,2457.46,2457.46,2420.88,2433.66,0
2024-12-05,2419.06,2419.06,2382.17,2395.17,0
2024-12-06,2378.9,2446.58,2377.14,2421.69,0
2024-12-09,2471.59,2496.59,2425.73,2496.59,0
2024-12-10,2561.7,2565.93,2436.59,2438.18,0
2024-12-11,2439.61,2458.04,2423.67,2438.7,0
2024-12-12,2436.04,2454.95,2417.17,2440.98,0
2024-12-13,2434.63,2434.63,2382.97,2389.66,0
2024-12-16,2391.35,2393.16,2325.33,2338.23,0
2024-12-17,2337.09,2346.86,2310.51,2321.79,0
2024-12-18,2328.55,2352.14,2328.55,2352.14,0
2024-12-19,2325.73,2334.15,2301.79,2322.74,0
2024-12-20,2324.42,2328.81,2300.14,2306.07,0
2024-12-23,2318.94,2332.98,2298.48,2321.48,0
2024-12-24,2323.18,2353.68,2315.39,2342.48,0
2024-12-27,2348.12,2348.12,2309.33,2317.18,0
2024-12-30,2321.37,2362.41,2312.57,2328.37,0
2024-12-31,2331.93,2339.97,2318.02,2332.91,0
2025-01-02,2331.02,2332.55,2256.32,2264.23,0
2025-01-03,2276.39,2296.57,2241.04,2252.92,0
2025-01-06,2268.98,2276.57,2231.81,2247.46,0
2025-01-07,2247.68,2247.68,2199.58,2228.82,0
2025-01-08,2225.57,2225.57,2168.48,2194.49,0
2025-01-09,2192.89,2228.39,2188.05,2216.43,0
2025-01-10,2228.9,2233.58,2183.11,2191.3,0
2025-01-13,2179.98,2179.98,2152.38,2172.51,0
2025-01-14,2192.36,2243.4,2190.98,2232.55,0
2025-01-15,2241.35,2242.0,2207.58,2210.48,0
2025-01-16,2228.28,2266.28,2193.86,2214.6,0
2025-01-17,2220.58,2264.27,2212.62,2244.66,0
2025-01-20,2263.81,2326.42,2263.81,2282.83,0
2025-01-21,2301.54,2305.99,2275.46,2292.18,0
2025-01-22,2290.5,2299.48,2271.15,2287.12,0
2025-01-23,2306.18,2323.12,2264.27,2273.02,0
2025-01-24,2280.14,2332.55,2270.33,2305.93,0
2025-01-27,2312.16,2347.9,2306.72,2330.43,0
2025-01-28,2334.5,2346.36,2315.87,2342.9,0
2025-02-03,2319.03,2323.65,2256.36,2323.12,0
2025-02-04,2334.0,2374.63,2322.79,2373.14,0
2025-02-05,2363.82,2367.25,2323.4,2356.96,0
2025-02-06,2359.95,2447.45,2356.09,2447.45,0
2025-02-07,2441.49,2468.75,2420.2,2446.62,0
2025-02-10,2454.42,2504.53,2444.06,2489.97,0
2025-02-11,2490.67,2490.67,2428.52,2433.37,0
2025-02-12,2448.66,2457.4,2422.84,2449.13,0
2025-02-13,2459.93,2503.84,2410.36,2419.98,0
2025-02-14,2451.69,2597.29,2450.25,2597.29,0
2025-02-17,2636.88,2672.65,2560.53,2609.94,0
2025-02-18,2615.26,2672.91,2600.33,2653.61,0
2025-02-19,2642.32,2694.41,2618.23,2671.94,0
2025-02-20,2674.14,2742.82,2658.92,2694.4,0
2025-02-21,2741.09,2822.82,2723.01,2822.82,0
2025-02-24,2801.44,2812.57,2734.17,2761.69,0
2025-02-25,2683.16,2772.06,2673.48,2745.19,0
2025-02-26,2755.57,2835.66,2745.79,2813.94,0
2025-02-27,2806.13,2867.51,2759.25,2837.59,0
2025-02-28,2843.54,2850.46,2696.76,2720.31,0
2025-03-03,2732.26,2761.45,2671.85,2704.43,0
2025-03-04,2648.14,2709.67,2625.17,2700.34,0
2025-03-05,2735.9,2775.97,2713.0,2772.11,0
2025-03-06,2812.23,2842.5,2792.05,2820.23,0
2025-03-07,2805.1,2847.37,2765.56,2796.94,0
2025-03-10,2816.99,2841.35,2726.29,2748.39,0
2025-03-11,2707.14,2795.72,2699.1,2784.91,0
2025-03-12,2794.71,2819.91,2723.97,2746.85,0
2025-03-13,2758.6,2801.49,2696.73,2738.41,0
2025-03-14,2759.37,2863.7,2754.15,2848.39,0
2025-03-17,2865.83,2879.19,2817.77,2844.43,0
2025-03-18,2880.22,2940.66,2880.22,2916.42,0
2025-03-19,2916.81,2952.83,2903.93,2950.41,0
2025-03-20,2961.69,2982.32,2930.4,2949.78,0
2025-03-21,2945.71,2945.71,2806.63,2838.36,0
2025-03-24,2835.65,2862.09,2783.0,2824.78,0
2025-03-25,2812.97,2825.76,2754.84,2769.18,0
2025-03-26,2760.84,2783.36,2750.26,2782.2,0
2025-03-27,2787.46,2926.2,2751.12,2911.17,0
2025-03-28,2922.99,3002.53,2904.2,2934.42,0
2025-03-31,2912.97,2964.9,2861.04,2921.43,0
2025-04-01,2928.76,3102.85,2928.76,3020.65,0
2025-04-02,3002.09,3048.46,2971.05,3013.32,0
2025-04-03,2959.11,3037.33,2911.7,2973.25,0
2025-04-07,2642.9,2649.28,2395.34,2408.11,0
2025-04-08,2462.83,2509.87,2391.09,2489.65,0
2025-04-09,2369.6,2552.93,2302.77,2527.0,0
2025-04-10,2601.3,2678.24,2570.16,2594.08,0
2025-04-11,2579.88,2713.37,2576.22,2698.14,0
2025-04-14,2750.2,2830.75,2750.2,2814.73,0
2025-04-15,2833.53,2845.0,2762.74,2783.67,0
2025-04-16,2771.36,2771.36,2648.71,2689.45,0
2025-04-17,2677.22,2723.62,2664.09,2713.6,0
2025-04-22,2742.58,2893.73,2742.58,2878.42,0
2025-04-23,2947.67,2978.74,2906.9,2923.57,0
2025-04-24,2942.4,2999.11,2920.07,2972.56,0
2025-04-25,3010.72,3032.44,2931.21,2942.62,0
2025-04-28,2866.18,2925.94,2842.35,2894.93,0
2025-04-29,2915.2,2970.79,2906.49,2930.55,0
2025-04-30,2946.33,2975.65,2918.46,2953.49,0
2025-05-02,2943.81,3022.96,2908.83,3011.85,0
2025-05-06,3006.98,3028.88,2958.76,2964.0,0
2025-05-07,2969.0,2981.98,2866.1,2875.28,0
2025-05-08,2879.06,2899.86,2863.05,2891.3,0
2025-05-09,2893.04,2912.04,2868.45,2899.0,0
2025-05-12,2843.56,2854.95,2793.84,2840.12,0
2025-05-13,2900.96,2909.32,2850.86,2857.05,0
2025-05-14,2872.65,2900.24,2854.08,2888.73,0
2025-05-15,2873.37,2901.29,2852.93,2867.55,0
2025-05-16,2870.22,2948.18,2866.43,2915.47,0
2025-05-19,2914.7,2978.64,2905.77,2957.33,0
2025-05-20,3011.96,3074.4,3011.96,3033.01,0
2025-05-21,3056.19,3127.99,3044.09,3092.03,0
2025-05-22,3085.54,3097.7,3043.64,3063.5,0
2025-05-23,3093.53,3135.61,3058.26,3076.99,0
2025-05-26,3087.0,3087.0,2992.27,3003.27,0
2025-05-27,3006.95,3106.37,3005.77,3081.82,0
2025-05-28,3086.3,3096.03,3046.96,3059.21,0
2025-05-29,3066.96,3199.32,3053.51,3186.32,0
2025-05-30,3219.63,3220.21,3167.58,3182.64,0
2025-06-02,3134.39,3134.39,3043.05,3122.82,0
2025-06-03,3171.45,3220.09,3152.21,3201.39,0
2025-06-04,3226.72,3341.9,3226.72,3303.42,0
2025-06-05,3340.07,3365.28,3221.57,3261.12,0
2025-06-06,3260.26,3324.88,3224.52,3313.32,0
2025-06-09,3335.35,3483.75,3295.89,3473.38,0
2025-06-10,3475.69,3600.8,3448.35,3540.72,0
2025-06-11,3546.73,3582.37,3491.04,3517.8,0
2025-06-12,3513.29,3692.12,3509.52,3662.35,0
2025-06-13,3668.21,3740.93,3549.19,3606.34,0
2025-06-16,3583.0,3647.37,3519.09,3578.42,0
2025-06-17,3608.9,3638.82,3399.19,3434.4,0
2025-06-18,3416.66,3446.08,3374.35,3420.64,0
2025-06-19,3434.18,3467.71,3278.29,3312.64,0
2025-06-20,3319.3,3342.79,3286.24,3327.97,0
2025-06-23,3303.87,3409.93,3269.32,3396.78,0
2025-06-24,3425.58,3509.67,3383.69,3501.64,0
2025-06-25,3528.06,3551.95,3465.71,3506.22,0
2025-06-26,3475.99,3475.99,3406.22,3447.9,0
2025-06-27,3438.84,3452.32,3385.5,3422.83,0
2025-06-30,3431.98,3470.12,3377.88,3450.04,0
2025-07-02,3511.06,3549.77,3446.56,3473.94,0
2025-07-03,3485.52,3583.74,3462.81,3564.12,0
2025-07-04,3572.93,3611.37,3514.93,3594.06,0
2025-07-07,3606.84,3609.12,3509.13,3522.03,0
2025-07-08,3524.43,3566.99,3491.27,3519.89,0
2025-07-09,3504.92,3599.96,3477.45,3566.57,0
2025-07-10,3580.0,3622.05,3538.87,3546.84,0
2025-07-11,3565.24,3634.97,3565.24,3592.34,0
2025-07-14,3593.26,3676.77,3560.93,3666.64,0
2025-07-15,3677.6,3772.41,3658.51,3771.88,0
2025-07-16,3804.0,3829.74,3774.99,3803.29,0
2025-07-17,3837.49,4008.0,3830.35,3994.07,0
2025-07-18,4006.0,4033.97,3960.9,4023.42,0
2025-07-21,4026.87,4029.86,3917.17,3976.44,0
2025-07-22,3975.69,4089.87,3949.14,3975.83,0
2025-07-23,4016.56,4065.88,3954.94,3984.43,0
2025-07-24,4000.64,4073.07,3971.94,4072.87,0
2025-07-25,4070.47,4136.37,4025.48,4057.2,0
2025-07-28,4092.41,4183.53,4052.44,4180.05,0
2025-07-29,4186.55,4347.51,4157.88,4339.56,0
2025-07-30,4316.72,4447.97,4202.07,4294.49,0
2025-07-31,4285.93,4345.71,4199.4,4236.57,0
2025-08-01,4210.7,4322.45,4098.64,4132.88,0
2025-08-04,4118.07,4174.29,4024.63,4149.84,0
2025-08-05,4189.42,4301.57,4160.28,4300.12,0
2025-08-06,4314.72,4333.69,4250.66,4307.28,0
2025-08-07,4316.35,4316.35,4143.76,4181.14,0
2025-08-08,4148.43,4183.38,4088.45,4142.35,0
2025-08-11,4169.03,4182.42,4036.42,4166.26,0
2025-08-12,4169.08,4186.8,4090.78,4122.98,0
2025-08-13,4142.87,4304.54,4142.87,4302.61,0
2025-08-14,4359.1,4384.4,4302.59,4327.42,0
2025-08-15,4335.94,4447.99,4328.97,4437.44,0
2025-08-18,4468.38,4541.15,4462.81,4506.12,0
2025-08-19,4516.46,4548.05,4387.94,4434.47,0
2025-08-20,4401.37,4422.35,4267.17,4320.81,0
2025-08-21,4356.56,4418.71,4342.92,4418.24,0
2025-08-22,4463.47,4479.05,4403.29,4478.65,0
2025-08-25,4532.31,4548.65,4438.74,4505.49,0
2025-08-26,4494.24,4514.97,4408.67,4446.66,0
2025-08-27,4518.77,4518.77,4225.73,4256.54,0
2025-08-28,4272.2,4273.22,4079.24,4178.55,0
2025-08-29,4197.55,4380.17,4175.2,4325.82,0
2025-09-01,4384.65,4539.64,4330.97,4539.64,0
2025-09-02,4539.6,4620.78,4474.53,4542.6,0
2025-09-03,4582.71,4647.14,4552.58,4615.09,0
2025-09-04,4655.13,4662.86,4407.5,4440.62,0
2025-09-05,4461.75,4644.22,4424.92,4628.01,0
2025-09-08,4644.67,4711.68,4561.49,4662.32,0
2025-09-09,4635.97,4726.41,4581.62,4654.31,0
2025-09-10,4685.57,4716.95,4592.35,4610.42,0
2025-09-11,4313.15,4536.41,4268.94,4476.17,0
2025-09-12,4584.69,4603.0,4501.61,4561.82,0
2025-09-15,4561.26,4614.47,4508.04,4569.35,0
2025-09-16,4594.62,4601.55,4467.24,4522.55,0
2025-09-17,4530.95,4530.95,4435.98,4522.93,0
2025-09-18,4528.15,4586.52,4444.89,4544.59,0
2025-09-19,4567.93,4591.5,4426.01,4472.64,0
2025-09-22,4493.87,4559.91,4461.7,4526.94,0
2025-09-23,4540.88,4545.43,4390.39,4458.11,0
2025-09-24,4458.8,4483.95,4423.0,4435.84,0
2025-09-25,4460.54,4493.75,4433.09,4452.33,0
2025-09-26,4373.18,4403.64,4319.47,4347.63,0
2025-09-29,4381.55,4440.57,4320.25,4428.11,0
2025-09-30,4454.52,4551.66,4440.43,4551.28,0
2025-10-02,4581.06,4672.48,4575.31,4660.55,0
2025-10-03,4664.98,4664.98,4595.1,4637.4,0
2025-10-06,4626.4,4637.4,4556.71,4633.75,0
2025-10-08,4641.24,4695.04,4581.32,4695.04,0
2025-10-09,4682.83,4682.83,4453.32,4462.39,0
2025-10-10,4447.57,4497.43,4329.95,4339.05,0
2025-10-13,4189.66,4281.01,4124.37,4254.3,0
2025-10-14,4306.52,4323.01,4040.23,4073.34,0
2025-10-15,4114.99,4192.8,4040.65,4185.67,0
2025-10-16,4176.24,4302.09,4170.38,4239.02,0
2025-10-17,4270.35,4270.35,4062.73,4087.64,0
2025-10-20,4191.64,4200.75,4106.2,4142.09,0
2025-10-21,4176.41,4208.92,4143.11,4154.21,0
2025-10-22,4206.89,4206.89,4055.9,4078.48,0
2025-10-23,4074.7,4078.12,3955.91,4027.98,0
2025-10-24,4049.53,4097.64,4034.09,4052.95,0
2025-10-27,4127.0,4133.92,4076.03,4094.03,0
2025-10-28,4109.87,4110.67,4013.13,4037.81,0
2025-10-30,4051.18,4051.18,3922.84,3969.9,0
2025-10-31,3972.62,4096.59,3958.76,4048.32,0
2025-11-03,4057.27,4147.49,4003.95,4103.52,0
2025-11-04,4106.21,4109.87,3976.86,3987.12,0
2025-11-05,3933.31,4019.43,3898.35,4003.85,0
2025-11-06,4022.01,4039.92,3967.15,4033.47,0
2025-11-07,4031.82,4031.82,3933.56,3942.42,0
2025-11-10,3932.0,4010.76,3917.6,4002.54,0
2025-11-11,4029.52,4030.67,3964.32,3995.38,0
2025-11-12,4028.39,4131.15,4019.03,4093.61,0
2025-11-13,4133.86,4257.17,4128.34,4239.6,0
2025-11-14,4186.75,4277.99,4183.64,4210.62,0
2025-11-17,4207.04,4208.08,4100.82,4137.12,0
2025-11-18,4134.22,4185.56,4037.18,4068.37,0
2025-11-19,4067.21,4073.45,4008.23,4048.1,0
2025-11-20,4070.38,4103.25,4026.47,4081.45,0
2025-11-21,4022.5,4022.5,3871.65,3894.96,0
2025-11-24,3930.84,4015.77,3921.85,4012.32,0
2025-11-25,4015.65,4101.34,4015.54,4033.24,0
2025-11-26,4069.64,4147.86,4050.41,4076.79,0
2025-11-27,4087.57,4118.02,4053.62,4081.18,0
2025-11-28,4092.9,4095.03,4029.82,4044.78,0
2025-12-01,4053.16,4065.38,4025.46,4057.02,0
2025-12-02,4047.23,4047.23,3995.31,4012.36,0
2025-12-03,3998.42,4017.16,3925.33,3938.98,0
2025-12-04,3985.4,4032.16,3957.43,4023.84,0
2025-12-05,4027.92,4034.39,3972.74,4016.25,0
2025-12-08,4028.38,4040.22,3925.44,3957.53,0
2025-12-09,3955.9,3983.25,3877.83,3911.61,0
2025-12-10,3905.95,3906.44,3851.09,3887.94,0
2025-12-11,3904.07,3945.56,3855.99,3865.23,0
2025-12-12,3882.82,3925.5,3848.06,3925.5,0
2025-12-15,3885.03,3885.03,3770.35,3781.95,0
2025-12-16,3792.18,3798.31,3684.22,3747.74,0
2025-12-17,3753.64,3777.99,3722.1,3768.14,0
2025-12-18,3770.33,3803.72,3729.04,3785.44,0
2025-12-19,3796.63,3893.52,3788.39,3855.9,0
2025-12-22,3869.89,3874.11,3807.73,3829.98,0
2025-12-23,3837.36,3872.24,3800.49,3806.53,0
2025-12-24,3805.24,3810.99,3773.96,3786.06,0
2025-12-29,3796.27,3797.57,3726.46,3728.65,0
2025-12-30,3725.24,3725.24,3664.49,3709.25,0
2025-12-31,3702.65,3714.6,3656.09,3661.52,0
2026-01-02,3680.48,3733.61,3680.48,3732.41,0
2026-01-05,3709.51,3893.78,3697.25,3875.52,0
2026-01-06,3887.5,3937.45,3870.42,3928.56,0
2026-01-07,3938.27,4073.78,3935.73,4073.78,0
2026-01-08,4087.09,4109.08,4042.38,4069.71,0
2026-01-09,4056.66,4123.28,4020.74,4115.18,0
2026-01-12,4160.63,4195.32,4093.02,4161.32,0
2026-01-13,4196.3,4299.96,4181.14,4231.49,0
2026-01-14,4270.54,4322.25,4221.68,4286.88,0
2026-01-15,4309.45,4326.18,4213.36,4235.74,0
2026-01-16,4235.37,4257.39,4177.84,4213.16,0
2026-01-19,4185.68,4197.31,4068.02,4094.97,0
2026-01-20,4092.33,4114.81,4037.57,4063.62,0
2026-01-21,4059.91,4100.73,4035.23,4091.67,0
2026-01-22,4126.07,4135.38,4034.81,4051.33,0
2026-01-23,4088.1,4122.17,4068.37,4097.1,0
2026-01-26,4095.47,4096.77,3998.16,4032.36,0
2026-01-27,4042.31,4048.11,3982.25,4038.17,0
2026-01-28,4057.46,4094.36,4033.74,4094.36,0
2026-01-29,4080.03,4100.44,4039.96,4061.66,0
2026-01-30,4057.2,4080.02,3952.77,3974.92,0
2026-02-02,3964.45,3964.45,3807.27,3837.63,0
2026-02-03,3869.3,3905.33,3800.78,3890.78,0
2026-02-04,3889.87,3940.27,3816.04,3908.44,0
2026-02-05,3872.34,3939.48,3852.53,3932.93,0
2026-02-06,3876.66,3952.45,3846.58,3918.69,0
2026-02-09,3990.32,4029.41,3966.41,3999.78,0
2026-02-10,4010.93,4148.56,4003.21,4087.79,0
2026-02-11,4126.55,4147.79,4104.78,4114.24,0
2026-02-12,4122.72,4149.77,4051.06,4058.15,0
2026-02-13,4039.27,4064.3,4015.01,4044.57,0
2026-02-16,4062.65,4064.39,3992.93,4053.85,0
2026-02-20,4063.37,4099.75,4047.12,4075.4,0
2026-02-23,4109.26,4185.17,4109.26,4140.96,0
2026-02-24,4141.07,4141.07,3977.92,4013.68,0
2026-02-25,4028.96,4047.66,3995.17,4005.05,0
2026-02-26,4020.33,4020.33,3814.91,3823.39,0
2026-02-27,3840.58,3908.05,3823.6,3889.51,0
2026-03-02,3827.31,3830.3,3723.21,3756.75,0
2026-03-03,3761.53,3766.23,3605.32,3625.27,0
2026-03-04,3600.84,3604.68,3485.29,3538.59,0
2026-03-05,3607.69,3675.95,3563.18,3584.65,0
2026-03-06,3581.03,3723.32,3566.18,3719.99,0
2026-03-09,3624.43,3674.68,3528.91,3668.73,0
2026-03-10,3720.95,3808.86,3720.95,3791.24,0
2026-03-11,3813.12,3819.57,3734.93,3748.51,0
2026-03-12,3751.58,3781.05,3629.75,3677.12,0
2026-03-13,3652.07,3668.75,3602.42,3610.89,0
2026-03-16,3617.71,3707.68,3571.57,3703.48,0
2026-03-17,3719.86,3830.8,3710.18,3720.66,0
2026-03-18,3726.69,3772.68,3718.09,3761.83,0
2026-03-19,3705.29,3717.13,3634.6,3650.84,0
2026-03-20,3657.88,3719.75,3572.64,3600.18,0
2026-03-23,3532.86,3532.86,3396.65,3455.55,0
2026-03-24,3511.23,3591.02,3476.14,3580.15,0
2026-03-25,3615.25,3645.79,3578.75,3606.29,0
2026-03-26,3624.98,3660.76,3521.7,3533.0,0
2026-03-27,3518.49,3716.44,3515.01,3704.29,0
2026-03-30,3659.34,3723.14,3640.64,3695.1,0
2026-03-31,3709.66,3777.14,3657.5,3688.14,0
2026-04-01,3798.11,3948.27,3762.0,3923.99,0
2026-04-02,3939.82,3994.08,3890.85,3954.15,0
2026-04-08,4020.23,4027.54,3898.12,3927.25,0
2026-04-09,3923.72,3987.94,3883.96,3888.83,0
2026-04-10,3911.19,3936.84,3890.17,3915.05,0
2026-04-13,3901.86,3901.86,3832.8,3842.53,0
2026-04-14,3872.2,3902.21,3826.36,3881.91,0
2026-04-15,3942.51,4036.83,3940.25,4019.85,0
2026-04-16,4037.61,4066.77,4004.34,4060.89,0
2026-04-17,4056.39,4081.42,3946.45,3993.81,0
2026-04-20,4017.46,4017.46,3968.79,3976.97,0
2026-04-21,3982.44,3995.93,3933.12,3954.08,0
2026-04-22,3944.06,3964.49,3903.57,3912.6,0
2026-04-23,3905.44,3905.44,3763.74,3774.85,0
2026-04-24,3766.0,3807.67,3674.27,3784.36,0
20260427,3786.65,3788.89,3734.86,3747.94,0
20260428,3756.54,3848.79,3710.98,3722.64,0
20260429,3766.93,3766.93,3718.09,3739.86,0
20260430,3726.81,3775.74,3710.44,3730.51,0
