date,state,state_duration
20150105,SIDEWAYS,2
20150106,SIDEWAYS,3
20150107,SIDEWAYS,4
20150108,SIDEWAYS,5
20150109,SIDEWAYS,6
20150112,SIDEWAYS,7
20150113,SIDEWAYS,8
20150114,SIDEWAYS,9
20150115,SIDEWAYS,10
20150116,SIDEWAYS,11
20150119,SIDEWAYS,12
20150120,SIDEWAYS,13
20150121,SIDEWAYS,14
20150122,SIDEWAYS,15
20150123,SIDEWAYS,16
20150126,SIDEWAYS,17
20150127,SIDEWAYS,18
20150128,SIDEWAYS,19
20150129,SIDEWAYS,20
20150130,SIDEWAYS,21
20150202,SIDEWAYS,22
20150203,SIDEWAYS,23
20150204,SIDEWAYS,24
20150205,SIDEWAYS,25
20150206,SIDEWAYS,26
20150209,SIDEWAYS,27
20150210,SIDEWAYS,28
20150211,SIDEWAYS,29
20150212,SIDEWAYS,30
20150213,SIDEWAYS,31
20150216,SIDEWAYS,32
20150217,SIDEWAYS,33
20150225,SIDEWAYS,34
20150226,SIDEWAYS,35
20150227,SIDEWAYS,36
20150302,SYSTEMIC_BULL,1
20150303,SYSTEMIC_BULL,2
20150304,SIDEWAYS,1
20150305,SIDEWAYS,2
20150306,SIDEWAYS,3
20150309,SIDEWAYS,4
20150310,SIDEWAYS,5
20150311,SIDEWAYS,6
20150312,SYSTEMIC_BULL,1
20150313,SIDEWAYS,1
20150316,SYSTEMIC_BULL,1
20150317,SYSTEMIC_BULL,2
20150318,SYSTEMIC_BULL,3
20150319,SYSTEMIC_BULL,4
20150320,SYSTEMIC_BULL,5
20150323,SYSTEMIC_BULL,6
20150324,SYSTEMIC_BULL,7
20150325,SYSTEMIC_BULL,8
20150326,SYSTEMIC_BULL,9
20150327,SIDEWAYS,1
20150330,SYSTEMIC_BULL,1
20150331,SYSTEMIC_BULL,2
20150401,SIDEWAYS,1
20150402,SIDEWAYS,2
20150403,SIDEWAYS,3
20150407,SYSTEMIC_BULL,1
20150408,SYSTEMIC_BULL,2
20150409,SYSTEMIC_BULL,3
20150410,SIDEWAYS,1
20150413,SIDEWAYS,2
20150414,SIDEWAYS,3
20150415,SIDEWAYS,4
20150416,SIDEWAYS,5
20150417,SYSTEMIC_BULL,1
20150420,SYSTEMIC_BULL,2
20150421,SIDEWAYS,1
20150422,SYSTEMIC_BULL,1
20150423,SYSTEMIC_BULL,2
20150424,SIDEWAYS,1
20150427,SYSTEMIC_BULL,1
20150428,SYSTEMIC_BULL,2
20150429,SIDEWAYS,1
20150430,SIDEWAYS,2
20150504,SIDEWAYS,3
20150505,SIDEWAYS,4
20150506,SIDEWAYS,5
20150507,SIDEWAYS,6
20150508,SIDEWAYS,7
20150511,SIDEWAYS,8
20150512,SIDEWAYS,9
20150513,SIDEWAYS,10
20150514,SIDEWAYS,11
20150515,SIDEWAYS,12
20150518,SIDEWAYS,13
20150519,SIDEWAYS,14
20150520,SIDEWAYS,15
20150521,SIDEWAYS,16
20150522,SYSTEMIC_BULL,1
20150525,SYSTEMIC_BULL,2
20150526,SYSTEMIC_BULL,3
20150527,SYSTEMIC_BULL,4
20150528,SYSTEMIC_BULL,5
20150529,SIDEWAYS,1
20150601,SIDEWAYS,2
20150602,SIDEWAYS,3
20150603,SIDEWAYS,4
20150604,SIDEWAYS,5
20150605,SYSTEMIC_BULL,1
20150608,SYSTEMIC_BULL,2
20150609,SYSTEMIC_BULL,3
20150610,SIDEWAYS,1
20150611,SIDEWAYS,2
20150612,SIDEWAYS,3
20150615,SIDEWAYS,4
20150616,SIDEWAYS,5
20150617,SIDEWAYS,6
20150618,SIDEWAYS,7
20150619,SYSTEMIC_BEAR,1
20150623,SIDEWAYS,1
20150624,SIDEWAYS,2
20150625,SYSTEMIC_BEAR,1
20150626,SYSTEMIC_BEAR,2
20150629,SYSTEMIC_BEAR,3
20150630,SYSTEMIC_BEAR,4
20150701,SYSTEMIC_BEAR,5
20150702,SYSTEMIC_BEAR,6
20150703,SYSTEMIC_BEAR,7
20150706,SYSTEMIC_BEAR,8
20150707,SYSTEMIC_BEAR,9
20150708,SYSTEMIC_BEAR,10
20150709,SYSTEMIC_BEAR,11
20150710,SYSTEMIC_BEAR,12
20150713,SYSTEMIC_BEAR,13
20150714,SYSTEMIC_BEAR,14
20150715,SYSTEMIC_BEAR,15
20150716,SYSTEMIC_BEAR,16
20150717,SYSTEMIC_BEAR,17
20150720,SYSTEMIC_BEAR,18
20150721,SYSTEMIC_BEAR,19
20150722,SYSTEMIC_BEAR,20
20150723,SYSTEMIC_BEAR,21
20150724,SYSTEMIC_BEAR,22
20150727,SYSTEMIC_BEAR,23
20150728,SYSTEMIC_BEAR,24
20150729,SYSTEMIC_BEAR,25
20150730,SYSTEMIC_BEAR,26
20150731,SYSTEMIC_BEAR,27
20150803,SYSTEMIC_BEAR,28
20150804,SYSTEMIC_BEAR,29
20150805,SYSTEMIC_BEAR,30
20150806,SYSTEMIC_BEAR,31
20150807,SYSTEMIC_BEAR,32
20150810,SYSTEMIC_BEAR,33
20150811,SYSTEMIC_BEAR,34
20150812,SYSTEMIC_BEAR,35
20150813,SYSTEMIC_BEAR,36
20150814,SYSTEMIC_BEAR,37
20150817,SYSTEMIC_BEAR,38
20150818,SYSTEMIC_BEAR,39
20150819,SYSTEMIC_BEAR,40
20150820,SYSTEMIC_BEAR,41
20150821,SYSTEMIC_BEAR,42
20150824,SYSTEMIC_BEAR,43
20150825,SYSTEMIC_BEAR,44
20150826,SYSTEMIC_BEAR,45
20150827,SYSTEMIC_BEAR,46
20150828,SYSTEMIC_BEAR,47
20150831,SYSTEMIC_BEAR,48
20150901,SYSTEMIC_BEAR,49
20150902,SYSTEMIC_BEAR,50
20150907,SYSTEMIC_BEAR,51
20150908,SYSTEMIC_BEAR,52
20150909,SYSTEMIC_BEAR,53
20150910,SYSTEMIC_BEAR,54
20150911,SYSTEMIC_BEAR,55
20150914,SYSTEMIC_BEAR,56
20150915,SYSTEMIC_BEAR,57
20150916,SYSTEMIC_BEAR,58
20150917,SYSTEMIC_BEAR,59
20150918,SYSTEMIC_BEAR,60
20150921,SYSTEMIC_BEAR,61
20150922,SYSTEMIC_BEAR,62
20150923,SYSTEMIC_BEAR,63
20150924,SYSTEMIC_BEAR,64
20150925,SYSTEMIC_BEAR,65
20150928,SYSTEMIC_BEAR,66
20150929,SYSTEMIC_BEAR,67
20150930,SYSTEMIC_BEAR,68
20151008,SYSTEMIC_BEAR,69
20151009,SYSTEMIC_BEAR,70
20151012,SYSTEMIC_BEAR,71
20151013,SYSTEMIC_BEAR,72
20151014,SYSTEMIC_BEAR,73
20151015,SYSTEMIC_BEAR,74
20151016,SYSTEMIC_BEAR,75
20151019,SYSTEMIC_BEAR,76
20151020,SYSTEMIC_BEAR,77
20151021,SYSTEMIC_BEAR,78
20151022,SYSTEMIC_BEAR,79
20151023,SYSTEMIC_BEAR,80
20151026,SIDEWAYS_UP,1
20151027,SIDEWAYS_UP,2
20151028,SIDEWAYS_UP,3
20151029,SIDEWAYS_UP,4
20151030,SIDEWAYS_UP,5
20151102,SIDEWAYS_UP,6
20151103,SYSTEMIC_BEAR,1
20151104,SIDEWAYS_UP,1
20151105,SYSTEMIC_BULL,1
20151106,SYSTEMIC_BULL,2
20151109,SYSTEMIC_BULL,3
20151110,SYSTEMIC_BULL,4
20151111,SIDEWAYS,1
20151112,SIDEWAYS,2
20151113,SIDEWAYS,3
20151116,SIDEWAYS,4
20151117,SYSTEMIC_BULL,1
20151118,SIDEWAYS,1
20151119,SIDEWAYS,2
20151120,SIDEWAYS,3
20151123,SIDEWAYS,4
20151124,SIDEWAYS,5
20151125,SIDEWAYS,6
20151126,SIDEWAYS,7
20151127,SIDEWAYS,8
20151130,SIDEWAYS,9
20151201,SIDEWAYS,10
20151202,SIDEWAYS,11
20151203,SIDEWAYS,12
20151204,SIDEWAYS,13
20151207,SIDEWAYS,14
20151208,SIDEWAYS,15
20151209,SIDEWAYS,16
20151210,SIDEWAYS,17
20151211,SIDEWAYS,18
20151214,SIDEWAYS,19
20151215,SIDEWAYS,20
20151216,SIDEWAYS,21
20151217,SIDEWAYS,22
20151218,SIDEWAYS,23
20151221,SYSTEMIC_BULL,1
20151222,SIDEWAYS,1
20151223,SYSTEMIC_BULL,1
20151224,SIDEWAYS,1
20151225,SIDEWAYS,2
20151228,SIDEWAYS,3
20151229,SIDEWAYS,4
20151230,SIDEWAYS,5
20151231,SIDEWAYS,6
20160104,SYSTEMIC_BEAR,1
20160105,SYSTEMIC_BEAR,2
20160106,SYSTEMIC_BEAR,3
20160107,SYSTEMIC_BEAR,4
20160108,SYSTEMIC_BEAR,5
20160111,SYSTEMIC_BEAR,6
20160112,SYSTEMIC_BEAR,7
20160113,SYSTEMIC_BEAR,8
20160114,SYSTEMIC_BEAR,9
20160115,SYSTEMIC_BEAR,10
20160118,SYSTEMIC_BEAR,11
20160119,SYSTEMIC_BEAR,12
20160120,SYSTEMIC_BEAR,13
20160121,SYSTEMIC_BEAR,14
20160122,SYSTEMIC_BEAR,15
20160125,SYSTEMIC_BEAR,16
20160126,SYSTEMIC_BEAR,17
20160127,SYSTEMIC_BEAR,18
20160128,SYSTEMIC_BEAR,19
20160129,SYSTEMIC_BEAR,20
20160201,SYSTEMIC_BEAR,21
20160202,SYSTEMIC_BEAR,22
20160203,SYSTEMIC_BEAR,23
20160204,SYSTEMIC_BEAR,24
20160205,SYSTEMIC_BEAR,25
20160215,SYSTEMIC_BEAR,26
20160216,SYSTEMIC_BEAR,27
20160217,SYSTEMIC_BEAR,28
20160218,SYSTEMIC_BEAR,29
20160219,SYSTEMIC_BEAR,30
20160222,SYSTEMIC_BEAR,31
20160223,SYSTEMIC_BEAR,32
20160224,SYSTEMIC_BEAR,33
20160225,SYSTEMIC_BEAR,34
20160226,SYSTEMIC_BEAR,35
20160229,SYSTEMIC_BEAR,36
20160301,SYSTEMIC_BEAR,37
20160302,SYSTEMIC_BEAR,38
20160303,SYSTEMIC_BEAR,39
20160304,SYSTEMIC_BEAR,40
20160307,SYSTEMIC_BEAR,41
20160308,SYSTEMIC_BEAR,42
20160309,SYSTEMIC_BEAR,43
20160310,SYSTEMIC_BEAR,44
20160311,SYSTEMIC_BEAR,45
20160314,SYSTEMIC_BEAR,46
20160315,SYSTEMIC_BEAR,47
20160316,SYSTEMIC_BEAR,48
20160317,SYSTEMIC_BEAR,49
20160318,SYSTEMIC_BEAR,50
20160321,SIDEWAYS_UP,1
20160322,SIDEWAYS_UP,2
20160323,SIDEWAYS,1
20160324,SIDEWAYS,2
20160325,SIDEWAYS,3
20160328,SIDEWAYS,4
20160329,SIDEWAYS,5
20160330,SIDEWAYS,6
20160331,SIDEWAYS,7
20160401,SIDEWAYS,8
20160405,SIDEWAYS,9
20160406,SIDEWAYS,10
20160407,SIDEWAYS,11
20160408,SIDEWAYS,12
20160411,SIDEWAYS,13
20160412,SIDEWAYS,14
20160413,SYSTEMIC_BULL,1
20160414,SIDEWAYS,1
20160415,SIDEWAYS,2
20160418,SIDEWAYS,3
20160419,SIDEWAYS,4
20160420,SYSTEMIC_BULL,1
20160421,SIDEWAYS,1
20160422,SIDEWAYS,2
20160425,SIDEWAYS,3
20160426,SIDEWAYS,4
20160427,SIDEWAYS,5
20160428,SIDEWAYS,6
20160429,SIDEWAYS,7
20160503,SIDEWAYS,8
20160504,SIDEWAYS,9
20160505,SIDEWAYS,10
20160506,SIDEWAYS,11
20160509,SYSTEMIC_BEAR,1
20160510,SYSTEMIC_BEAR,2
20160511,SYSTEMIC_BEAR,3
20160512,SYSTEMIC_BEAR,4
20160513,SYSTEMIC_BEAR,5
20160516,SYSTEMIC_BEAR,6
20160517,SYSTEMIC_BEAR,7
20160518,SYSTEMIC_BEAR,8
20160519,SYSTEMIC_BEAR,9
20160520,SYSTEMIC_BEAR,10
20160523,SYSTEMIC_BEAR,11
20160524,SYSTEMIC_BEAR,12
20160525,SYSTEMIC_BEAR,13
20160526,SYSTEMIC_BEAR,14
20160527,SYSTEMIC_BEAR,15
20160530,SYSTEMIC_BEAR,16
20160531,SYSTEMIC_BEAR,17
20160601,SYSTEMIC_BEAR,18
20160602,SYSTEMIC_BEAR,19
20160603,SIDEWAYS_UP,1
20160606,SIDEWAYS_UP,2
20160607,SIDEWAYS_UP,3
20160608,SIDEWAYS_UP,4
20160613,SYSTEMIC_BEAR,1
20160614,SYSTEMIC_BEAR,2
20160615,SYSTEMIC_BEAR,3
20160616,SYSTEMIC_BEAR,4
20160617,SYSTEMIC_BEAR,5
20160620,SYSTEMIC_BEAR,6
20160621,SYSTEMIC_BEAR,7
20160622,SYSTEMIC_BEAR,8
20160623,SYSTEMIC_BEAR,9
20160624,SYSTEMIC_BEAR,10
20160627,SYSTEMIC_BEAR,11
20160628,SYSTEMIC_BEAR,12
20160629,SYSTEMIC_BEAR,13
20160630,SYSTEMIC_BEAR,14
20160701,SYSTEMIC_BEAR,15
20160704,SIDEWAYS_UP,1
20160705,SIDEWAYS_UP,2
20160706,SIDEWAYS_UP,3
20160707,SIDEWAYS_UP,4
20160708,SIDEWAYS,1
20160711,SYSTEMIC_BULL,1
20160712,SYSTEMIC_BULL,2
20160713,SYSTEMIC_BULL,3
20160714,SIDEWAYS,1
20160715,SIDEWAYS,2
20160718,SIDEWAYS,3
20160719,SIDEWAYS,4
20160720,SIDEWAYS,5
20160721,SIDEWAYS,6
20160722,SIDEWAYS,7
20160725,SIDEWAYS,8
20160726,SIDEWAYS,9
20160727,SYSTEMIC_BULL,1
20160728,SIDEWAYS,1
20160729,SIDEWAYS,2
20160801,SIDEWAYS,3
20160802,SIDEWAYS,4
20160803,SIDEWAYS,5
20160804,SIDEWAYS,6
20160805,SIDEWAYS,7
20160808,SIDEWAYS,8
20160809,SIDEWAYS,9
20160810,SIDEWAYS,10
20160811,SIDEWAYS,11
20160812,SIDEWAYS,12
20160815,SYSTEMIC_BULL,1
20160816,SYSTEMIC_BULL,2
20160817,SYSTEMIC_BULL,3
20160818,SYSTEMIC_BULL,4
20160819,SIDEWAYS,1
20160822,SIDEWAYS,2
20160823,SIDEWAYS,3
20160824,SIDEWAYS,4
20160825,SIDEWAYS,5
20160826,SIDEWAYS,6
20160829,SIDEWAYS,7
20160830,SIDEWAYS,8
20160831,SIDEWAYS,9
20160901,SIDEWAYS,10
20160902,SIDEWAYS,11
20160905,SIDEWAYS,12
20160906,SIDEWAYS,13
20160907,SIDEWAYS,14
20160908,SIDEWAYS,15
20160909,SIDEWAYS,16
20160912,SIDEWAYS,17
20160913,SIDEWAYS,18
20160914,SIDEWAYS,19
20160919,SIDEWAYS,20
20160920,SIDEWAYS,21
20160921,SIDEWAYS,22
20160922,SIDEWAYS,23
20160923,SIDEWAYS,24
20160926,SYSTEMIC_BEAR,1
20160927,SYSTEMIC_BEAR,2
20160928,SYSTEMIC_BEAR,3
20160929,SYSTEMIC_BEAR,4
20160930,SYSTEMIC_BEAR,5
20161010,SYSTEMIC_BEAR,6
20161011,SYSTEMIC_BEAR,7
20161012,SYSTEMIC_BEAR,8
20161013,SYSTEMIC_BEAR,9
20161014,SYSTEMIC_BEAR,10
20161017,SYSTEMIC_BEAR,11
20161018,SIDEWAYS_UP,1
20161019,SIDEWAYS_UP,2
20161020,SIDEWAYS,1
20161021,SIDEWAYS_UP,1
20161024,SYSTEMIC_BULL,1
20161025,SYSTEMIC_BULL,2
20161026,SYSTEMIC_BULL,3
20161027,SIDEWAYS,1
20161028,SIDEWAYS,2
20161031,SIDEWAYS,3
20161101,SIDEWAYS,4
20161102,SIDEWAYS,5
20161103,SYSTEMIC_BULL,1
20161104,SIDEWAYS,1
20161107,SIDEWAYS,2
20161108,SIDEWAYS,3
20161109,SYSTEMIC_BULL,1
20161110,SYSTEMIC_BULL,2
20161111,SYSTEMIC_BULL,3
20161114,SYSTEMIC_BULL,4
20161115,SIDEWAYS,1
20161116,SIDEWAYS,2
20161117,SIDEWAYS,3
20161118,SIDEWAYS,4
20161121,SYSTEMIC_BULL,1
20161122,SYSTEMIC_BULL,2
20161123,SYSTEMIC_BULL,3
20161124,SYSTEMIC_BULL,4
20161125,SYSTEMIC_BULL,5
20161128,SYSTEMIC_BULL,6
20161129,SYSTEMIC_BULL,7
20161130,SYSTEMIC_BULL,8
20161201,SYSTEMIC_BULL,9
20161202,SYSTEMIC_BULL,10
20161205,SIDEWAYS,1
20161206,SIDEWAYS,2
20161207,SIDEWAYS,3
20161208,SIDEWAYS,4
20161209,SIDEWAYS,5
20161212,SIDEWAYS,6
20161213,SIDEWAYS,7
20161214,SIDEWAYS,8
20161215,SIDEWAYS,9
20161216,SIDEWAYS,10
20161219,SYSTEMIC_BEAR,1
20161220,SYSTEMIC_BEAR,2
20161221,SYSTEMIC_BEAR,3
20161222,SYSTEMIC_BEAR,4
20161223,SYSTEMIC_BEAR,5
20161226,SYSTEMIC_BEAR,6
20161227,SYSTEMIC_BEAR,7
20161228,SYSTEMIC_BEAR,8
20161229,SYSTEMIC_BEAR,9
20161230,SYSTEMIC_BEAR,10
20170103,SYSTEMIC_BEAR,11
20170104,SYSTEMIC_BEAR,12
20170105,SYSTEMIC_BEAR,13
20170106,SYSTEMIC_BEAR,14
20170109,SYSTEMIC_BEAR,15
20170110,SYSTEMIC_BEAR,16
20170111,SYSTEMIC_BEAR,17
20170112,SYSTEMIC_BEAR,18
20170113,SYSTEMIC_BEAR,19
20170116,SYSTEMIC_BEAR,20
20170117,SYSTEMIC_BEAR,21
20170118,SYSTEMIC_BEAR,22
20170119,SYSTEMIC_BEAR,23
20170120,SYSTEMIC_BEAR,24
20170123,SYSTEMIC_BEAR,25
20170124,SYSTEMIC_BEAR,26
20170125,SYSTEMIC_BEAR,27
20170126,SYSTEMIC_BEAR,28
20170203,SYSTEMIC_BEAR,29
20170206,SYSTEMIC_BEAR,30
20170207,SYSTEMIC_BEAR,31
20170208,SYSTEMIC_BEAR,32
20170209,SYSTEMIC_BEAR,33
20170210,SYSTEMIC_BEAR,34
20170213,SIDEWAYS,1
20170214,SIDEWAYS,2
20170215,SIDEWAYS,3
20170216,SIDEWAYS,4
20170217,SIDEWAYS,5
20170220,SIDEWAYS_UP,1
20170221,SIDEWAYS_UP,2
20170222,SIDEWAYS,1
20170223,SIDEWAYS,2
20170224,SIDEWAYS,3
20170227,SIDEWAYS,4
20170228,SIDEWAYS,5
20170301,SIDEWAYS,6
20170302,SIDEWAYS,7
20170303,SIDEWAYS,8
20170306,SIDEWAYS,9
20170307,SIDEWAYS,10
20170308,SIDEWAYS,11
20170309,SIDEWAYS,12
20170310,SIDEWAYS,13
20170313,SIDEWAYS,14
20170314,SIDEWAYS,15
20170315,SIDEWAYS,16
20170316,SYSTEMIC_BULL,1
20170317,SIDEWAYS,1
20170320,SIDEWAYS,2
20170321,SIDEWAYS,3
20170322,SYSTEMIC_BULL,1
20170323,SIDEWAYS,1
20170324,SYSTEMIC_BULL,1
20170327,SIDEWAYS,1
20170328,SIDEWAYS,2
20170329,SIDEWAYS,3
20170330,SIDEWAYS,4
20170331,SIDEWAYS,5
20170405,SYSTEMIC_BULL,1
20170406,SYSTEMIC_BULL,2
20170407,SYSTEMIC_BULL,3
20170410,SYSTEMIC_BULL,4
20170411,SYSTEMIC_BULL,5
20170412,SYSTEMIC_BULL,6
20170413,SIDEWAYS,1
20170414,SIDEWAYS,2
20170417,SIDEWAYS,3
20170418,SIDEWAYS,4
20170419,SIDEWAYS,5
20170420,SIDEWAYS,6
20170421,SIDEWAYS,7
20170424,SIDEWAYS,8
20170425,SIDEWAYS,9
20170426,SIDEWAYS,10
20170427,SIDEWAYS,11
20170428,SIDEWAYS,12
20170502,SIDEWAYS,13
20170503,SYSTEMIC_BEAR,1
20170504,SYSTEMIC_BEAR,2
20170505,SYSTEMIC_BEAR,3
20170508,SYSTEMIC_BEAR,4
20170509,SYSTEMIC_BEAR,5
20170510,SYSTEMIC_BEAR,6
20170511,SYSTEMIC_BEAR,7
20170512,SYSTEMIC_BEAR,8
20170515,SYSTEMIC_BEAR,9
20170516,SYSTEMIC_BEAR,10
20170517,SYSTEMIC_BEAR,11
20170518,SYSTEMIC_BEAR,12
20170519,SYSTEMIC_BEAR,13
20170522,SYSTEMIC_BEAR,14
20170523,SYSTEMIC_BEAR,15
20170524,SYSTEMIC_BEAR,16
20170525,SIDEWAYS,1
20170526,SIDEWAYS,2
20170531,SIDEWAYS,3
20170601,SIDEWAYS,4
20170602,SIDEWAYS,5
20170605,SIDEWAYS,6
20170606,SIDEWAYS,7
20170607,SIDEWAYS_UP,1
20170608,SIDEWAYS,1
20170609,SIDEWAYS,2
20170612,SIDEWAYS,3
20170613,SIDEWAYS,4
20170614,SIDEWAYS,5
20170615,SIDEWAYS,6
20170616,SIDEWAYS,7
20170619,SIDEWAYS,8
20170620,SIDEWAYS,9
20170621,SIDEWAYS,10
20170622,SYSTEMIC_BULL,1
20170623,SYSTEMIC_BULL,2
20170626,SYSTEMIC_BULL,3
20170627,SIDEWAYS,1
20170628,SIDEWAYS,2
20170629,SIDEWAYS,3
20170630,SIDEWAYS,4
20170703,SIDEWAYS,5
20170704,SIDEWAYS,6
20170705,SIDEWAYS,7
20170706,SIDEWAYS,8
20170707,SIDEWAYS,9
20170710,SIDEWAYS,10
20170711,SIDEWAYS,11
20170712,SIDEWAYS,12
20170713,SIDEWAYS,13
20170714,SIDEWAYS,14
20170717,SIDEWAYS,15
20170718,SIDEWAYS,16
20170719,SYSTEMIC_BULL,1
20170720,SYSTEMIC_BULL,2
20170721,SIDEWAYS,1
20170724,SIDEWAYS,2
20170725,SIDEWAYS,3
20170726,SIDEWAYS,4
20170727,SIDEWAYS,5
20170728,SIDEWAYS,6
20170731,SIDEWAYS,7
20170801,SIDEWAYS,8
20170802,SYSTEMIC_BULL,1
20170803,SIDEWAYS,1
20170804,SIDEWAYS,2
20170807,SIDEWAYS,3
20170808,SIDEWAYS,4
20170809,SIDEWAYS,5
20170810,SIDEWAYS,6
20170811,SIDEWAYS,7
20170814,SIDEWAYS,8
20170815,SIDEWAYS,9
20170816,SIDEWAYS,10
20170817,SIDEWAYS,11
20170818,SIDEWAYS,12
20170821,SIDEWAYS,13
20170822,SIDEWAYS,14
20170823,SIDEWAYS,15
20170824,SIDEWAYS,16
20170825,SIDEWAYS,17
20170828,SYSTEMIC_BULL,1
20170829,SIDEWAYS,1
20170830,SIDEWAYS,2
20170831,SIDEWAYS,3
20170901,SYSTEMIC_BULL,1
20170904,SIDEWAYS,1
20170905,SIDEWAYS,2
20170906,SIDEWAYS,3
20170907,SIDEWAYS,4
20170908,SIDEWAYS,5
20170911,SIDEWAYS,6
20170912,SYSTEMIC_BULL,1
20170913,SIDEWAYS,1
20170914,SIDEWAYS,2
20170915,SIDEWAYS,3
20170918,SIDEWAYS,4
20170919,SIDEWAYS,5
20170920,SIDEWAYS,6
20170921,SIDEWAYS,7
20170922,SIDEWAYS,8
20170925,SIDEWAYS,9
20170926,SIDEWAYS,10
20170927,SIDEWAYS,11
20170928,SIDEWAYS,12
20170929,SIDEWAYS,13
20171009,SYSTEMIC_BULL,1
20171010,SIDEWAYS,1
20171011,SIDEWAYS,2
20171012,SIDEWAYS,3
20171013,SIDEWAYS,4
20171016,SIDEWAYS,5
20171017,SIDEWAYS,6
20171018,SIDEWAYS,7
20171019,SIDEWAYS,8
20171020,SIDEWAYS,9
20171023,SIDEWAYS,10
20171024,SIDEWAYS,11
20171025,SIDEWAYS,12
20171026,SYSTEMIC_BULL,1
20171027,SIDEWAYS,1
20171030,SYSTEMIC_BULL,1
20171031,SIDEWAYS,1
20171101,SYSTEMIC_BULL,1
20171102,SIDEWAYS,1
20171103,SIDEWAYS,2
20171106,SIDEWAYS,3
20171107,SYSTEMIC_BULL,1
20171108,SYSTEMIC_BULL,2
20171109,SIDEWAYS,1
20171110,SYSTEMIC_BULL,1
20171113,SYSTEMIC_BULL,2
20171114,SYSTEMIC_BULL,3
20171115,SIDEWAYS,1
20171116,SIDEWAYS,2
20171117,SYSTEMIC_BULL,1
20171120,SIDEWAYS,1
20171121,SYSTEMIC_BULL,1
20171122,SYSTEMIC_BULL,2
20171123,SIDEWAYS,1
20171124,SIDEWAYS,2
20171127,SIDEWAYS,3
20171128,SIDEWAYS,4
20171129,SIDEWAYS,5
20171130,SIDEWAYS,6
20171201,SIDEWAYS,7
20171204,SIDEWAYS,8
20171205,SIDEWAYS,9
20171206,SIDEWAYS,10
20171207,SIDEWAYS,11
20171208,SIDEWAYS,12
20171211,SIDEWAYS,13
20171212,SIDEWAYS,14
20171213,SIDEWAYS,15
20171214,SIDEWAYS,16
20171215,SIDEWAYS,17
20171218,SIDEWAYS,18
20171219,SIDEWAYS,19
20171220,SIDEWAYS,20
20171221,SIDEWAYS,21
20171222,SIDEWAYS,22
20171225,SIDEWAYS,23
20171226,SIDEWAYS,24
20171227,SIDEWAYS,25
20171228,SIDEWAYS,26
20171229,SIDEWAYS,27
20180102,SYSTEMIC_BULL,1
20180103,SYSTEMIC_BULL,2
20180104,SYSTEMIC_BULL,3
20180105,SYSTEMIC_BULL,4
20180108,SYSTEMIC_BULL,5
20180109,SYSTEMIC_BULL,6
20180110,SYSTEMIC_BULL,7
20180111,SIDEWAYS,1
20180112,SIDEWAYS,2
20180115,SYSTEMIC_BULL,1
20180116,SYSTEMIC_BULL,2
20180117,SYSTEMIC_BULL,3
20180118,SYSTEMIC_BULL,4
20180119,SYSTEMIC_BULL,5
20180122,SYSTEMIC_BULL,6
20180123,SYSTEMIC_BULL,7
20180124,SYSTEMIC_BULL,8
20180125,SIDEWAYS,1
20180126,SIDEWAYS,2
20180129,SIDEWAYS,3
20180130,SIDEWAYS,4
20180131,SIDEWAYS,5
20180201,SIDEWAYS,6
20180202,SIDEWAYS,7
20180205,SIDEWAYS,8
20180206,SIDEWAYS,9
20180207,SYSTEMIC_BEAR,1
20180208,SYSTEMIC_BEAR,2
20180209,SYSTEMIC_BEAR,3
20180212,SYSTEMIC_BEAR,4
20180213,SYSTEMIC_BEAR,5
20180214,SYSTEMIC_BEAR,6
20180222,SYSTEMIC_BEAR,7
20180223,SYSTEMIC_BEAR,8
20180226,SYSTEMIC_BEAR,9
20180227,SYSTEMIC_BEAR,10
20180228,SYSTEMIC_BEAR,11
20180301,SYSTEMIC_BEAR,12
20180302,SYSTEMIC_BEAR,13
20180305,SYSTEMIC_BEAR,14
20180306,SYSTEMIC_BEAR,15
20180307,SYSTEMIC_BEAR,16
20180308,SYSTEMIC_BEAR,17
20180309,SYSTEMIC_BEAR,18
20180312,SYSTEMIC_BEAR,19
20180313,SYSTEMIC_BEAR,20
20180314,SYSTEMIC_BEAR,21
20180315,SYSTEMIC_BEAR,22
20180316,SYSTEMIC_BEAR,23
20180319,SYSTEMIC_BEAR,24
20180320,SYSTEMIC_BEAR,25
20180321,SYSTEMIC_BEAR,26
20180322,SYSTEMIC_BEAR,27
20180323,SYSTEMIC_BEAR,28
20180326,SYSTEMIC_BEAR,29
20180327,SYSTEMIC_BEAR,30
20180328,SYSTEMIC_BEAR,31
20180329,SYSTEMIC_BEAR,32
20180330,SYSTEMIC_BEAR,33
20180402,SYSTEMIC_BEAR,34
20180403,SYSTEMIC_BEAR,35
20180404,SYSTEMIC_BEAR,36
20180409,SYSTEMIC_BEAR,37
20180410,SYSTEMIC_BEAR,38
20180411,SYSTEMIC_BEAR,39
20180412,SYSTEMIC_BEAR,40
20180413,SYSTEMIC_BEAR,41
20180416,SYSTEMIC_BEAR,42
20180417,SYSTEMIC_BEAR,43
20180418,SYSTEMIC_BEAR,44
20180419,SYSTEMIC_BEAR,45
20180420,SYSTEMIC_BEAR,46
20180423,SYSTEMIC_BEAR,47
20180424,SYSTEMIC_BEAR,48
20180425,SYSTEMIC_BEAR,49
20180426,SYSTEMIC_BEAR,50
20180427,SYSTEMIC_BEAR,51
20180502,SYSTEMIC_BEAR,52
20180503,SYSTEMIC_BEAR,53
20180504,SYSTEMIC_BEAR,54
20180507,SYSTEMIC_BEAR,55
20180508,SYSTEMIC_BEAR,56
20180509,SYSTEMIC_BEAR,57
20180510,SYSTEMIC_BEAR,58
20180511,SYSTEMIC_BEAR,59
20180514,SYSTEMIC_BEAR,60
20180515,SYSTEMIC_BEAR,61
20180516,SYSTEMIC_BEAR,62
20180517,SYSTEMIC_BEAR,63
20180518,SYSTEMIC_BEAR,64
20180521,SYSTEMIC_BEAR,65
20180522,SYSTEMIC_BEAR,66
20180523,SYSTEMIC_BEAR,67
20180524,SYSTEMIC_BEAR,68
20180525,SYSTEMIC_BEAR,69
20180528,SYSTEMIC_BEAR,70
20180529,SYSTEMIC_BEAR,71
20180530,SYSTEMIC_BEAR,72
20180531,SYSTEMIC_BEAR,73
20180601,SYSTEMIC_BEAR,74
20180604,SYSTEMIC_BEAR,75
20180605,SYSTEMIC_BEAR,76
20180606,SYSTEMIC_BEAR,77
20180607,SYSTEMIC_BEAR,78
20180608,SYSTEMIC_BEAR,79
20180611,SYSTEMIC_BEAR,80
20180612,SYSTEMIC_BEAR,81
20180613,SYSTEMIC_BEAR,82
20180614,SYSTEMIC_BEAR,83
20180615,SYSTEMIC_BEAR,84
20180619,SYSTEMIC_BEAR,85
20180620,SYSTEMIC_BEAR,86
20180621,SYSTEMIC_BEAR,87
20180622,SYSTEMIC_BEAR,88
20180625,SYSTEMIC_BEAR,89
20180626,SYSTEMIC_BEAR,90
20180627,SYSTEMIC_BEAR,91
20180628,SYSTEMIC_BEAR,92
20180629,SYSTEMIC_BEAR,93
20180702,SYSTEMIC_BEAR,94
20180703,SYSTEMIC_BEAR,95
20180704,SYSTEMIC_BEAR,96
20180705,SYSTEMIC_BEAR,97
20180706,SYSTEMIC_BEAR,98
20180709,SYSTEMIC_BEAR,99
20180710,SYSTEMIC_BEAR,100
20180711,SYSTEMIC_BEAR,101
20180712,SYSTEMIC_BEAR,102
20180713,SYSTEMIC_BEAR,103
20180716,SYSTEMIC_BEAR,104
20180717,SYSTEMIC_BEAR,105
20180718,SYSTEMIC_BEAR,106
20180719,SYSTEMIC_BEAR,107
20180720,SYSTEMIC_BEAR,108
20180723,SYSTEMIC_BEAR,109
20180724,SYSTEMIC_BEAR,110
20180725,SYSTEMIC_BEAR,111
20180726,SYSTEMIC_BEAR,112
20180727,SYSTEMIC_BEAR,113
20180730,SYSTEMIC_BEAR,114
20180731,SYSTEMIC_BEAR,115
20180801,SYSTEMIC_BEAR,116
20180802,SYSTEMIC_BEAR,117
20180803,SYSTEMIC_BEAR,118
20180806,SYSTEMIC_BEAR,119
20180807,SYSTEMIC_BEAR,120
20180808,SYSTEMIC_BEAR,121
20180809,SYSTEMIC_BEAR,122
20180810,SYSTEMIC_BEAR,123
20180813,SYSTEMIC_BEAR,124
20180814,SYSTEMIC_BEAR,125
20180815,SYSTEMIC_BEAR,126
20180816,SYSTEMIC_BEAR,127
20180817,SYSTEMIC_BEAR,128
20180820,SYSTEMIC_BEAR,129
20180821,SYSTEMIC_BEAR,130
20180822,SYSTEMIC_BEAR,131
20180823,SYSTEMIC_BEAR,132
20180824,SYSTEMIC_BEAR,133
20180827,SYSTEMIC_BEAR,134
20180828,SYSTEMIC_BEAR,135
20180829,SYSTEMIC_BEAR,136
20180830,SYSTEMIC_BEAR,137
20180831,SYSTEMIC_BEAR,138
20180903,SYSTEMIC_BEAR,139
20180904,SYSTEMIC_BEAR,140
20180905,SYSTEMIC_BEAR,141
20180906,SYSTEMIC_BEAR,142
20180907,SYSTEMIC_BEAR,143
20180910,SYSTEMIC_BEAR,144
20180911,SYSTEMIC_BEAR,145
20180912,SYSTEMIC_BEAR,146
20180913,SYSTEMIC_BEAR,147
20180914,SYSTEMIC_BEAR,148
20180917,SYSTEMIC_BEAR,149
20180918,SYSTEMIC_BEAR,150
20180919,SYSTEMIC_BEAR,151
20180920,SYSTEMIC_BEAR,152
20180921,SIDEWAYS_UP,1
20180925,SIDEWAYS_UP,2
20180926,SIDEWAYS,1
20180927,SIDEWAYS,2
20180928,SIDEWAYS,3
20181008,SYSTEMIC_BEAR,1
20181009,SYSTEMIC_BEAR,2
20181010,SYSTEMIC_BEAR,3
20181011,SYSTEMIC_BEAR,4
20181012,SYSTEMIC_BEAR,5
20181015,SYSTEMIC_BEAR,6
20181016,SYSTEMIC_BEAR,7
20181017,SYSTEMIC_BEAR,8
20181018,SYSTEMIC_BEAR,9
20181019,SYSTEMIC_BEAR,10
20181022,SYSTEMIC_BEAR,11
20181023,SYSTEMIC_BEAR,12
20181024,SYSTEMIC_BEAR,13
20181025,SYSTEMIC_BEAR,14
20181026,SYSTEMIC_BEAR,15
20181029,SYSTEMIC_BEAR,16
20181030,SYSTEMIC_BEAR,17
20181031,SYSTEMIC_BEAR,18
20181101,SYSTEMIC_BEAR,19
20181102,SYSTEMIC_BEAR,20
20181105,SYSTEMIC_BEAR,21
20181106,SYSTEMIC_BEAR,22
20181107,SYSTEMIC_BEAR,23
20181108,SYSTEMIC_BEAR,24
20181109,SYSTEMIC_BEAR,25
20181112,SYSTEMIC_BEAR,26
20181113,SYSTEMIC_BEAR,27
20181114,SYSTEMIC_BEAR,28
20181115,SYSTEMIC_BEAR,29
20181116,SYSTEMIC_BEAR,30
20181119,SIDEWAYS,1
20181120,SYSTEMIC_BEAR,1
20181121,SYSTEMIC_BEAR,2
20181122,SYSTEMIC_BEAR,3
20181123,SYSTEMIC_BEAR,4
20181126,SYSTEMIC_BEAR,5
20181127,SYSTEMIC_BEAR,6
20181128,SYSTEMIC_BEAR,7
20181129,SYSTEMIC_BEAR,8
20181130,SYSTEMIC_BEAR,9
20181203,SIDEWAYS_UP,1
20181204,SIDEWAYS,1
20181205,SIDEWAYS,2
20181206,SYSTEMIC_BEAR,1
20181207,SYSTEMIC_BEAR,2
20181210,SYSTEMIC_BEAR,3
20181211,SYSTEMIC_BEAR,4
20181212,SYSTEMIC_BEAR,5
20181213,SYSTEMIC_BEAR,6
20181214,SYSTEMIC_BEAR,7
20181217,SYSTEMIC_BEAR,8
20181218,SYSTEMIC_BEAR,9
20181219,SYSTEMIC_BEAR,10
20181220,SYSTEMIC_BEAR,11
20181221,SYSTEMIC_BEAR,12
20181224,SYSTEMIC_BEAR,13
20181225,SYSTEMIC_BEAR,14
20181226,SYSTEMIC_BEAR,15
20181227,SYSTEMIC_BEAR,16
20181228,SYSTEMIC_BEAR,17
20190102,SYSTEMIC_BEAR,18
20190103,SYSTEMIC_BEAR,19
20190104,SYSTEMIC_BEAR,20
20190107,SYSTEMIC_BEAR,21
20190108,SYSTEMIC_BEAR,22
20190109,SYSTEMIC_BEAR,23
20190110,SYSTEMIC_BEAR,24
20190111,SYSTEMIC_BEAR,25
20190114,SYSTEMIC_BEAR,26
20190115,SYSTEMIC_BEAR,27
20190116,SYSTEMIC_BEAR,28
20190117,SYSTEMIC_BEAR,29
20190118,SYSTEMIC_BEAR,30
20190121,SIDEWAYS_UP,1
20190122,SIDEWAYS_UP,2
20190123,SIDEWAYS_UP,3
20190124,SIDEWAYS_UP,4
20190125,SIDEWAYS,1
20190128,SIDEWAYS,2
20190129,SIDEWAYS,3
20190130,SIDEWAYS,4
20190131,SIDEWAYS,5
20190201,SIDEWAYS,6
20190211,SYSTEMIC_BULL,1
20190212,SYSTEMIC_BULL,2
20190213,SYSTEMIC_BULL,3
20190214,SYSTEMIC_BULL,4
20190215,SYSTEMIC_BULL,5
20190218,SYSTEMIC_BULL,6
20190219,SYSTEMIC_BULL,7
20190220,SYSTEMIC_BULL,8
20190221,SYSTEMIC_BULL,9
20190222,SYSTEMIC_BULL,10
20190225,SYSTEMIC_BULL,11
20190226,SYSTEMIC_BULL,12
20190227,SYSTEMIC_BULL,13
20190228,SYSTEMIC_BULL,14
20190301,SYSTEMIC_BULL,15
20190304,SYSTEMIC_BULL,16
20190305,SYSTEMIC_BULL,17
20190306,SYSTEMIC_BULL,18
20190307,SYSTEMIC_BULL,19
20190308,SYSTEMIC_BULL,20
20190311,SIDEWAYS,1
20190312,SYSTEMIC_BULL,1
20190313,SIDEWAYS,1
20190314,SIDEWAYS,2
20190315,SIDEWAYS,3
20190318,SIDEWAYS,4
20190319,SIDEWAYS,5
20190320,SIDEWAYS,6
20190321,SIDEWAYS,7
20190322,SIDEWAYS,8
20190325,SIDEWAYS,9
20190326,SIDEWAYS,10
20190327,SIDEWAYS,11
20190328,SIDEWAYS,12
20190329,SIDEWAYS,13
20190401,SYSTEMIC_BULL,1
20190402,SIDEWAYS,1
20190403,SIDEWAYS,2
20190404,SYSTEMIC_BULL,1
20190408,SYSTEMIC_BULL,2
20190409,SIDEWAYS,1
20190410,SIDEWAYS,2
20190411,SIDEWAYS,3
20190412,SIDEWAYS,4
20190415,SIDEWAYS,5
20190416,SIDEWAYS,6
20190417,SIDEWAYS,7
20190418,SIDEWAYS,8
20190419,SIDEWAYS,9
20190422,SIDEWAYS,10
20190423,SIDEWAYS,11
20190424,SIDEWAYS,12
20190425,SIDEWAYS,13
20190426,SIDEWAYS,14
20190429,SIDEWAYS,15
20190430,SIDEWAYS,16
20190506,SYSTEMIC_BEAR,1
20190507,SYSTEMIC_BEAR,2
20190508,SYSTEMIC_BEAR,3
20190509,SYSTEMIC_BEAR,4
20190510,SYSTEMIC_BEAR,5
20190513,SYSTEMIC_BEAR,6
20190514,SYSTEMIC_BEAR,7
20190515,SYSTEMIC_BEAR,8
20190516,SYSTEMIC_BEAR,9
20190517,SYSTEMIC_BEAR,10
20190520,SYSTEMIC_BEAR,11
20190521,SYSTEMIC_BEAR,12
20190522,SYSTEMIC_BEAR,13
20190523,SYSTEMIC_BEAR,14
20190524,SYSTEMIC_BEAR,15
20190527,SYSTEMIC_BEAR,16
20190528,SYSTEMIC_BEAR,17
20190529,SYSTEMIC_BEAR,18
20190530,SYSTEMIC_BEAR,19
20190531,SYSTEMIC_BEAR,20
20190603,SYSTEMIC_BEAR,21
20190604,SYSTEMIC_BEAR,22
20190605,SYSTEMIC_BEAR,23
20190606,SYSTEMIC_BEAR,24
20190610,SYSTEMIC_BEAR,25
20190611,SYSTEMIC_BEAR,26
20190612,SYSTEMIC_BEAR,27
20190613,SYSTEMIC_BEAR,28
20190614,SYSTEMIC_BEAR,29
20190617,SYSTEMIC_BEAR,30
20190618,SYSTEMIC_BEAR,31
20190619,SYSTEMIC_BEAR,32
20190620,SYSTEMIC_BEAR,33
20190621,SIDEWAYS_UP,1
20190624,SIDEWAYS,1
20190625,SIDEWAYS,2
20190626,SIDEWAYS,3
20190627,SIDEWAYS,4
20190628,SIDEWAYS,5
20190701,SIDEWAYS_UP,1
20190702,SIDEWAYS_UP,2
20190703,SIDEWAYS,1
20190704,SIDEWAYS,2
20190705,SIDEWAYS,3
20190708,SIDEWAYS,4
20190709,SIDEWAYS,5
20190710,SIDEWAYS,6
20190711,SIDEWAYS,7
20190712,SIDEWAYS,8
20190715,SIDEWAYS,9
20190716,SIDEWAYS,10
20190717,SIDEWAYS,11
20190718,SIDEWAYS,12
20190719,SIDEWAYS,13
20190722,SIDEWAYS,14
20190723,SIDEWAYS,15
20190724,SIDEWAYS,16
20190725,SIDEWAYS,17
20190726,SIDEWAYS,18
20190729,SIDEWAYS,19
20190730,SIDEWAYS,20
20190731,SIDEWAYS,21
20190801,SIDEWAYS,22
20190802,SIDEWAYS,23
20190805,SYSTEMIC_BEAR,1
20190806,SYSTEMIC_BEAR,2
20190807,SYSTEMIC_BEAR,3
20190808,SYSTEMIC_BEAR,4
20190809,SYSTEMIC_BEAR,5
20190812,SYSTEMIC_BEAR,6
20190813,SYSTEMIC_BEAR,7
20190814,SYSTEMIC_BEAR,8
20190815,SYSTEMIC_BEAR,9
20190816,SYSTEMIC_BEAR,10
20190819,SIDEWAYS_UP,1
20190820,SIDEWAYS_UP,2
20190821,SIDEWAYS_UP,3
20190822,SIDEWAYS_UP,4
20190823,SIDEWAYS,1
20190826,SIDEWAYS,2
20190827,SIDEWAYS_UP,1
20190828,SIDEWAYS_UP,2
20190829,SIDEWAYS_UP,3
20190830,SIDEWAYS_UP,4
20190902,SIDEWAYS_UP,5
20190903,SIDEWAYS,1
20190904,SIDEWAYS_UP,1
20190905,SIDEWAYS_UP,2
20190906,SIDEWAYS_UP,3
20190909,SYSTEMIC_BULL,1
20190910,SIDEWAYS,1
20190911,SIDEWAYS,2
20190912,SIDEWAYS,3
20190916,SIDEWAYS,4
20190917,SIDEWAYS,5
20190918,SIDEWAYS,6
20190919,SIDEWAYS,7
20190920,SIDEWAYS,8
20190923,SIDEWAYS,9
20190924,SIDEWAYS,10
20190925,SIDEWAYS,11
20190926,SIDEWAYS,12
20190927,SIDEWAYS,13
20190930,SIDEWAYS,14
20191008,SIDEWAYS,15
20191009,SIDEWAYS,16
20191010,SIDEWAYS,17
20191011,SIDEWAYS,18
20191014,SIDEWAYS,19
20191015,SIDEWAYS,20
20191016,SIDEWAYS,21
20191017,SIDEWAYS,22
20191018,SIDEWAYS,23
20191021,SIDEWAYS,24
20191022,SIDEWAYS,25
20191023,SIDEWAYS,26
20191024,SIDEWAYS,27
20191025,SIDEWAYS,28
20191028,SYSTEMIC_BULL,1
20191029,SIDEWAYS,1
20191030,SIDEWAYS,2
20191031,SIDEWAYS,3
20191101,SYSTEMIC_BULL,1
20191104,SYSTEMIC_BULL,2
20191105,SYSTEMIC_BULL,3
20191106,SIDEWAYS,1
20191107,SIDEWAYS,2
20191108,SIDEWAYS,3
20191111,SIDEWAYS,4
20191112,SIDEWAYS,5
20191113,SIDEWAYS,6
20191114,SIDEWAYS,7
20191115,SIDEWAYS,8
20191118,SIDEWAYS,9
20191119,SIDEWAYS,10
20191120,SIDEWAYS,11
20191121,SIDEWAYS,12
20191122,SYSTEMIC_BEAR,1
20191125,SYSTEMIC_BEAR,2
20191126,SYSTEMIC_BEAR,3
20191127,SYSTEMIC_BEAR,4
20191128,SYSTEMIC_BEAR,5
20191129,SYSTEMIC_BEAR,6
20191202,SYSTEMIC_BEAR,7
20191203,SYSTEMIC_BEAR,8
20191204,SYSTEMIC_BEAR,9
20191205,SYSTEMIC_BEAR,10
20191206,SYSTEMIC_BEAR,11
20191209,SYSTEMIC_BEAR,12
20191210,SYSTEMIC_BEAR,13
20191211,SYSTEMIC_BEAR,14
20191212,SYSTEMIC_BEAR,15
20191213,SIDEWAYS_UP,1
20191216,SIDEWAYS_UP,2
20191217,SIDEWAYS_UP,3
20191218,SIDEWAYS_UP,4
20191219,SIDEWAYS,1
20191220,SIDEWAYS,2
20191223,SIDEWAYS,3
20191224,SIDEWAYS,4
20191225,SIDEWAYS,5
20191226,SIDEWAYS,6
20191227,SYSTEMIC_BULL,1
20191230,SYSTEMIC_BULL,2
20191231,SIDEWAYS,1
20200102,SYSTEMIC_BULL,1
20200103,SYSTEMIC_BULL,2
20200106,SYSTEMIC_BULL,3
20200107,SIDEWAYS,1
20200108,SIDEWAYS,2
20200109,SIDEWAYS,3
20200110,SIDEWAYS,4
20200113,SIDEWAYS,5
20200114,SIDEWAYS,6
20200115,SIDEWAYS,7
20200116,SIDEWAYS,8
20200117,SIDEWAYS,9
20200120,SIDEWAYS,10
20200121,SIDEWAYS,11
20200122,SIDEWAYS,12
20200123,SIDEWAYS,13
20200203,SYSTEMIC_BEAR,1
20200204,SYSTEMIC_BEAR,2
20200205,SYSTEMIC_BEAR,3
20200206,SYSTEMIC_BEAR,4
20200207,SYSTEMIC_BEAR,5
20200210,SYSTEMIC_BEAR,6
20200211,SYSTEMIC_BEAR,7
20200212,SYSTEMIC_BEAR,8
20200213,SYSTEMIC_BEAR,9
20200214,SYSTEMIC_BEAR,10
20200217,SYSTEMIC_BULL,1
20200218,SIDEWAYS,1
20200219,SIDEWAYS,2
20200220,SYSTEMIC_BULL,1
20200221,SIDEWAYS_UP,1
20200224,SIDEWAYS_UP,2
20200225,SIDEWAYS_UP,3
20200226,SIDEWAYS_UP,4
20200227,SIDEWAYS,1
20200228,SYSTEMIC_BEAR,1
20200302,SIDEWAYS,1
20200303,SIDEWAYS,2
20200304,SIDEWAYS,3
20200305,SYSTEMIC_BULL,1
20200306,SIDEWAYS,1
20200309,SYSTEMIC_BEAR,1
20200310,SYSTEMIC_BEAR,2
20200311,SYSTEMIC_BEAR,3
20200312,SYSTEMIC_BEAR,4
20200313,SYSTEMIC_BEAR,5
20200316,SYSTEMIC_BEAR,6
20200317,SYSTEMIC_BEAR,7
20200318,SYSTEMIC_BEAR,8
20200319,SYSTEMIC_BEAR,9
20200320,SYSTEMIC_BEAR,10
20200323,SYSTEMIC_BEAR,11
20200324,SYSTEMIC_BEAR,12
20200325,SYSTEMIC_BEAR,13
20200326,SYSTEMIC_BEAR,14
20200327,SYSTEMIC_BEAR,15
20200330,SYSTEMIC_BEAR,16
20200331,SYSTEMIC_BEAR,17
20200401,SYSTEMIC_BEAR,18
20200402,SYSTEMIC_BEAR,19
20200403,SYSTEMIC_BEAR,20
20200407,SYSTEMIC_BEAR,21
20200408,SYSTEMIC_BEAR,22
20200409,SYSTEMIC_BEAR,23
20200410,SYSTEMIC_BEAR,24
20200413,SYSTEMIC_BEAR,25
20200414,SYSTEMIC_BEAR,26
20200415,SYSTEMIC_BEAR,27
20200416,SYSTEMIC_BEAR,28
20200417,SYSTEMIC_BEAR,29
20200420,SYSTEMIC_BEAR,30
20200421,SYSTEMIC_BEAR,31
20200422,SYSTEMIC_BEAR,32
20200423,SYSTEMIC_BEAR,33
20200424,SYSTEMIC_BEAR,34
20200427,SYSTEMIC_BEAR,35
20200428,SYSTEMIC_BEAR,36
20200429,SYSTEMIC_BEAR,37
20200430,SYSTEMIC_BEAR,38
20200506,SIDEWAYS_UP,1
20200507,SIDEWAYS,1
20200508,SIDEWAYS,2
20200511,SIDEWAYS,3
20200512,SIDEWAYS,4
20200513,SIDEWAYS,5
20200514,SIDEWAYS,6
20200515,SIDEWAYS,7
20200518,SIDEWAYS,8
20200519,SIDEWAYS,9
20200520,SIDEWAYS,10
20200521,SIDEWAYS,11
20200522,SIDEWAYS,12
20200525,SIDEWAYS,13
20200526,SIDEWAYS,14
20200527,SIDEWAYS,15
20200528,SIDEWAYS,16
20200529,SIDEWAYS,17
20200601,SYSTEMIC_BULL,1
20200602,SYSTEMIC_BULL,2
20200603,SYSTEMIC_BULL,3
20200604,SIDEWAYS,1
20200605,SIDEWAYS,2
20200608,SYSTEMIC_BULL,1
20200609,SIDEWAYS,1
20200610,SIDEWAYS,2
20200611,SYSTEMIC_BULL,1
20200612,SIDEWAYS,1
20200615,SYSTEMIC_BULL,1
20200616,SIDEWAYS,1
20200617,SIDEWAYS,2
20200618,SYSTEMIC_BULL,1
20200619,SYSTEMIC_BULL,2
20200622,SYSTEMIC_BULL,3
20200623,SYSTEMIC_BULL,4
20200624,SIDEWAYS,1
20200629,SIDEWAYS,2
20200630,SIDEWAYS,3
20200701,SYSTEMIC_BULL,1
20200702,SYSTEMIC_BULL,2
20200703,SYSTEMIC_BULL,3
20200706,SYSTEMIC_BULL,4
20200707,SYSTEMIC_BULL,5
20200708,SYSTEMIC_BULL,6
20200709,SYSTEMIC_BULL,7
20200710,SYSTEMIC_BULL,8
20200713,SYSTEMIC_BULL,9
20200714,SYSTEMIC_BULL,10
20200715,SYSTEMIC_BULL,11
20200716,SYSTEMIC_BULL,12
20200717,SIDEWAYS,1
20200720,SIDEWAYS,2
20200721,SIDEWAYS,3
20200722,SIDEWAYS,4
20200723,SIDEWAYS,5
20200724,SIDEWAYS,6
20200727,SIDEWAYS,7
20200728,SIDEWAYS,8
20200729,SIDEWAYS,9
20200730,SIDEWAYS,10
20200731,SIDEWAYS,11
20200803,SIDEWAYS,12
20200804,SIDEWAYS,13
20200805,SIDEWAYS,14
20200806,SIDEWAYS,15
20200807,SIDEWAYS,16
20200810,SIDEWAYS,17
20200811,SIDEWAYS,18
20200812,SIDEWAYS,19
20200813,SIDEWAYS,20
20200814,SIDEWAYS,21
20200817,SIDEWAYS,22
20200818,SIDEWAYS,23
20200819,SIDEWAYS,24
20200820,SIDEWAYS,25
20200821,SIDEWAYS,26
20200824,SIDEWAYS,27
20200825,SIDEWAYS,28
20200826,SIDEWAYS,29
20200827,SIDEWAYS,30
20200828,SIDEWAYS,31
20200831,SIDEWAYS,32
20200901,SIDEWAYS,33
20200902,SIDEWAYS,34
20200903,SIDEWAYS,35
20200904,SIDEWAYS,36
20200907,SIDEWAYS,37
20200908,SIDEWAYS,38
20200909,SIDEWAYS,39
20200910,SIDEWAYS,40
20200911,SIDEWAYS,41
20200914,SIDEWAYS,42
20200915,SIDEWAYS,43
20200916,SIDEWAYS,44
20200917,SIDEWAYS,45
20200918,SIDEWAYS,46
20200921,SIDEWAYS,47
20200922,SYSTEMIC_BEAR,1
20200923,SYSTEMIC_BEAR,2
20200924,SYSTEMIC_BEAR,3
20200925,SYSTEMIC_BEAR,4
20200928,SYSTEMIC_BEAR,5
20200929,SYSTEMIC_BEAR,6
20200930,SYSTEMIC_BEAR,7
20201009,SYSTEMIC_BEAR,8
20201012,SIDEWAYS_UP,1
20201013,SIDEWAYS,1
20201014,SIDEWAYS,2
20201015,SIDEWAYS,3
20201016,SIDEWAYS,4
20201019,SIDEWAYS,5
20201020,SIDEWAYS,6
20201021,SIDEWAYS,7
20201022,SIDEWAYS,8
20201023,SIDEWAYS,9
20201026,SIDEWAYS,10
20201027,SIDEWAYS,11
20201028,SIDEWAYS,12
20201029,SYSTEMIC_BULL,1
20201030,SIDEWAYS_DOWN,1
20201102,SIDEWAYS_DOWN,2
20201103,SIDEWAYS,1
20201104,SIDEWAYS,2
20201105,SYSTEMIC_BULL,1
20201106,SYSTEMIC_BULL,2
20201109,SYSTEMIC_BULL,3
20201110,SYSTEMIC_BULL,4
20201111,SYSTEMIC_BULL,5
20201112,SIDEWAYS,1
20201113,SIDEWAYS,2
20201116,SIDEWAYS,3
20201117,SIDEWAYS,4
20201118,SIDEWAYS,5
20201119,SIDEWAYS,6
20201120,SIDEWAYS,7
20201123,SYSTEMIC_BULL,1
20201124,SIDEWAYS,1
20201125,SIDEWAYS,2
20201126,SIDEWAYS,3
20201127,SIDEWAYS,4
20201130,SYSTEMIC_BULL,1
20201201,SIDEWAYS,1
20201202,SIDEWAYS,2
20201203,SIDEWAYS,3
20201204,SIDEWAYS,4
20201207,SIDEWAYS,5
20201208,SIDEWAYS,6
20201209,SIDEWAYS,7
20201210,SIDEWAYS,8
20201211,SIDEWAYS,9
20201214,SIDEWAYS,10
20201215,SIDEWAYS,11
20201216,SIDEWAYS,12
20201217,SIDEWAYS,13
20201218,SIDEWAYS,14
20201221,SIDEWAYS,15
20201222,SIDEWAYS,16
20201223,SIDEWAYS,17
20201224,SIDEWAYS,18
20201225,SIDEWAYS,19
20201228,SIDEWAYS,20
20201229,SIDEWAYS,21
20201230,SIDEWAYS,22
20201231,SYSTEMIC_BULL,1
20210104,SYSTEMIC_BULL,2
20210105,SYSTEMIC_BULL,3
20210106,SYSTEMIC_BULL,4
20210107,SYSTEMIC_BULL,5
20210108,SYSTEMIC_BULL,6
20210111,SYSTEMIC_BULL,7
20210112,SYSTEMIC_BULL,8
20210113,SYSTEMIC_BULL,9
20210114,SYSTEMIC_BULL,10
20210115,SYSTEMIC_BULL,11
20210118,SIDEWAYS,1
20210119,SIDEWAYS,2
20210120,SIDEWAYS,3
20210121,SIDEWAYS,4
20210122,SIDEWAYS,5
20210125,SIDEWAYS,6
20210126,SIDEWAYS,7
20210127,SIDEWAYS,8
20210128,SIDEWAYS,9
20210129,SIDEWAYS,10
20210201,SIDEWAYS,11
20210202,SIDEWAYS,12
20210203,SIDEWAYS,13
20210204,SIDEWAYS,14
20210205,SIDEWAYS,15
20210208,SIDEWAYS,16
20210209,SIDEWAYS,17
20210210,SIDEWAYS,18
20210218,SYSTEMIC_BULL,1
20210219,SIDEWAYS,1
20210222,SYSTEMIC_BULL,1
20210223,SIDEWAYS,1
20210224,SIDEWAYS,2
20210225,SIDEWAYS,3
20210226,SIDEWAYS,4
20210301,SIDEWAYS,5
20210302,SIDEWAYS,6
20210303,SIDEWAYS,7
20210304,SIDEWAYS,8
20210305,SYSTEMIC_BEAR,1
20210308,SYSTEMIC_BEAR,2
20210309,SYSTEMIC_BEAR,3
20210310,SYSTEMIC_BEAR,4
20210311,SYSTEMIC_BEAR,5
20210312,SYSTEMIC_BEAR,6
20210315,SYSTEMIC_BEAR,7
20210316,SYSTEMIC_BEAR,8
20210317,SYSTEMIC_BEAR,9
20210318,SYSTEMIC_BEAR,10
20210319,SYSTEMIC_BEAR,11
20210322,SYSTEMIC_BEAR,12
20210323,SYSTEMIC_BEAR,13
20210324,SYSTEMIC_BEAR,14
20210325,SYSTEMIC_BEAR,15
20210326,SYSTEMIC_BEAR,16
20210329,SYSTEMIC_BEAR,17
20210330,SYSTEMIC_BEAR,18
20210331,SYSTEMIC_BEAR,19
20210401,SYSTEMIC_BEAR,20
20210402,SYSTEMIC_BEAR,21
20210406,SYSTEMIC_BEAR,22
20210407,SYSTEMIC_BEAR,23
20210408,SYSTEMIC_BEAR,24
20210409,SYSTEMIC_BEAR,25
20210412,SYSTEMIC_BEAR,26
20210413,SYSTEMIC_BEAR,27
20210414,SYSTEMIC_BEAR,28
20210415,SYSTEMIC_BEAR,29
20210416,SYSTEMIC_BEAR,30
20210419,SYSTEMIC_BEAR,31
20210420,SYSTEMIC_BEAR,32
20210421,SYSTEMIC_BEAR,33
20210422,SYSTEMIC_BEAR,34
20210423,SYSTEMIC_BEAR,35
20210426,SYSTEMIC_BEAR,36
20210427,SYSTEMIC_BEAR,37
20210428,SYSTEMIC_BEAR,38
20210429,SYSTEMIC_BEAR,39
20210430,SYSTEMIC_BEAR,40
20210506,SYSTEMIC_BEAR,41
20210507,SYSTEMIC_BEAR,42
20210510,SYSTEMIC_BEAR,43
20210511,SYSTEMIC_BEAR,44
20210512,SYSTEMIC_BEAR,45
20210513,SYSTEMIC_BEAR,46
20210514,SYSTEMIC_BEAR,47
20210517,SYSTEMIC_BEAR,48
20210518,SYSTEMIC_BEAR,49
20210519,SYSTEMIC_BEAR,50
20210520,SIDEWAYS,1
20210521,SIDEWAYS,2
20210524,SIDEWAYS,3
20210525,SYSTEMIC_BULL,1
20210526,SIDEWAYS,1
20210527,SIDEWAYS,2
20210528,SIDEWAYS,3
20210531,SIDEWAYS,4
20210601,SIDEWAYS,5
20210602,SIDEWAYS,6
20210603,SIDEWAYS,7
20210604,SIDEWAYS,8
20210607,SIDEWAYS,9
20210608,SIDEWAYS,10
20210609,SIDEWAYS,11
20210610,SIDEWAYS,12
20210611,SYSTEMIC_BULL,1
20210615,SIDEWAYS_DOWN,1
20210616,SIDEWAYS_DOWN,2
20210617,SIDEWAYS_DOWN,3
20210618,SIDEWAYS_DOWN,4
20210621,SIDEWAYS_DOWN,5
20210622,SIDEWAYS_DOWN,6
20210623,SIDEWAYS_DOWN,7
20210624,SIDEWAYS_DOWN,8
20210625,SIDEWAYS,1
20210628,SIDEWAYS,2
20210629,SIDEWAYS,3
20210630,SIDEWAYS,4
20210701,SIDEWAYS,5
20210702,SYSTEMIC_BEAR,1
20210705,SYSTEMIC_BEAR,2
20210706,SYSTEMIC_BEAR,3
20210707,SYSTEMIC_BEAR,4
20210708,SYSTEMIC_BEAR,5
20210709,SYSTEMIC_BEAR,6
20210712,SYSTEMIC_BEAR,7
20210713,SYSTEMIC_BEAR,8
20210714,SYSTEMIC_BEAR,9
20210715,SYSTEMIC_BEAR,10
20210716,SYSTEMIC_BEAR,11
20210719,SYSTEMIC_BEAR,12
20210720,SYSTEMIC_BEAR,13
20210721,SYSTEMIC_BEAR,14
20210722,SYSTEMIC_BEAR,15
20210723,SYSTEMIC_BEAR,16
20210726,SYSTEMIC_BEAR,17
20210727,SYSTEMIC_BEAR,18
20210728,SYSTEMIC_BEAR,19
20210729,SYSTEMIC_BEAR,20
20210730,SYSTEMIC_BEAR,21
20210802,SYSTEMIC_BEAR,22
20210803,SYSTEMIC_BEAR,23
20210804,SYSTEMIC_BEAR,24
20210805,SYSTEMIC_BEAR,25
20210806,SYSTEMIC_BEAR,26
20210809,SYSTEMIC_BEAR,27
20210810,SYSTEMIC_BEAR,28
20210811,SYSTEMIC_BEAR,29
20210812,SYSTEMIC_BEAR,30
20210813,SYSTEMIC_BEAR,31
20210816,SYSTEMIC_BEAR,32
20210817,SYSTEMIC_BEAR,33
20210818,SYSTEMIC_BEAR,34
20210819,SYSTEMIC_BEAR,35
20210820,SYSTEMIC_BEAR,36
20210823,SYSTEMIC_BEAR,37
20210824,SYSTEMIC_BEAR,38
20210825,SYSTEMIC_BEAR,39
20210826,SYSTEMIC_BEAR,40
20210827,SYSTEMIC_BEAR,41
20210830,SYSTEMIC_BEAR,42
20210831,SYSTEMIC_BEAR,43
20210901,SYSTEMIC_BEAR,44
20210902,SYSTEMIC_BEAR,45
20210903,SYSTEMIC_BEAR,46
20210906,SYSTEMIC_BEAR,47
20210907,SYSTEMIC_BEAR,48
20210908,SYSTEMIC_BEAR,49
20210909,SYSTEMIC_BEAR,50
20210910,SYSTEMIC_BEAR,51
20210913,SYSTEMIC_BEAR,52
20210914,SYSTEMIC_BEAR,53
20210915,SYSTEMIC_BEAR,54
20210916,SYSTEMIC_BEAR,55
20210917,SYSTEMIC_BEAR,56
20210922,SYSTEMIC_BEAR,57
20210923,SYSTEMIC_BEAR,58
20210924,SYSTEMIC_BEAR,59
20210927,SYSTEMIC_BEAR,60
20210928,SYSTEMIC_BEAR,61
20210929,SYSTEMIC_BEAR,62
20210930,SYSTEMIC_BEAR,63
20211008,SYSTEMIC_BEAR,64
20211011,SYSTEMIC_BEAR,65
20211012,SYSTEMIC_BEAR,66
20211013,SYSTEMIC_BEAR,67
20211014,SYSTEMIC_BEAR,68
20211015,SYSTEMIC_BEAR,69
20211018,SYSTEMIC_BEAR,70
20211019,SYSTEMIC_BEAR,71
20211020,SYSTEMIC_BEAR,72
20211021,SYSTEMIC_BEAR,73
20211022,SIDEWAYS,1
20211025,SIDEWAYS,2
20211026,SIDEWAYS,3
20211027,SIDEWAYS,4
20211028,SIDEWAYS,5
20211029,SIDEWAYS,6
20211101,SIDEWAYS,7
20211102,SYSTEMIC_BEAR,1
20211103,SYSTEMIC_BEAR,2
20211104,SYSTEMIC_BEAR,3
20211105,SYSTEMIC_BEAR,4
20211108,SYSTEMIC_BEAR,5
20211109,SYSTEMIC_BEAR,6
20211110,SYSTEMIC_BEAR,7
20211111,SYSTEMIC_BEAR,8
20211112,SYSTEMIC_BEAR,9
20211115,SYSTEMIC_BEAR,10
20211116,SYSTEMIC_BEAR,11
20211117,SYSTEMIC_BEAR,12
20211118,SYSTEMIC_BEAR,13
20211119,SYSTEMIC_BEAR,14
20211122,SYSTEMIC_BEAR,15
20211123,SYSTEMIC_BEAR,16
20211124,SYSTEMIC_BEAR,17
20211125,SYSTEMIC_BEAR,18
20211126,SYSTEMIC_BEAR,19
20211129,SYSTEMIC_BEAR,20
20211130,SYSTEMIC_BEAR,21
20211201,SYSTEMIC_BEAR,22
20211202,SYSTEMIC_BEAR,23
20211203,SYSTEMIC_BEAR,24
20211206,SYSTEMIC_BEAR,25
20211207,SYSTEMIC_BEAR,26
20211208,SIDEWAYS,1
20211209,SYSTEMIC_BULL,1
20211210,SYSTEMIC_BULL,2
20211213,SYSTEMIC_BULL,3
20211214,SIDEWAYS,1
20211215,SIDEWAYS,2
20211216,SIDEWAYS,3
20211217,SIDEWAYS,4
20211220,SIDEWAYS,5
20211221,SIDEWAYS,6
20211222,SIDEWAYS,7
20211223,SIDEWAYS,8
20211224,SIDEWAYS,9
20211227,SIDEWAYS,10
20211228,SIDEWAYS,11
20211229,SIDEWAYS,12
20211230,SIDEWAYS,13
20211231,SIDEWAYS,14
20220104,SIDEWAYS,15
20220105,SIDEWAYS,16
20220106,SYSTEMIC_BEAR,1
20220107,SYSTEMIC_BEAR,2
20220110,SYSTEMIC_BEAR,3
20220111,SYSTEMIC_BEAR,4
20220112,SYSTEMIC_BEAR,5
20220113,SYSTEMIC_BEAR,6
20220114,SYSTEMIC_BEAR,7
20220117,SYSTEMIC_BEAR,8
20220118,SYSTEMIC_BEAR,9
20220119,SYSTEMIC_BEAR,10
20220120,SYSTEMIC_BEAR,11
20220121,SYSTEMIC_BEAR,12
20220124,SYSTEMIC_BEAR,13
20220125,SYSTEMIC_BEAR,14
20220126,SYSTEMIC_BEAR,15
20220127,SYSTEMIC_BEAR,16
20220128,SYSTEMIC_BEAR,17
20220207,SYSTEMIC_BEAR,18
20220208,SYSTEMIC_BEAR,19
20220209,SYSTEMIC_BEAR,20
20220210,SYSTEMIC_BEAR,21
20220211,SYSTEMIC_BEAR,22
20220214,SYSTEMIC_BEAR,23
20220215,SYSTEMIC_BEAR,24
20220216,SYSTEMIC_BEAR,25
20220217,SYSTEMIC_BEAR,26
20220218,SYSTEMIC_BEAR,27
20220221,SYSTEMIC_BEAR,28
20220222,SYSTEMIC_BEAR,29
20220223,SYSTEMIC_BEAR,30
20220224,SYSTEMIC_BEAR,31
20220225,SYSTEMIC_BEAR,32
20220228,SYSTEMIC_BEAR,33
20220301,SYSTEMIC_BEAR,34
20220302,SYSTEMIC_BEAR,35
20220303,SYSTEMIC_BEAR,36
20220304,SYSTEMIC_BEAR,37
20220307,SYSTEMIC_BEAR,38
20220308,SYSTEMIC_BEAR,39
20220309,SYSTEMIC_BEAR,40
20220310,SYSTEMIC_BEAR,41
20220311,SYSTEMIC_BEAR,42
20220314,SYSTEMIC_BEAR,43
20220315,SYSTEMIC_BEAR,44
20220316,SYSTEMIC_BEAR,45
20220317,SYSTEMIC_BEAR,46
20220318,SYSTEMIC_BEAR,47
20220321,SYSTEMIC_BEAR,48
20220322,SYSTEMIC_BEAR,49
20220323,SYSTEMIC_BEAR,50
20220324,SYSTEMIC_BEAR,51
20220325,SYSTEMIC_BEAR,52
20220328,SYSTEMIC_BEAR,53
20220329,SYSTEMIC_BEAR,54
20220330,SYSTEMIC_BEAR,55
20220331,SYSTEMIC_BEAR,56
20220401,SYSTEMIC_BEAR,57
20220406,SYSTEMIC_BEAR,58
20220407,SYSTEMIC_BEAR,59
20220408,SYSTEMIC_BEAR,60
20220411,SYSTEMIC_BEAR,61
20220412,SYSTEMIC_BEAR,62
20220413,SYSTEMIC_BEAR,63
20220414,SYSTEMIC_BEAR,64
20220415,SYSTEMIC_BEAR,65
20220418,SYSTEMIC_BEAR,66
20220419,SYSTEMIC_BEAR,67
20220420,SYSTEMIC_BEAR,68
20220421,SYSTEMIC_BEAR,69
20220422,SYSTEMIC_BEAR,70
20220425,SYSTEMIC_BEAR,71
20220426,SYSTEMIC_BEAR,72
20220427,SYSTEMIC_BEAR,73
20220428,SYSTEMIC_BEAR,74
20220429,SYSTEMIC_BEAR,75
20220505,SYSTEMIC_BEAR,76
20220506,SYSTEMIC_BEAR,77
20220509,SYSTEMIC_BEAR,78
20220510,SYSTEMIC_BEAR,79
20220511,SYSTEMIC_BEAR,80
20220512,SYSTEMIC_BEAR,81
20220513,SYSTEMIC_BEAR,82
20220516,SYSTEMIC_BEAR,83
20220517,SYSTEMIC_BEAR,84
20220518,SYSTEMIC_BEAR,85
20220519,SYSTEMIC_BEAR,86
20220520,SYSTEMIC_BEAR,87
20220523,SYSTEMIC_BEAR,88
20220524,SYSTEMIC_BEAR,89
20220525,SYSTEMIC_BEAR,90
20220526,SYSTEMIC_BEAR,91
20220527,SYSTEMIC_BEAR,92
20220530,SYSTEMIC_BEAR,93
20220531,SYSTEMIC_BEAR,94
20220601,SYSTEMIC_BEAR,95
20220602,SYSTEMIC_BEAR,96
20220606,SIDEWAYS_UP,1
20220607,SIDEWAYS_UP,2
20220608,SIDEWAYS_UP,3
20220609,SIDEWAYS_UP,4
20220610,SIDEWAYS_UP,5
20220613,SIDEWAYS_UP,6
20220614,SIDEWAYS_UP,7
20220615,SYSTEMIC_BULL,1
20220616,SYSTEMIC_BULL,2
20220617,SYSTEMIC_BULL,3
20220620,SYSTEMIC_BULL,4
20220621,SIDEWAYS,1
20220622,SIDEWAYS,2
20220623,SIDEWAYS,3
20220624,SIDEWAYS,4
20220627,SYSTEMIC_BULL,1
20220628,SIDEWAYS,1
20220629,SIDEWAYS,2
20220630,SIDEWAYS,3
20220701,SIDEWAYS,4
20220704,SIDEWAYS,5
20220705,SIDEWAYS,6
20220706,SIDEWAYS,7
20220707,SIDEWAYS,8
20220708,SIDEWAYS,9
20220711,SIDEWAYS,10
20220712,SIDEWAYS,11
20220713,SIDEWAYS,12
20220714,SIDEWAYS,13
20220715,SIDEWAYS,14
20220718,SIDEWAYS,15
20220719,SIDEWAYS,16
20220720,SIDEWAYS,17
20220721,SIDEWAYS,18
20220722,SIDEWAYS,19
20220725,SIDEWAYS,20
20220726,SIDEWAYS,21
20220727,SIDEWAYS,22
20220728,SIDEWAYS,23
20220729,SIDEWAYS,24
20220801,SIDEWAYS,25
20220802,SYSTEMIC_BEAR,1
20220803,SYSTEMIC_BEAR,2
20220804,SYSTEMIC_BEAR,3
20220805,SYSTEMIC_BEAR,4
20220808,SYSTEMIC_BEAR,5
20220809,SYSTEMIC_BEAR,6
20220810,SYSTEMIC_BEAR,7
20220811,SYSTEMIC_BEAR,8
20220812,SYSTEMIC_BEAR,9
20220815,SYSTEMIC_BEAR,10
20220816,SYSTEMIC_BEAR,11
20220817,SYSTEMIC_BEAR,12
20220818,SYSTEMIC_BEAR,13
20220819,SYSTEMIC_BEAR,14
20220822,SYSTEMIC_BEAR,15
20220823,SYSTEMIC_BEAR,16
20220824,SYSTEMIC_BEAR,17
20220825,SYSTEMIC_BEAR,18
20220826,SYSTEMIC_BEAR,19
20220829,SYSTEMIC_BEAR,20
20220830,SYSTEMIC_BEAR,21
20220831,SYSTEMIC_BEAR,22
20220901,SYSTEMIC_BEAR,23
20220902,SYSTEMIC_BEAR,24
20220905,SYSTEMIC_BEAR,25
20220906,SYSTEMIC_BEAR,26
20220907,SYSTEMIC_BEAR,27
20220908,SYSTEMIC_BEAR,28
20220909,SYSTEMIC_BEAR,29
20220913,SYSTEMIC_BEAR,30
20220914,SYSTEMIC_BEAR,31
20220915,SYSTEMIC_BEAR,32
20220916,SYSTEMIC_BEAR,33
20220919,SYSTEMIC_BEAR,34
20220920,SYSTEMIC_BEAR,35
20220921,SYSTEMIC_BEAR,36
20220922,SYSTEMIC_BEAR,37
20220923,SYSTEMIC_BEAR,38
20220926,SYSTEMIC_BEAR,39
20220927,SYSTEMIC_BEAR,40
20220928,SYSTEMIC_BEAR,41
20220929,SYSTEMIC_BEAR,42
20220930,SYSTEMIC_BEAR,43
20221010,SYSTEMIC_BEAR,44
20221011,SYSTEMIC_BEAR,45
20221012,SYSTEMIC_BEAR,46
20221013,SYSTEMIC_BEAR,47
20221014,SYSTEMIC_BEAR,48
20221017,SYSTEMIC_BEAR,49
20221018,SYSTEMIC_BEAR,50
20221019,SYSTEMIC_BEAR,51
20221020,SYSTEMIC_BEAR,52
20221021,SYSTEMIC_BEAR,53
20221024,SYSTEMIC_BEAR,54
20221025,SYSTEMIC_BEAR,55
20221026,SYSTEMIC_BEAR,56
20221027,SYSTEMIC_BEAR,57
20221028,SYSTEMIC_BEAR,58
20221031,SYSTEMIC_BEAR,59
20221101,SYSTEMIC_BEAR,60
20221102,SYSTEMIC_BEAR,61
20221103,SYSTEMIC_BEAR,62
20221104,SYSTEMIC_BEAR,63
20221107,SYSTEMIC_BEAR,64
20221108,SYSTEMIC_BEAR,65
20221109,SYSTEMIC_BEAR,66
20221110,SYSTEMIC_BEAR,67
20221111,SYSTEMIC_BEAR,68
20221114,SYSTEMIC_BEAR,69
20221115,SYSTEMIC_BEAR,70
20221116,SYSTEMIC_BEAR,71
20221117,SYSTEMIC_BEAR,72
20221118,SYSTEMIC_BEAR,73
20221121,SYSTEMIC_BEAR,74
20221122,SYSTEMIC_BEAR,75
20221123,SYSTEMIC_BEAR,76
20221124,SYSTEMIC_BEAR,77
20221125,SYSTEMIC_BEAR,78
20221128,SYSTEMIC_BEAR,79
20221129,SYSTEMIC_BEAR,80
20221130,SYSTEMIC_BEAR,81
20221201,SIDEWAYS_UP,1
20221202,SIDEWAYS,1
20221205,SIDEWAYS_UP,1
20221206,SIDEWAYS,1
20221207,SIDEWAYS,2
20221208,SIDEWAYS,3
20221209,SIDEWAYS,4
20221212,SIDEWAYS,5
20221213,SIDEWAYS,6
20221214,SIDEWAYS,7
20221215,SIDEWAYS,8
20221216,SIDEWAYS,9
20221219,SIDEWAYS,10
20221220,SIDEWAYS,11
20221221,SIDEWAYS,12
20221222,SIDEWAYS,13
20221223,SIDEWAYS,14
20221226,SIDEWAYS,15
20221227,SIDEWAYS,16
20221228,SIDEWAYS,17
20221229,SIDEWAYS,18
20221230,SIDEWAYS,19
20230103,SIDEWAYS,20
20230104,SIDEWAYS,21
20230105,SYSTEMIC_BULL,1
20230106,SYSTEMIC_BULL,2
20230109,SYSTEMIC_BULL,3
20230110,SIDEWAYS,1
20230111,SIDEWAYS,2
20230112,SIDEWAYS,3
20230113,SIDEWAYS,4
20230116,SYSTEMIC_BULL,1
20230117,SIDEWAYS,1
20230118,SIDEWAYS,2
20230119,SIDEWAYS,3
20230120,SIDEWAYS,4
20230130,SYSTEMIC_BULL,1
20230131,SIDEWAYS,1
20230201,SYSTEMIC_BULL,1
20230202,SIDEWAYS,1
20230203,SIDEWAYS,2
20230206,SIDEWAYS,3
20230207,SIDEWAYS,4
20230208,SIDEWAYS,5
20230209,SIDEWAYS,6
20230210,SIDEWAYS,7
20230213,SIDEWAYS,8
20230214,SIDEWAYS,9
20230215,SIDEWAYS,10
20230216,SYSTEMIC_BULL,1
20230217,SIDEWAYS,1
20230220,SYSTEMIC_BULL,1
20230221,SIDEWAYS,1
20230222,SIDEWAYS,2
20230223,SIDEWAYS,3
20230224,SIDEWAYS,4
20230227,SIDEWAYS,5
20230228,SIDEWAYS,6
20230301,SIDEWAYS,7
20230302,SIDEWAYS,8
20230303,SIDEWAYS,9
20230306,SYSTEMIC_BULL,1
20230307,SIDEWAYS_DOWN,1
20230308,SIDEWAYS_DOWN,2
20230309,SIDEWAYS_DOWN,3
20230310,SYSTEMIC_BEAR,1
20230313,SYSTEMIC_BEAR,2
20230314,SYSTEMIC_BEAR,3
20230315,SYSTEMIC_BEAR,4
20230316,SYSTEMIC_BEAR,5
20230317,SYSTEMIC_BEAR,6
20230320,SYSTEMIC_BEAR,7
20230321,SYSTEMIC_BEAR,8
20230322,SYSTEMIC_BEAR,9
20230323,SYSTEMIC_BEAR,10
20230324,SYSTEMIC_BEAR,11
20230327,SYSTEMIC_BEAR,12
20230328,SYSTEMIC_BEAR,13
20230329,SYSTEMIC_BEAR,14
20230330,SYSTEMIC_BEAR,15
20230331,SYSTEMIC_BEAR,16
20230403,SYSTEMIC_BEAR,17
20230404,SYSTEMIC_BEAR,18
20230406,SYSTEMIC_BEAR,19
20230407,SIDEWAYS,1
20230410,SIDEWAYS,2
20230411,SIDEWAYS,3
20230412,SIDEWAYS,4
20230413,SIDEWAYS,5
20230414,SIDEWAYS,6
20230417,SIDEWAYS,7
20230418,SIDEWAYS,8
20230419,SIDEWAYS,9
20230420,SIDEWAYS,10
20230421,SYSTEMIC_BEAR,1
20230424,SYSTEMIC_BEAR,2
20230425,SYSTEMIC_BEAR,3
20230426,SYSTEMIC_BEAR,4
20230427,SYSTEMIC_BEAR,5
20230428,SYSTEMIC_BEAR,6
20230504,SYSTEMIC_BEAR,7
20230505,SYSTEMIC_BEAR,8
20230508,SYSTEMIC_BEAR,9
20230509,SYSTEMIC_BEAR,10
20230510,SYSTEMIC_BEAR,11
20230511,SYSTEMIC_BEAR,12
20230512,SYSTEMIC_BEAR,13
20230515,SYSTEMIC_BEAR,14
20230516,SYSTEMIC_BEAR,15
20230517,SYSTEMIC_BEAR,16
20230518,SYSTEMIC_BEAR,17
20230519,SYSTEMIC_BEAR,18
20230522,SYSTEMIC_BEAR,19
20230523,SYSTEMIC_BEAR,20
20230524,SYSTEMIC_BEAR,21
20230525,SYSTEMIC_BEAR,22
20230526,SYSTEMIC_BEAR,23
20230529,SYSTEMIC_BEAR,24
20230530,SYSTEMIC_BEAR,25
20230531,SYSTEMIC_BEAR,26
20230601,SYSTEMIC_BEAR,27
20230602,SYSTEMIC_BEAR,28
20230605,SYSTEMIC_BEAR,29
20230606,SYSTEMIC_BEAR,30
20230607,SYSTEMIC_BEAR,31
20230608,SYSTEMIC_BEAR,32
20230609,SYSTEMIC_BEAR,33
20230612,SYSTEMIC_BEAR,34
20230613,SYSTEMIC_BEAR,35
20230614,SYSTEMIC_BEAR,36
20230615,SYSTEMIC_BEAR,37
20230616,SYSTEMIC_BEAR,38
20230619,SYSTEMIC_BEAR,39
20230620,SYSTEMIC_BEAR,40
20230621,SYSTEMIC_BEAR,41
20230626,SYSTEMIC_BEAR,42
20230627,SYSTEMIC_BEAR,43
20230628,SYSTEMIC_BEAR,44
20230629,SYSTEMIC_BEAR,45
20230630,SYSTEMIC_BEAR,46
20230703,SYSTEMIC_BEAR,47
20230704,SYSTEMIC_BEAR,48
20230705,SYSTEMIC_BEAR,49
20230706,SYSTEMIC_BEAR,50
20230707,SYSTEMIC_BEAR,51
20230710,SYSTEMIC_BEAR,52
20230711,SYSTEMIC_BEAR,53
20230712,SYSTEMIC_BEAR,54
20230713,SYSTEMIC_BEAR,55
20230714,SYSTEMIC_BEAR,56
20230717,SYSTEMIC_BEAR,57
20230718,SYSTEMIC_BEAR,58
20230719,SYSTEMIC_BEAR,59
20230720,SYSTEMIC_BEAR,60
20230721,SYSTEMIC_BEAR,61
20230724,SYSTEMIC_BEAR,62
20230725,SYSTEMIC_BEAR,63
20230726,SYSTEMIC_BEAR,64
20230727,SYSTEMIC_BEAR,65
20230728,SIDEWAYS_UP,1
20230731,SIDEWAYS_UP,2
20230801,SIDEWAYS_UP,3
20230802,SIDEWAYS,1
20230803,SIDEWAYS,2
20230804,SYSTEMIC_BULL,1
20230807,SIDEWAYS,1
20230808,SIDEWAYS,2
20230809,SIDEWAYS,3
20230810,SIDEWAYS,4
20230811,SIDEWAYS,5
20230814,SIDEWAYS,6
20230815,SIDEWAYS,7
20230816,SYSTEMIC_BEAR,1
20230817,SYSTEMIC_BEAR,2
20230818,SYSTEMIC_BEAR,3
20230821,SYSTEMIC_BEAR,4
20230822,SYSTEMIC_BEAR,5
20230823,SYSTEMIC_BEAR,6
20230824,SYSTEMIC_BEAR,7
20230825,SYSTEMIC_BEAR,8
20230828,SYSTEMIC_BEAR,9
20230829,SYSTEMIC_BEAR,10
20230830,SYSTEMIC_BEAR,11
20230831,SYSTEMIC_BEAR,12
20230901,SYSTEMIC_BEAR,13
20230904,SYSTEMIC_BEAR,14
20230905,SYSTEMIC_BEAR,15
20230906,SYSTEMIC_BEAR,16
20230907,SYSTEMIC_BEAR,17
20230908,SYSTEMIC_BEAR,18
20230911,SYSTEMIC_BEAR,19
20230912,SYSTEMIC_BEAR,20
20230913,SYSTEMIC_BEAR,21
20230914,SYSTEMIC_BEAR,22
20230915,SYSTEMIC_BEAR,23
20230918,SYSTEMIC_BEAR,24
20230919,SYSTEMIC_BEAR,25
20230920,SYSTEMIC_BEAR,26
20230921,SYSTEMIC_BEAR,27
20230922,SYSTEMIC_BEAR,28
20230925,SYSTEMIC_BEAR,29
20230926,SYSTEMIC_BEAR,30
20230927,SYSTEMIC_BEAR,31
20230928,SYSTEMIC_BEAR,32
20231009,SYSTEMIC_BEAR,33
20231010,SYSTEMIC_BEAR,34
20231011,SYSTEMIC_BEAR,35
20231012,SYSTEMIC_BEAR,36
20231013,SYSTEMIC_BEAR,37
20231016,SYSTEMIC_BEAR,38
20231017,SYSTEMIC_BEAR,39
20231018,SYSTEMIC_BEAR,40
20231019,SYSTEMIC_BEAR,41
20231020,SYSTEMIC_BEAR,42
20231023,SYSTEMIC_BEAR,43
20231024,SYSTEMIC_BEAR,44
20231025,SYSTEMIC_BEAR,45
20231026,SYSTEMIC_BEAR,46
20231027,SYSTEMIC_BEAR,47
20231030,SYSTEMIC_BEAR,48
20231031,SYSTEMIC_BEAR,49
20231101,SYSTEMIC_BEAR,50
20231102,SYSTEMIC_BEAR,51
20231103,SYSTEMIC_BEAR,52
20231106,SYSTEMIC_BEAR,53
20231107,SYSTEMIC_BEAR,54
20231108,SYSTEMIC_BEAR,55
20231109,SYSTEMIC_BEAR,56
20231110,SYSTEMIC_BEAR,57
20231113,SYSTEMIC_BEAR,58
20231114,SYSTEMIC_BEAR,59
20231115,SYSTEMIC_BEAR,60
20231116,SYSTEMIC_BEAR,61
20231117,SYSTEMIC_BEAR,62
20231120,SYSTEMIC_BEAR,63
20231121,SYSTEMIC_BEAR,64
20231122,SYSTEMIC_BEAR,65
20231123,SYSTEMIC_BEAR,66
20231124,SYSTEMIC_BEAR,67
20231127,SYSTEMIC_BEAR,68
20231128,SYSTEMIC_BEAR,69
20231129,SYSTEMIC_BEAR,70
20231130,SYSTEMIC_BEAR,71
20231201,SYSTEMIC_BEAR,72
20231204,SYSTEMIC_BEAR,73
20231205,SYSTEMIC_BEAR,74
20231206,SYSTEMIC_BEAR,75
20231207,SYSTEMIC_BEAR,76
20231208,SYSTEMIC_BEAR,77
20231211,SYSTEMIC_BEAR,78
20231212,SYSTEMIC_BEAR,79
20231213,SYSTEMIC_BEAR,80
20231214,SYSTEMIC_BEAR,81
20231215,SYSTEMIC_BEAR,82
20231218,SYSTEMIC_BEAR,83
20231219,SYSTEMIC_BEAR,84
20231220,SYSTEMIC_BEAR,85
20231221,SYSTEMIC_BEAR,86
20231222,SYSTEMIC_BEAR,87
20231225,SYSTEMIC_BEAR,88
20231226,SYSTEMIC_BEAR,89
20231227,SYSTEMIC_BEAR,90
20231228,SYSTEMIC_BEAR,91
20231229,SYSTEMIC_BEAR,92
20240102,SYSTEMIC_BEAR,93
20240103,SYSTEMIC_BEAR,94
20240104,SYSTEMIC_BEAR,95
20240105,SYSTEMIC_BEAR,96
20240108,SYSTEMIC_BEAR,97
20240109,SYSTEMIC_BEAR,98
20240110,SYSTEMIC_BEAR,99
20240111,SYSTEMIC_BEAR,100
20240112,SYSTEMIC_BEAR,101
20240115,SYSTEMIC_BEAR,102
20240116,SYSTEMIC_BEAR,103
20240117,SYSTEMIC_BEAR,104
20240118,SYSTEMIC_BEAR,105
20240119,SYSTEMIC_BEAR,106
20240122,SYSTEMIC_BEAR,107
20240123,SYSTEMIC_BEAR,108
20240124,SYSTEMIC_BEAR,109
20240125,SYSTEMIC_BEAR,110
20240126,SYSTEMIC_BEAR,111
20240129,SYSTEMIC_BEAR,112
20240130,SYSTEMIC_BEAR,113
20240131,SYSTEMIC_BEAR,114
20240201,SYSTEMIC_BEAR,115
20240202,SYSTEMIC_BEAR,116
20240205,SYSTEMIC_BEAR,117
20240206,SYSTEMIC_BEAR,118
20240207,SYSTEMIC_BEAR,119
20240208,SYSTEMIC_BEAR,120
20240219,SIDEWAYS,1
20240220,SIDEWAYS,2
20240221,SIDEWAYS,3
20240222,SIDEWAYS,4
20240223,SIDEWAYS,5
20240226,SIDEWAYS,6
20240227,SIDEWAYS,7
20240228,SIDEWAYS_UP,1
20240229,SIDEWAYS,1
20240301,SIDEWAYS,2
20240304,SIDEWAYS,3
20240305,SIDEWAYS,4
20240306,SIDEWAYS,5
20240307,SIDEWAYS,6
20240308,SIDEWAYS,7
20240311,SIDEWAYS,8
20240312,SYSTEMIC_BULL,1
20240313,SIDEWAYS,1
20240314,SIDEWAYS,2
20240315,SIDEWAYS,3
20240318,SIDEWAYS,4
20240319,SIDEWAYS,5
20240320,SIDEWAYS,6
20240321,SIDEWAYS,7
20240322,SIDEWAYS,8
20240325,SIDEWAYS,9
20240326,SIDEWAYS,10
20240327,SIDEWAYS,11
20240328,SIDEWAYS,12
20240329,SIDEWAYS,13
20240401,SIDEWAYS,14
20240402,SIDEWAYS,15
20240403,SIDEWAYS,16
20240408,SIDEWAYS,17
20240409,SIDEWAYS,18
20240410,SIDEWAYS,19
20240411,SIDEWAYS,20
20240412,SIDEWAYS,21
20240415,SIDEWAYS,22
20240416,SIDEWAYS,23
20240417,SIDEWAYS,24
20240418,SIDEWAYS,25
20240419,SIDEWAYS,26
20240422,SIDEWAYS,27
20240423,SIDEWAYS,28
20240424,SIDEWAYS,29
20240425,SIDEWAYS,30
20240426,SYSTEMIC_BULL,1
20240429,SYSTEMIC_BULL,2
20240430,SYSTEMIC_BULL,3
20240506,SYSTEMIC_BULL,4
20240507,SIDEWAYS,1
20240508,SIDEWAYS,2
20240509,SIDEWAYS,3
20240510,SIDEWAYS,4
20240513,SIDEWAYS,5
20240514,SIDEWAYS,6
20240515,SIDEWAYS,7
20240516,SIDEWAYS,8
20240517,SIDEWAYS,9
20240520,SIDEWAYS,10
20240521,SIDEWAYS,11
20240522,SIDEWAYS,12
20240523,SIDEWAYS,13
20240524,SIDEWAYS,14
20240527,SIDEWAYS,15
20240528,SIDEWAYS,16
20240529,SIDEWAYS,17
20240530,SIDEWAYS,18
20240531,SIDEWAYS,19
20240603,SIDEWAYS,20
20240604,SIDEWAYS,21
20240605,SIDEWAYS,22
20240606,SIDEWAYS,23
20240607,SIDEWAYS,24
20240611,SYSTEMIC_BEAR,1
20240612,SYSTEMIC_BEAR,2
20240613,SYSTEMIC_BEAR,3
20240614,SYSTEMIC_BEAR,4
20240617,SYSTEMIC_BEAR,5
20240618,SYSTEMIC_BEAR,6
20240619,SYSTEMIC_BEAR,7
20240620,SYSTEMIC_BEAR,8
20240621,SYSTEMIC_BEAR,9
20240624,SYSTEMIC_BEAR,10
20240625,SYSTEMIC_BEAR,11
20240626,SYSTEMIC_BEAR,12
20240627,SYSTEMIC_BEAR,13
20240628,SYSTEMIC_BEAR,14
20240701,SYSTEMIC_BEAR,15
20240702,SYSTEMIC_BEAR,16
20240703,SYSTEMIC_BEAR,17
20240704,SYSTEMIC_BEAR,18
20240705,SYSTEMIC_BEAR,19
20240708,SYSTEMIC_BEAR,20
20240709,SYSTEMIC_BEAR,21
20240710,SYSTEMIC_BEAR,22
20240711,SYSTEMIC_BEAR,23
20240712,SYSTEMIC_BEAR,24
20240715,SYSTEMIC_BEAR,25
20240716,SYSTEMIC_BEAR,26
20240717,SYSTEMIC_BEAR,27
20240718,SYSTEMIC_BEAR,28
20240719,SYSTEMIC_BEAR,29
20240722,SYSTEMIC_BEAR,30
20240723,SYSTEMIC_BEAR,31
20240724,SYSTEMIC_BEAR,32
20240725,SYSTEMIC_BEAR,33
20240726,SYSTEMIC_BEAR,34
20240729,SYSTEMIC_BEAR,35
20240730,SYSTEMIC_BEAR,36
20240731,SYSTEMIC_BEAR,37
20240801,SYSTEMIC_BEAR,38
20240802,SYSTEMIC_BEAR,39
20240805,SYSTEMIC_BEAR,40
20240806,SYSTEMIC_BEAR,41
20240807,SYSTEMIC_BEAR,42
20240808,SYSTEMIC_BEAR,43
20240809,SYSTEMIC_BEAR,44
20240812,SYSTEMIC_BEAR,45
20240813,SYSTEMIC_BEAR,46
20240814,SYSTEMIC_BEAR,47
20240815,SYSTEMIC_BEAR,48
20240816,SYSTEMIC_BEAR,49
20240819,SYSTEMIC_BEAR,50
20240820,SYSTEMIC_BEAR,51
20240821,SYSTEMIC_BEAR,52
20240822,SYSTEMIC_BEAR,53
20240823,SYSTEMIC_BEAR,54
20240826,SYSTEMIC_BEAR,55
20240827,SYSTEMIC_BEAR,56
20240828,SYSTEMIC_BEAR,57
20240829,SYSTEMIC_BEAR,58
20240830,SYSTEMIC_BEAR,59
20240902,SYSTEMIC_BEAR,60
20240903,SYSTEMIC_BEAR,61
20240904,SYSTEMIC_BEAR,62
20240905,SYSTEMIC_BEAR,63
20240906,SYSTEMIC_BEAR,64
20240909,SYSTEMIC_BEAR,65
20240910,SYSTEMIC_BEAR,66
20240911,SYSTEMIC_BEAR,67
20240912,SYSTEMIC_BEAR,68
20240913,SYSTEMIC_BEAR,69
20240918,SYSTEMIC_BEAR,70
20240919,SYSTEMIC_BEAR,71
20240920,SYSTEMIC_BEAR,72
20240923,SYSTEMIC_BEAR,73
20240924,SYSTEMIC_BEAR,74
20240925,SIDEWAYS_UP,1
20240926,SIDEWAYS_UP,2
20240927,SIDEWAYS_UP,3
20240930,SIDEWAYS_UP,4
20241008,SIDEWAYS_UP,5
20241009,SYSTEMIC_BULL,1
20241010,SYSTEMIC_BULL,2
20241011,SYSTEMIC_BULL,3
20241014,SYSTEMIC_BULL,4
20241015,SIDEWAYS,1
20241016,SIDEWAYS,2
20241017,SIDEWAYS,3
20241018,SYSTEMIC_BULL,1
20241021,SYSTEMIC_BULL,2
20241022,SIDEWAYS,1
20241023,SIDEWAYS,2
20241024,SIDEWAYS,3
20241025,SIDEWAYS,4
20241028,SIDEWAYS,5
20241029,SIDEWAYS,6
20241030,SIDEWAYS,7
20241031,SIDEWAYS,8
20241101,SIDEWAYS,9
20241104,SIDEWAYS,10
20241105,SIDEWAYS,11
20241106,SYSTEMIC_BULL,1
20241107,SYSTEMIC_BULL,2
20241108,SYSTEMIC_BULL,3
20241111,SYSTEMIC_BULL,4
20241112,SYSTEMIC_BULL,5
20241113,SIDEWAYS,1
20241114,SIDEWAYS,2
20241115,SIDEWAYS,3
20241118,SIDEWAYS,4
20241119,SIDEWAYS,5
20241120,SIDEWAYS,6
20241121,SIDEWAYS,7
20241122,SIDEWAYS,8
20241125,SIDEWAYS,9
20241126,SIDEWAYS,10
20241127,SIDEWAYS,11
20241128,SIDEWAYS,12
20241129,SIDEWAYS,13
20241202,SIDEWAYS,14
20241203,SIDEWAYS,15
20241204,SIDEWAYS,16
20241205,SIDEWAYS,17
20241206,SIDEWAYS,18
20241209,SIDEWAYS,19
20241210,SYSTEMIC_BULL,1
20241211,SIDEWAYS,1
20241212,SIDEWAYS,2
20241213,SYSTEMIC_BULL,1
20241216,SIDEWAYS,1
20241217,SIDEWAYS,2
20241218,SIDEWAYS,3
20241219,SIDEWAYS,4
20241220,SIDEWAYS,5
20241223,SIDEWAYS,6
20241224,SIDEWAYS,7
20241225,SIDEWAYS,8
20241226,SIDEWAYS,9
20241227,SIDEWAYS,10
20241230,SIDEWAYS,11
20241231,SIDEWAYS,12
20250102,SYSTEMIC_BEAR,1
20250103,SYSTEMIC_BEAR,2
20250106,SYSTEMIC_BEAR,3
20250107,SYSTEMIC_BEAR,4
20250108,SYSTEMIC_BEAR,5
20250109,SYSTEMIC_BEAR,6
20250110,SYSTEMIC_BEAR,7
20250113,SYSTEMIC_BEAR,8
20250114,SYSTEMIC_BEAR,9
20250115,SYSTEMIC_BEAR,10
20250116,SYSTEMIC_BEAR,11
20250117,SYSTEMIC_BEAR,12
20250120,SYSTEMIC_BEAR,13
20250121,SYSTEMIC_BEAR,14
20250122,SYSTEMIC_BEAR,15
20250123,SYSTEMIC_BEAR,16
20250124,SYSTEMIC_BEAR,17
20250127,SYSTEMIC_BEAR,18
20250205,SYSTEMIC_BEAR,19
20250206,SYSTEMIC_BEAR,20
20250207,SYSTEMIC_BEAR,21
20250210,SYSTEMIC_BEAR,22
20250211,SYSTEMIC_BEAR,23
20250212,SYSTEMIC_BEAR,24
20250213,SYSTEMIC_BEAR,25
20250214,SIDEWAYS,1
20250217,SIDEWAYS_UP,1
20250218,SIDEWAYS_UP,2
20250219,SIDEWAYS,1
20250220,SIDEWAYS,2
20250221,SIDEWAYS_UP,1
20250224,SIDEWAYS_UP,2
20250225,SIDEWAYS_UP,3
20250226,SIDEWAYS,1
20250227,SIDEWAYS,2
20250228,SIDEWAYS,3
20250303,SIDEWAYS,4
20250304,SIDEWAYS,5
20250305,SIDEWAYS,6
20250306,SIDEWAYS,7
20250307,SIDEWAYS,8
20250310,SIDEWAYS,9
20250311,SIDEWAYS,10
20250312,SIDEWAYS,11
20250313,SIDEWAYS,12
20250314,SYSTEMIC_BULL,1
20250317,SIDEWAYS,1
20250318,SIDEWAYS,2
20250319,SIDEWAYS,3
20250320,SIDEWAYS,4
20250321,SIDEWAYS,5
20250324,SIDEWAYS,6
20250325,SIDEWAYS,7
20250326,SIDEWAYS,8
20250327,SIDEWAYS,9
20250328,SIDEWAYS,10
20250331,SIDEWAYS,11
20250401,SIDEWAYS,12
20250402,SIDEWAYS,13
20250403,SIDEWAYS,14
20250407,SYSTEMIC_BEAR,1
20250408,SYSTEMIC_BEAR,2
20250409,SYSTEMIC_BEAR,3
20250410,SYSTEMIC_BEAR,4
20250411,SYSTEMIC_BEAR,5
20250414,SYSTEMIC_BEAR,6
20250415,SYSTEMIC_BEAR,7
20250416,SYSTEMIC_BEAR,8
20250417,SYSTEMIC_BEAR,9
20250418,SYSTEMIC_BEAR,10
20250421,SYSTEMIC_BEAR,11
20250422,SYSTEMIC_BEAR,12
20250423,SYSTEMIC_BEAR,13
20250424,SYSTEMIC_BEAR,14
20250425,SYSTEMIC_BEAR,15
20250428,SYSTEMIC_BEAR,16
20250429,SYSTEMIC_BEAR,17
20250430,SYSTEMIC_BEAR,18
20250506,SYSTEMIC_BEAR,19
20250507,SYSTEMIC_BEAR,20
20250508,SYSTEMIC_BEAR,21
20250509,SYSTEMIC_BEAR,22
20250512,SYSTEMIC_BEAR,23
20250513,SYSTEMIC_BEAR,24
20250514,SIDEWAYS_UP,1
20250515,SIDEWAYS_UP,2
20250516,SIDEWAYS_UP,3
20250519,SIDEWAYS_UP,4
20250520,SIDEWAYS_UP,5
20250521,SIDEWAYS,1
20250522,SIDEWAYS,2
20250523,SIDEWAYS,3
20250526,SIDEWAYS,4
20250527,SIDEWAYS,5
20250528,SIDEWAYS,6
20250529,SIDEWAYS,7
20250530,SIDEWAYS,8
20250603,SIDEWAYS,9
20250604,SIDEWAYS,10
20250605,SIDEWAYS,11
20250606,SIDEWAYS,12
20250609,SIDEWAYS,13
20250610,SIDEWAYS,14
20250611,SIDEWAYS,15
20250612,SIDEWAYS,16
20250613,SIDEWAYS,17
20250616,SIDEWAYS,18
20250617,SIDEWAYS,19
20250618,SIDEWAYS,20
20250619,SIDEWAYS,21
20250620,SIDEWAYS,22
20250623,SIDEWAYS,23
20250624,SYSTEMIC_BULL,1
20250625,SYSTEMIC_BULL,2
20250626,SYSTEMIC_BULL,3
20250627,SYSTEMIC_BULL,4
20250630,SIDEWAYS,1
20250701,SIDEWAYS,2
20250702,SIDEWAYS,3
20250703,SIDEWAYS,4
20250704,SIDEWAYS,5
20250707,SIDEWAYS,6
20250708,SIDEWAYS,7
20250709,SIDEWAYS,8
20250710,SYSTEMIC_BULL,1
20250711,SYSTEMIC_BULL,2
20250714,SIDEWAYS,1
20250715,SYSTEMIC_BULL,1
20250716,SIDEWAYS,1
20250717,SIDEWAYS,2
20250718,SIDEWAYS,3
20250721,SIDEWAYS,4
20250722,SYSTEMIC_BULL,1
20250723,SYSTEMIC_BULL,2
20250724,SYSTEMIC_BULL,3
20250725,SYSTEMIC_BULL,4
20250728,SIDEWAYS,1
20250729,SYSTEMIC_BULL,1
20250730,SYSTEMIC_BULL,2
20250731,SYSTEMIC_BULL,3
20250801,SIDEWAYS,1
20250804,SIDEWAYS,2
20250805,SIDEWAYS,3
20250806,SIDEWAYS,4
20250807,SIDEWAYS,5
20250808,SIDEWAYS,6
20250811,SIDEWAYS,7
20250812,SIDEWAYS,8
20250813,SIDEWAYS,9
20250814,SYSTEMIC_BULL,1
20250815,SYSTEMIC_BULL,2
20250818,SYSTEMIC_BULL,3
20250819,SYSTEMIC_BULL,4
20250820,SYSTEMIC_BULL,5
20250821,SYSTEMIC_BULL,6
20250822,SYSTEMIC_BULL,7
20250825,SYSTEMIC_BULL,8
20250826,SYSTEMIC_BULL,9
20250827,SYSTEMIC_BULL,10
20250828,SYSTEMIC_BULL,11
20250829,SYSTEMIC_BULL,12
20250901,SYSTEMIC_BULL,13
20250902,SYSTEMIC_BULL,14
20250903,SIDEWAYS,1
20250904,SYSTEMIC_BULL,1
20250905,SIDEWAYS,1
20250908,SIDEWAYS,2
20250909,SIDEWAYS,3
20250910,SIDEWAYS,4
20250911,SIDEWAYS,5
20250912,SIDEWAYS,6
20250915,SIDEWAYS,7
20250916,SIDEWAYS,8
20250917,SIDEWAYS,9
20250918,SYSTEMIC_BULL,1
20250919,SIDEWAYS,1
20250922,SIDEWAYS,2
20250923,SIDEWAYS,3
20250924,SIDEWAYS,4
20250925,SIDEWAYS,5
20250926,SIDEWAYS,6
20250929,SIDEWAYS,7
20250930,SIDEWAYS,8
20251009,SYSTEMIC_BULL,1
20251010,SIDEWAYS,1
20251013,SIDEWAYS,2
20251014,SYSTEMIC_BULL,1
20251015,SIDEWAYS,1
20251016,SIDEWAYS,2
20251017,SIDEWAYS,3
20251020,SIDEWAYS,4
20251021,SIDEWAYS,5
20251022,SIDEWAYS,6
20251023,SIDEWAYS,7
20251024,SIDEWAYS,8
20251027,SIDEWAYS,9
20251028,SIDEWAYS,10
20251029,SIDEWAYS,11
20251030,SIDEWAYS,12
20251031,SIDEWAYS,13
20251103,SIDEWAYS,14
20251104,SIDEWAYS,15
20251105,SIDEWAYS,16
20251106,SIDEWAYS,17
20251107,SIDEWAYS,18
20251110,SIDEWAYS,19
20251111,SIDEWAYS,20
20251112,SIDEWAYS,21
20251113,SIDEWAYS,22
20251114,SIDEWAYS,23
20251117,SIDEWAYS,24
20251118,SIDEWAYS,25
20251119,SIDEWAYS,26
20251120,SIDEWAYS,27
20251121,SYSTEMIC_BEAR,1
20251124,SYSTEMIC_BEAR,2
20251125,SYSTEMIC_BEAR,3
20251126,SYSTEMIC_BEAR,4
20251127,SYSTEMIC_BEAR,5
20251128,SYSTEMIC_BEAR,6
20251201,SYSTEMIC_BEAR,7
20251202,SYSTEMIC_BEAR,8
20251203,SYSTEMIC_BEAR,9
20251204,SYSTEMIC_BEAR,10
20251205,SYSTEMIC_BEAR,11
20251208,SYSTEMIC_BEAR,12
20251209,SYSTEMIC_BEAR,13
20251210,SYSTEMIC_BEAR,14
20251211,SYSTEMIC_BEAR,15
20251212,SYSTEMIC_BEAR,16
20251215,SYSTEMIC_BEAR,17
20251216,SYSTEMIC_BEAR,18
20251217,SYSTEMIC_BEAR,19
20251218,SYSTEMIC_BEAR,20
20251219,SYSTEMIC_BEAR,21
20251222,SYSTEMIC_BEAR,22
20251223,SYSTEMIC_BEAR,23
20251224,SYSTEMIC_BEAR,24
20251225,SYSTEMIC_BEAR,25
20251226,SIDEWAYS,1
20251229,SIDEWAYS,2
20251230,SIDEWAYS,3
20251231,SIDEWAYS,4
20260105,SYSTEMIC_BULL,1
20260106,SYSTEMIC_BULL,2
20260107,SYSTEMIC_BULL,3
20260108,SYSTEMIC_BULL,4
20260109,SYSTEMIC_BULL,5
20260112,SYSTEMIC_BULL,6
20260113,SYSTEMIC_BULL,7
20260114,SYSTEMIC_BULL,8
20260115,SYSTEMIC_BULL,9
20260116,SYSTEMIC_BULL,10
20260119,SIDEWAYS,1
20260120,SIDEWAYS,2
20260121,SIDEWAYS,3
20260122,SIDEWAYS,4
20260123,SIDEWAYS,5
20260126,SIDEWAYS,6
20260127,SIDEWAYS,7
20260128,SIDEWAYS,8
20260129,SYSTEMIC_BULL,1
20260130,SIDEWAYS,1
20260202,SIDEWAYS,2
20260203,SIDEWAYS,3
20260204,SIDEWAYS,4
20260205,SIDEWAYS,5
20260206,SIDEWAYS,6
20260209,SIDEWAYS,7
20260210,SIDEWAYS,8
20260211,SIDEWAYS,9
20260212,SIDEWAYS,10
20260213,SIDEWAYS,11
20260224,SIDEWAYS,12
20260225,SIDEWAYS,13
20260226,SIDEWAYS,14
20260227,SIDEWAYS,15
20260302,SYSTEMIC_BULL,1
20260303,SIDEWAYS_DOWN,1
20260304,SYSTEMIC_BEAR,1
20260305,SYSTEMIC_BEAR,2
20260306,SYSTEMIC_BEAR,3
20260309,SYSTEMIC_BEAR,4
20260310,SYSTEMIC_BEAR,5
20260311,SYSTEMIC_BEAR,6
20260312,SYSTEMIC_BEAR,7
20260313,SYSTEMIC_BEAR,8
20260316,SYSTEMIC_BEAR,9
20260317,SYSTEMIC_BEAR,10
20260318,SYSTEMIC_BEAR,11
20260319,SYSTEMIC_BEAR,12
20260320,SYSTEMIC_BEAR,13
20260323,SYSTEMIC_BEAR,14
20260324,SYSTEMIC_BEAR,15
20260325,SYSTEMIC_BEAR,16
20260326,SYSTEMIC_BEAR,17
20260327,SYSTEMIC_BEAR,18
20260330,SYSTEMIC_BEAR,19
20260331,SYSTEMIC_BEAR,20
20260401,SYSTEMIC_BEAR,21
20260402,SYSTEMIC_BEAR,22
20260403,SYSTEMIC_BEAR,23
20260407,SYSTEMIC_BEAR,24
20260408,SYSTEMIC_BEAR,25
20260409,SYSTEMIC_BEAR,26
20260410,SYSTEMIC_BEAR,27
20260413,SYSTEMIC_BEAR,28
20260414,SIDEWAYS,1
20260415,SIDEWAYS,2
20260416,SIDEWAYS,3
20260417,SIDEWAYS,4
20260420,SIDEWAYS,5
20260421,SIDEWAYS,6
20260422,SIDEWAYS,7
20260423,SIDEWAYS_UP,1
